:020000048FE08B
:10000000971110009381018017411000130181683E
:04001000EF60A06796
:10004000B7078000FD170111B3F6A7001B57750114
:100050001BD87501ED8F4AE01378F80F1379F70F6D
:100060001397060222E8BB0609411B54F50106EC72
:100070001355D70126E4139707029BD5F501935733
:10008000D7011B8606006313B412635AC0066310BF
:10009000080485CF1B86F6FF0DE6AA971397570233
:1000A000635E070C05091307F00F6302E9263707A3
:1000B00000FC7D1793F6170005838583F98FD58F94
:1000C00075A81307F00F631BE900AA8745A813075B
:1000D000F00FE30CE9FE37070004D98FED46054722
:1000E00063CCC60093060004919EB396D70033D725
:1000F000C700B336D000558FB307A70045B721CE50
:10010000631209026301052093C6F6FF812681E68A
:10011000AA97428961B71307F00F631EE80013091D
:10012000F00FA9A81307F00FE30BE8FE3707000450
:10013000BB06D040598D6D460547634CD60013076A
:100140000004159F3317E5003356D5003337E00020
:10015000518FBA977DBF130719009376E70F9DEE75
:100160006319090201CDB5D3AA97139757026357B4
:100170000700370700FC7D17F98F054913F7770053
:100180006308071813F7F70091466303D718910720
:1001900041A251D563970710AA8751B79306F00F74
:1001A0006305D716AA9785833A89C9BF6350C006ED
:1001B0006316080499DB1B86F6FF01EEB307F540D2
:1001C00013975702E35C07FAB7040004FD14FD8C93
:1001D000C5A81307F00FE30AE9EEED46054763CC27
:1001E000C60093060004919EB396D70033D7C7008C
:1001F000B336D000558FB307E540D9B71307F00FDA
:10020000E305E9EC37070004D98FC1BF29CE63139A
:1002100009026305051493C6F6FF812689E6898FD6
:1002200042892E8471BF1307F00F631EE800130983
:10023000F00F35A21307F00FE30BE8FE37070004B9
:10024000BB06D040598D6D460547634CD600130759
:100250000004159F3317E5003356D5003337E0000F
:10026000518F998F75BF130719001377E70F21E39B
:100270006314090201E5E5E7014459A8E38707E4AF
:100280003307F54093165702898F63CA060CBA8765
:10029000E31607EE8147CDB7E31E05EE2E84E3900B
:1002A00007E80144B70700021309F00F95A0B30453
:1002B000F54013975402635D0702B384A7402E8470
:1002C0002685EF0030549B07B5FDB394F40063C559
:1002D00027033B852741052513070004099FB3D752
:1002E000A400B394E400B3349000C58F014979B5FC
:1002F000E1F88147014949B73309F940B70700FCE4
:10030000FD17E58FA5BD428995BD1309F00F814703
:1003100013975702635B070005091307F00F630289
:10032000E904370700FC7D17F98F1307F00F8D8361
:100330006316E90081C7B70740000144E260137704
:10034000F90F1B15F401A61742641B177701A5933B
:10035000D98FA26402695D8D0561828042892E84F5
:1003600031BD8147D9B7397126F49B5475014AF0E4
:100370004EEC52E81319950206FC22F856E493F469
:10038000F40F2E8A135999029B59F501ADC49307B6
:10039000F00F6381F4080E09B70700043369F90010
:1003A000938414F8814A9B577A0113149A0293F7A5
:1003B000F70F25901B5AFA01A5CB1307F00F6383A3
:1003C000E7080E0437070004598C938717F8014794
:1003D0009D8C93972A00D98FFD17B94633C54901E3
:1003E00063EBF60697860000938606138A07B69796
:1003F0009C43B6978287630609024A85EF009040C6
:100400009B0705009304A0FA1B05B5FD3319A9004D
:100410009D8C49BF9304F00F894AE30609F88D4A81
:1004200059B78144854A41B705C42285EF00903D04
:100430001B0705009307A0FA1B05B5FD3314A400A4
:10044000998F71B79307F00F094759D00D4749B7F6
:1004500081470547B5BFE94763748900FD14ED473F
:10046000B317F90033F78702B3D787023337E000B9
:100470003364F7001387F4076353E008937774003D
:1004800099C79377F40091466383D70011049317BB
:10049000440263D80700B70700F8FD177D8C138767
:1004A00004089307E00F63C1E70493573400E27038
:1004B0004274A6171B177701A593D98F1B15F50159
:1004C000A2740279E269426AA26A5D8D216182802A
:1004D0004E854A8456878D476305F706854763082E
:1004E000F7068947E318F7F881471307F00FC1B7FC
:1004F0005285D5B73704400001450D47E9BF854710
:100500003387E740ED4763C4E70493060004B3571D
:10051000E4003B87E6403314E40033348000C18FAD
:1005200013F7770019C713F7F70091466303D70055
:100530009107139757028D83635C07008147054736
:10054000BDB7B70740001307F00F01458DB78147CE
:100550000147B1BFB7078000FD1733F8A7001B564E
:100560007501ED8F9BD87501021882171376F60F6F
:100570009306F00F135808021B57F501819393F867
:10058000F80F9BD5F501631AD6000545631A0802DA
:1005900085466392C80289CB82806380D8028546F3
:1005A000631B16016319F80081466306B700854690
:1005B00019E2B33600013685828005458546E5DFC0
:1005C0008280B7078000FD17B3F6A7001B567501A0
:1005D000ED8F82161B57F50182171BD57501137617
:1005E000F60F1308F00F819281931375F50F9BD5C9
:1005F000F5016313060195E61308F00F6313050177
:100600008DE315EA0DE18DEA95C7054585E57D5534
:100610008280E34CA6FE63EDD700014563FCF60043
:10062000EDB779558280F5D26399E500E353C5FEB5
:100630007D5591C582806DF9E5FB7D5565FF0545CA
:100640008280B7078000FD17B3F6A7001B5675011F
:10065000ED8F82161B57F50182171BD57501137696
:10066000F60F1308F00F819281931375F50F9BD548
:10067000F5016313060195E61308F00F63130501F6
:100680008DE315EA0DE18DEA95C7054585E57D55B4
:100690008280E34CA6FE63EDD700014563FCF600C3
:1006A000EDB709458280F5D26399E500E353C5FEB5
:1006B0007D5591C582806DF9E5FB7D5565FF05454A
:1006C000828039714AF01B59750126F44EEC56E4CC
:1006D0009314950206FC22F852E81379F90FAE8ABA
:1006E000A5909B59F501630809089307F00F630370
:1006F000F90A8E04B7070004DD8C130919F8014AC2
:100700009BD77A0113949A0293F7F70F25909BDAFF
:10071000FA01D1CB1307F00F6385E70A0E04370700
:100720000004598C938717F801473E9993172A00C4
:10073000D98FA9461306190063C4F6128946B3C9B6
:10074000590163C9F608FD17854663F2F60AB384BA
:10075000840293D7A4019A14B334900013974702EC
:1007600033E49700635707009357140005885D8CA6
:1007700032894A8671A08DC42685EF00B0089B0798
:1007800005001309A0FA1B05B5FDB394A4003309B5
:10079000F940B5B71309F00F094ABDD00D4A8DB71E
:1007A0000149054AB1BF05C42285EF00B0051B070A
:1007B00005009307A0FA1B05B5FD3314A400998F1B
:1007C000A5B79307F00F09472DD00D47B9BF814753
:1007D0000547A1BF8546B397F60093F60753D9E6C0
:1007E00093F60724F9EA93F78708B5D3D6898947A2
:1007F0006301F70C8D476302F70C85476305F70C1F
:100800001307F6076357E0069377740099C7937749
:10081000F40091466383D70011049317440263D810
:100820000700B70700F8FD177D8C1307060893072C
:10083000E00F63C0E70893573400E27042741395E9
:1008400097021B17770125919B99F901598DA27485
:100850000279426AA26A33653501E26921618280C8
:10086000BD46638CD704AD46E382D7F82684528711
:10087000BDBF8546998EED4763C7D70413070004B3
:10088000159F3317E4003337E000B357D400D98FF6
:1008900013F7770019C713F7F70091466303D700E2
:1008A0009107139757028D836350070281470547CD
:1008B00069B781471307F00F49B7B707400013071F
:1008C000F00F81499DBF8147014785BFB707800071
:1008D000FD1733F7A70093160702ED8F01111BD602
:1008E00075011B58750113D7D6019396070222E8AC
:1008F00026E41378F80F93D7D60106EC4AE0137676
:10090000F60F9306F00F42849B54F5019BD5F50139
:100910006313D60099E393C51500BB06C8401B8539
:10092000060063969512635AA0061DEE85CF1B85BF
:10093000F6FF0DE5BA97139757026351070E0504AA
:100940001307F00F630BE426370700FC7D1793F6BF
:10095000170005838583F98FD58FC9A09306F00F03
:10096000631BD800BA875DA89306F00FE30CD8FE8E
:10097000B7060004D58F6D468546634DA6009306E5
:100980000004899E33D6A700B397D700B337F00091
:10099000B366F600B387E60079BF31CD6312080273
:1009A0006309072093C6F6FF812681E6BA97328451
:1009B00059B79305F00F631EB6001304F00FB9A8E2
:1009C0009305F00FE30BB6FEB7050004BB06D0405D
:1009D0004D8F6D458545634ED50093050004335515
:1009E000D700BB86D5403317D7003337E000B36557
:1009F000E500AE976DBF9306180013F6E60F1DEEE7
:100A00006319080201CFB9DFBA97139757026357EA
:100A10000700370700FC7D17F98F054413F77700AF
:100A2000630E071813F7F70091466309D71891076B
:100A300071A241D7639B0710BA8741B71306F00F25
:100A4000638BC6163E97935717003684C1BF635118
:100A5000A00639E681DB1B85F6FF09EDB307F740F9
:100A600013975702E35C07FA370900047D1933F93D
:100A70002701DDA89306F00FE306D8EE6D46854604
:100A8000634DA60093060004899E33D6A700B39752
:100A9000D700B337F000B366F600B307D740C9B745
:100AA0009306F00FE300D8ECB7060004D58FF9B732
:100AB00039CD631308026309071493C6F6FF812634
:100AC00089E6998F3284AE8461BF1305F00F631EEF
:100AD000A6001304F00F15AA1305F00FE30BA6FEF2
:100AE00037050004BB06D040498F6D480545634E6D
:100AF000D800130500043358D700BB06D540331780
:100B0000D7003337E0003365E800898F65BF93066F
:100B1000180093F6E60FA1E26314080201E7F5E777
:100B2000814469A8E38007E4B306F74013965602B0
:100B3000998F634C060CB687E39206EE8147CDB7DA
:100B4000E31A07EEAE84E39A07E68144B707000292
:100B50001304F00FA5A03309F7409316590263DE82
:100B600006023389E740AE844A85EF00A0499B071F
:100B7000B5FD3319F90063C787023B85874005251A
:100B800013070004099FB357A9003319E90033394B
:100B90002001B3E72701014451B5E31709FC814760
:100BA0000144BDBF1D8CB70700FCFD17B377F900EA
:100BB000B5B53284A5B51304F00F814713975702DA
:100BC000635B070005041307F00F6302E4043707B3
:100BD00000FC7D17F98F1307F00F8D836316E40077
:100BE00081C7B707400081441374F40FA6171B1484
:100BF0007401A593E260C18F42641B95F401026900
:100C0000A2645D8D056182803284AE8401BD81471E
:100C1000D9B7370680009307F6FF9B567501E98F19
:100C200093F6F60F9305E00781271B57F50163D56F
:100C3000D5049305D00963D7D500370500807D35ED
:100C4000399D8280139507020191518D1306500939
:100C50009B870600635AD6009B87A7F63B15F500D5
:100C600009CF3B05A040828093066009BB87F64010
:100C70003355F5000125EDB701458280B7058000A9
:100C80001387F5FF9B567501698F93F6F60F1306D0
:100C9000E00701279B57F5016354D60413C61700DC
:100CA0001306E60963D3C602014585EF02170193D7
:100CB0003365B700130750099B870600635AD700B6
:100CC0009B87A7F63B15F50082801B85F7FF828086
:100CD00013076009BB07F7403355F50001258280F3
:100CE00001458280011106EC22E826E44AE04DCD60
:100CF0009B0405001359F50363540500BB049040A1
:100D00001394040201902285EF00C02F9307E00B9B
:100D1000899F130760096346F7026386E7001B0596
:100D200085FD3314A40026149B97770125905D8CD4
:100D30001B15F901E260418D4264A26402690561FC
:100D40008280130790096350F70213075002099F2E
:100D50009B06B5FF3BD7E400BB94D400B3349000AE
:100D6000458F9B040700821413079009819063D676
:100D7000E7001B05B5FDB394A400370400FC7D1407
:100D800013F77400658C11C7BD8811476383E400B5
:100D900011041317540263570700370700FC7D172F
:100DA000798C85070D8041B7014481470149A5BF72
:100DB000011106EC22E826E455C113140502019046
:100DC000AA842285EF0000249307E00B899F130774
:100DD00060096342F7026386E7001B0585FD331453
:100DE000A400261425901B957701E260418D426492
:100DF000A26405618280130790096350F7021B0704
:100E0000B5FF930650023B97E400899EBBD4D40003
:100E10003337E000458F9B040700821413079009C5
:100E2000819063D6E7001B05B5FDB394A400370499
:100E300000FC7D1413F77400658C11C7BD88114741
:100E40006383E40011041317540263570700370744
:100E500000FC7D17798C85070D8061B701448147BF
:100E600049B7370680009307F6FF9B567501E98F57
:100E700093F6F60F9305E00781271B57F50163D31F
:100E8000D5049305D00B63D6D5007D5505813A95E1
:100E90008280139507020191518D130650099B879B
:100EA0000600635AD6009B87A7F63315F50001CFDD
:100EB0003305A040828093066009BB87F640335516
:100EC000F500F5B701458280B70580001387F5FF6F
:100ED0009B567501698F93F6F60F1306E0070127FD
:100EE0009B57F5016352D60413C617001306E60B91
:100EF0001385F7FF63DBC602014585EB02170193FB
:100F00003365B700130750099B8706006357D70066
:100F10009B87A7F63315F500828013076009BB078E
:100F2000F7403355F5008280014582801357450311
:100F30001377F77F130617009317C5001376E67F24
:100F400093D6C7007D91A58329C6130707C813064A
:100F5000E00F634CE6046348E002A5566349D708F6
:100F60008546DE16D58FF946999E1B072702B3D614
:100F7000D700B397E700B337F000D58F014793F65A
:100F800077009DC6BDA09A16F583B336D000D58FE5
:100F9000FDB701E7B337F000DDB71307F00F89CBDA
:100FA000F583E19BB7060002DDB781471307F00F19
:100FB0009396570263DB060005079306F00F630163
:100FC000D704B70600FCFD16F58F9306F00F8D834E
:100FD0006316D70081C7B707400001451377F70FA5
:100FE0001B177701D98F1B15F5015D8D8280854711
:100FF000014793F6F7001146E38CC6FA91074DBFFF
:101000008147E1B7935785038DEB93078003E11781
:1010100091C73357F5001377F70F75DB13070004FB
:101020001D8F3355F500977700009387A752AA9735
:1010300003C507003B05A740828093078003F9BFE3
:10104000597101436EE419A0597105436AE866ECD1
:1010500019A05971094362F05EF419A059710D434A
:101060005AF856FC19A059711143D2E0CEE419A0E8
:1010700059711543CAE8A6ECA2F086F412031A913E
:101080008282411122E006E48282A26D4101026D5A
:10109000A26C4101026CA26B4101026BA26A410188
:1010A000026AA26941010269A26441010264A2606C
:1010B00041018280011106EC22E826E44AE0EF506B
:1010C0005002EF302016EF20A04DEF40505823B4CF
:1010D000018423A801847360043083C701A99BD7CE
:1010E000470013848185858B99642300F4001309DC
:1010F0004006938444468347040023BC018423B004
:1011000001862300F40023860180A38501802385C6
:101110000180A384018023A40186A3032401231456
:10112000940023BC018223A0018497F70F00238F32
:1011300007ECEF50B014EF000058EF10004EEF1026
:101140004071EF30903CEF40A020EF302032EF2094
:10115000203DEF30D004EF00E058EF408042EF1028
:10116000106351BF797122F026EC4AE84EE406F490
:10117000938981A483C78904AA842E8493F70702E4
:101180001389818589CB034709009307000263090E
:10119000F700EF30D06A0347090089476304F7047A
:1011A000EF10103D8347190095EFEF30E03701C590
:1011B000EF10A071F5B7A2852685EF30C04A1DE17A
:1011C00083C78904898B99CF83478400C18B99CBCE
:1011D0004C400274A270E2644269A26941454561D3
:1011E0006F106062A2700274E2644269A269456194
:1011F00082807171E6EC939C2700B30796013EF064
:10120000B3879601DEF43EF483AB0700B307960183
:1012100026EDAE848C43EAE8428D0A0D4AE952E19C
:1012200036892A8A5E8506F53AC246E822F14EE5FD
:10123000D6FCDAF8B28AE2F0EEE46A99EFE05FE019
:10124000B387AA01032B09008C432AC45A853EF8B0
:10125000D29CEFE0FFDEA2452AC603A50C00B7072B
:101260000080B3CBFB00334BFB00529DEFF00FE649
:10127000B245AA8C03250D005E84034C010BEFF0F0
:10128000EFE42A8DE6855E85EFF0AFC3AA8DEA858F
:101290005A85EFF00FC3AA856E85EFE07FDAAA8D3D
:1012A000EA855E85EFF0EFC1AA8BE6855A85EFF0FF
:1012B0004FC1AA855E85EFF06FE1EE85EF50106AB1
:1012C000DA892A8B630B0C089785000083A505D06B
:1012D000EFF02FAF634A05009785000083A545CF47
:1012E0005A85EFF0AFDE2A8B924583AB41A82E855D
:1012F000EFE01FD5DE85EFF06FDDDE85EFF06FBC30
:10130000EF50B058AA8B9785000083A5E5CC5A858D
:10131000EFF02FBB9245EFF0CFBA0615DE850591B1
:10132000EFF06F84EF60400EEFF05F95131D050343
:10133000135D0D0363130D040A74AA704A69AA6948
:10134000E67A467BA67B067CE66C466DA66DA68596
:101350005285EA640A6A4D6131B59785000083A51C
:1013600065C7EFF00FAEE341A0F89785000083A5B5
:1013700025C65A85EFE0DFCCBDB783CC84006A85F3
:10138000EFF05F9693F78C002A8C91CBAA8588406A
:1013900093FC7CFFEFF0EFB288C023849401E285D8
:1013A0005A85EFE05FFCC2672AC2012D8A07B38C21
:1013B000FA00D297884383A50C00938D8185EFF0C6
:1013C000EFD0E285EFE03FFA92452ADE2E85EFF07E
:1013D0004FAFAA8517850000032545C0EFF00FCF5A
:1013E0002A8B12459785000083A585BFEFF06FAD6E
:1013F0002A8C9785000083A5E5BE5A85EFE05FC47F
:10140000AA856285EFF0EFAB2AC89785000083A517
:10141000A5BC5A85EFF0EFAA2ADC054B014C9317C7
:101420000B03C193E3FAA7F1B147630CFC08C24573
:101430002285052CEFF0EFA8E255AA8B4E85EFF040
:101440004FA8AA855E85EFE0BFBFE255AA8B228533
:10145000EFF02FA7C2452A844E85EFF08FA6AA850C
:101460002285EFF0AFC62A84137CFC0FDE89A245EB
:101470002285052BEFE0DFBC8277B24588C34E851D
:10148000EFE01FBCC277F25588C303A50C00EFE064
:101490003FBB23A0AC00A6855685EFF0BFCC83C729
:1014A0001D00B5DFAA700A74EA644A69AA690A6A6B
:1014B000E67A467BA67B067CE66C466DA66D4D61A2
:1014C00082805A85EFF01F829245EFF08F9F2A8429
:1014D000EF50D06CAA892285EF60C02FA277370722
:1014E0000080AA8B9C43032C0900CE85B98F3EEC6B
:1014F0006245EFF00F9D2A84DE856285EFF06F9CD8
:10150000AA852285EFE0DFB32A846245DE85EFF00D
:101510004F9BCE85AA8B6285EFF0AF9AAA855E8538
:10152000EFF0CFBAAA89014C99B7011106EC2AC68F
:1015300003C781858947630AF700EF10703D324584
:10154000E260814505616F30805FE2600561828005
:10155000411106E4EF30E07A1145EF30F0060D4519
:10156000EF309006EF10D00083C7918589EBEF0034
:101570006017EF30C042A26041016F300079A26075
:1015800041018280797122F006F426EC4AE84EE4AB
:10159000138481850347040089476301F70C2A8976
:1015A000AE89B284EF10D036834714009DE31BD57B
:1015B00034000589A38E0184EF301057EF30505C62
:1015C0000DC11145EF40505CEF10807A0145EF30BE
:1015D000B0550945A2700274E2644269A26945618E
:1015E00082804A85CE85EFF0FFB71389C180854799
:1015F00009452300F900EF401021EF106077834781
:101600001400E1FB83470400EDFB03470900854715
:101610006313F704C18885CC314693858184138593
:101620008183EF50101A014523860180EF30D04F9F
:10163000EF100074EF10D06EEF205063EF302036C3
:10164000EF40C011034554003335A00061B7154584
:10165000EF409053C9BFA302F400F1B701459DBF0D
:1016600083C7B180C18BB9E74111414506E4EF4022
:101670009019EF00F078EF10401C9387818503C725
:10168000070083C747009376C702998BD58F85C320
:101690009147631AF70083C7A180194591C7A260DB
:1016A00041016F1050310D45EF40104ECDBFA2608B
:1016B00041018280828041118145130640041385D7
:1016C000018B06E4EF5050119385818D0145EF2089
:1016D000700D11E5A2601D4541016F30D059A26027
:1016E00041018280938581841385C18C6F4090086D
:1016F0001571A2E9138401872AE8130600048145C5
:10170000228586EDA6E5CAE14EFD52F956F55AF15D
:101710005EED62E966E56AE1EEFCEF50F00B2D4606
:101720009385018B13851187EF50B009C26703C7FA
:101730000700930740026319F7448547A300F400AC
:10174000238901868D47854AA305F1040149014C8F
:10175000814C814B014B8549977D0000938D0D2F66
:10176000B1AC1B07FAFB1377F70FE54663F4E6000D
:101770006F00306442658527F0009305B104A3052E
:10178000F104EF30402619E16F001063364D6A8591
:10179000EF60A0112ACCEFF06FCE9374F50F268581
:1017A000EFF04FD4AA856A85EFF04F92978700003B
:1017B000938787838C43EFE0DFF0EF60A008EFF0C2
:1017C000EFCB42159307700441916303FA0293062D
:1017D000D0046301DA261B0AAAFB137AFA0FD1465A
:1017E00063E046090A0A6E9A83260A00EE9682860C
:1017F0009307D00363E8970613075002636F9700BF
:101800007947636F97042547636997020D476366BD
:101810009704E3160B5A094B95A01B87A4FD137779
:10182000F70FDD4663EEE6029776000093864627C3
:101830000A0736971843369702871B8764FF13778A
:10184000F70FD14663EEE600977600009386462BAD
:101850000A07369718433697028711476384E40ACC
:10186000D149ADA81307B005636697041307900527
:10187000636C970C13070005E394E4FEA300940047
:101880009306600205476399D40493072003E3E9B4
:10189000A7FCB707104093871740D207B3D7A7001C
:1018A000858BDDDFA947BB57F5029B87A7F8A3000F
:1018B000F400ADA81307C0056382E4041B8734FA63
:1018C0001377F70F8546E3EDE6F81307E005BB074E
:1018D00097402301F400154731C9DD49EE604E649D
:1018E000AE640E694A7AAA7A0A7BEA6B4A6CAA6CE1
:1018F0000A6DE67D4E85EA792D61828001E5E3106F
:101900000B4C054B2300940013F7D40FF1466307EB
:10191000D7009306C0050147E390D4FC01C52947D1
:10192000E310E5F4259D2300A40001479B07070071
:101930003B57EC40058B3DCBD5494DB79B87F4FE1B
:10194000A302F400094749BF19E59B8764FA230203
:10195000F4000D47E1BF2947E314E5F01307A005A4
:10196000E380E4F01147D9B75547BB079740A3017F
:10197000F400194795B7E3140B441307100363866B
:10198000E400A947E31EF5EC054B2303640121475E
:101990000D4B69BF9B87A4FCA303F40025472DBF13
:1019A000E31005EC294759B71D473DB7BB97F90030
:1019B000B367FC00139C0703135C0C038347B1045B
:1019C00042673E97034A0700E31D0AD863850B0070
:1019D00063130B00094B9377090289CB1850B79713
:1019E000980093870768ED49E3CAE7EE63810A1A16
:1019F000937719006381071C034734008547631AF6
:101A0000F70048449775000083A5855EEFE07FCB23
:101A100048C49377091081E783A7C18B5CD403473F
:101A200004009147631DF71A937709046394071A1A
:101A3000F1496DB5E31305EAA54663EC96021D472F
:101A400063629706894663FC96021B87D4FF13776F
:101A5000F70FE3E7E6E09146130700026387D4003F
:101A60001387B4FF3337E00012072305E400B147C2
:101A700021A87947E396E4DE2304940029A099CCB9
:101A80000547E39BE4FEAD471B870700BB57FC40BF
:101A9000858BE39307EABB97E90019BF8D472304C1
:101AA000F400D5B701476386D40003479400136759
:101AB0000704A304E400B547C1BF2326A40181475E
:101AC0001B8A0700BB57F940858BE39107309307CA
:101AD0001036BBD74741858B81CB930500006A85C3
:101AE000EFE03FB6E347052E3B9A4901336A4901CF
:101AF00013190A0313590903D1B52328A40193EC40
:101B00001C00854775BF232AA40193EC2C0089474C
:101B100045BF232CA40193EC4C008D4755B7230EF1
:101B20009400914771BF6245EFF0AF8E08D09547A2
:101B300041BF2322A403994761B72324A4039D47EF
:101B400041B72326A403A147A5BF9775000083A52D
:101B5000E5496A85EFE0FFA6E346A0262308940244
:101B6000A547B9BF232AA40393EB1B00A94789BF4C
:101B7000232CA40393EB2B00AD4799B7232EA4038A
:101B800093EB4B00B1472DBF8147814A75BE034798
:101B9000240085476313F7028947E31CFBE683476C
:101BA000140013070005E386E7E6E38407E693776E
:101BB0001900E39007E6D94915B39387018B03C752
:101BC0001700E31807E413771900E31707E29C4BAB
:101BD0005CC481B51379F9FB421913590903834D8C
:101BE000540063850D0885476387FD08894702F81F
:101BF0003EF0854D0347340085476303F7088D4762
:101C0000631CFB000347640085476317F700914797
:101C100093095002E394FBCC9384018B9C74BEE83F
:101C20009C58BECC93770C20C1EB83490400294714
:101C30006385E90A1307C0056386E91E0D47631231
:101C4000EB2479476384E92C130750036386E92E5C
:101C50007147639FE912938501881945EF2080340D
:101C60003DC963990B2A014A014B1DA289473EF8E1
:101C700085473EF041B785473EF802F0894D9DBF4C
:101C80009389018781449775000083A565360D4DC2
:101C9000BBD79B40858B81CF03A54903EFE07FA293
:101CA000977700009387C7348C4323AAA902852421
:101CB0009109E39FA4FDA1B703457400994763F41C
:101CC000A700F54921B983C76400E380A7F68C0813
:101CD000EF20402D39F99D4911B163940B00E9497A
:101CE000F5BE93770905E38507D44850EF50F03BE4
:101CF000EFE0DFF81375F50F9947E3E4A7FC83479E
:101D0000C40151476389E7000947E39BE7B4937730
:101D10000908E39707B4630205107D35137AF50FC0
:101D2000938501885285EF20E02755D58347C4016C
:101D300013870187138D018B3EE881493BD63B41D8
:101D4000058A05CEC267D146505B639BD70C8325BD
:101D50004D030325CD013AEC32D4EFE03FB72256D4
:101D6000B285EFE0BFB66267094608CB6397C9004A
:101D7000AC40EFE0BFB5626708CC85298D471107FD
:101D8000110DE39DF9FA1379F9FA42191359090370
:101D900083491400930700056397F91AFD49E39FEF
:101DA0000BB293F91A00638F09481379E9FD4219C0
:101DB0001359090363070B00F9779387F73F3379CA
:101DC000F900E31B090082F082D463800948137C88
:101DD0006CFBC149E3140CB08347040013075003A4
:101DE0006384E700E39C07AEDC4403C7840093856B
:101DF0000187BED283C794008810D98F2304F106CF
:101E0000EF300029AA89E31B05AC31469385418A4E
:101E10001385C18CEF50E01AD1B4034A740009B79E
:101E200010CBA1BFE38D0BEA9386018B138D018745
:101E30009C088149BBD53B418589A1C18C43C84ED3
:101E40003EEC36E8EFE09FA883254D03EFE01FA8A6
:101E5000232AAD020947C266E2676398E900AC40F5
:101E6000EFE0DFA6C266E26748DC85290D479106F0
:101E7000110D9107E390E9FC21BFCC5A232ABD0242
:101E8000EDB7E3800BDC9C081386018B1387018779
:101E90003EE8014DBBD5AB41858989ED4C4E4CDB0D
:101EA000C267052D110691073EE88D471107E31320
:101EB000FDFE41BB93075003E384F9FE5C5B834561
:101EC00044003ECC95E9C2674C5A3AFC884332F450
:101ED000EFE00F97E245EFE0AF966277AA852276B2
:101EE00048DB0945E31EADFAA8403AECEFE04F9518
:101EF0006267227648DC6DB7E245484E3AF432EC30
:101F0000EFE00F942277626648DB59BF9385018822
:101F10001D45A9B39386018B1387018781478D45A2
:101F20003BD6FB40058A19E2D04E10CB852791069F
:101F30001107E397B7FEA9BD034714008547F94988
:101F4000E3F8E7E461BA8947E31DFBE4639609001F
:101F5000333B7001060BB1B5484493050000EFE038
:101F60006FDFE30A05C48D476389F90063E737092A
:101F70008547E38FF9FC93EA4A00E3820BD6825748
:101F8000827605473EF4BB17B7013B17D700D98FC0
:101F9000812733F777013EFC1B8D0D00930900026A
:101FA000E30E079213078D0093064D000A078A0679
:101FB0002297A696CC46484BEFE05F91A2772AC8BD
:101FC00013878700938647000A078A062297A696FA
:101FD000484BCC46EFE09F8F2ACC13770908E27775
:101FE000630E071631469385418A1385C18CEF40F5
:101FF000B07F21ED93091002D5B09307E008638EFE
:10200000F90063E137059307C0086388F900930777
:10201000D008E398F9D893EA0A019B89290793F934
:10202000F90F854763E4370193EA8A00E3890BCA15
:1020300031469385418A1385C18CEF40F07AE312D3
:1020400005D64DBF9307F008E9B70347340085472D
:10205000631AF70008549775000083A565F9EFE04F
:102060004FE608D4832984029775000083A585F77D
:102070004E85EFE00FE5CE85EFE0AFE4C245AA89DB
:102080002E85EFE00FE4AA854E85EFE03F84E24520
:10209000AA892E85EFE0EFE2AA854E85EFE01F8347
:1020A00093050000AA8CEFE0CFD993092002E34703
:1020B00005826685EF40707DAA89E2454245B70CEE
:1020C0000080EF203031AA8533C59901EFE0AFA938
:1020D000034714008D47AA896315F700B3CC990113
:1020E000E689832C8402930500006685EFE06FD5B6
:1020F000635A0500B7070080B3CCFC00B3C9F900F0
:1021000023249403E2454E85931C2D00EFE06FDB02
:10211000AA854245A29C1379F9F7EFE02FFB97754A
:10212000000083A565EBEFE0CFD9A277C24523A8D5
:10213000AC004E85939C2700EFE0AFD8E2454219F2
:10214000A29CEFD0FFEF9775000083A5E5E8EFE0D4
:102150004FD71359090323A8AC00A1B1B3F79701D6
:102160009B860C0093093002638A07F6034734000C
:10217000137919FF42198547135909036305F708B5
:10218000A27762450A0D8A07B309F40083A5090105
:10219000229DEFE0AFF383250D01AA8C4245EFE0CD
:1021A000EFF2E685EF20102383A50901AA8C032511
:1021B0000D01EF203022AA8508D4AA896685EFE0B8
:1021C000EFF00615935C15029775000083A585E274
:1021D0006685EFE00FBFE356A0BC9775000083A5AE
:1021E000A5DF6685EFE0EFBDE346A0E09775000050
:1021F00083A585E04E85EFE0CFCCE685EFE06FC4A8
:10220000E35105BAC5BB938C0187814997750000DE
:1022100083A505DE0D47BBD73641858B99CF03A536
:102220000C0136FCEFE0EFC997770000938747DC9D
:10223000E2768C4323A8AC000D478529910CE39CE2
:10224000E9FC3DBF1379E9CD9DB683C701A9898B10
:1022500095C3834714000947FD3793F7F70F63745D
:10226000F70093EA0A04638F0B1A8947631CFB1A71
:1022700093EA0A081C509CCC83472400A380F400F6
:1022800081C7A1472304F1065C444C54C8449CC850
:102290002EC8BED0EFE00FACC24513F90A0401E529
:1022A00093F70A0295C303C5940009CD9B978A0151
:1022B0009BD7874163C807006304090093050000AA
:1022C000EF0060545C54DCC463140900DC44BED2EB
:1022D000834704030345A400238AF40083C79400C2
:1022E0006389A7009655EF0000528347A400A3849A
:1022F000F4008347810603C7940003459400D98FF7
:102300002304F10683C784006388A700EF00C05947
:10231000834794002384F4008347810603C7840025
:10232000D98F034704002304F10691476315F70092
:102330004850EFF08F9F834754002382F400834777
:1023400034002381F4008D476315FB02834764004A
:10235000A382F40081E7930700005CDC0329C40337
:10236000A840CA85EFE00F9F09C523A02405EF30E0
:10237000B03C8347740003C76400630AF7002383FB
:10238000F400C6679CF4E6479CD8EF30F03A8347E8
:10239000440013076002A381F400834704006384B0
:1023A000E7126368F70A13F7D70FF1466303D70EF6
:1023B00029476380E70C8347140013070005238037
:1023C000F4006384E70209476311EB020549639156
:1023D00027138C101385418AEFE0DFD831469385AF
:1023E000418A1385C18CEF40D03D83478400A3838D
:1023F000F400638507CEEF00B05183C674000D472B
:10240000938781856399E61403C7070089476307AB
:10241000F7002145EF30303FEF009015A38B018A84
:102420006FF0CFCB03C79400C147E315F7E483C730
:102430000400894613F70A04FD3793F7F70F63E7A3
:10244000F600E30907E293EA0A022DB5E31407E276
:10245000DDBF1307C005638EE706130760066382BE
:10246000E70813078002E398E7F49385C18C1D45C4
:10247000B1A8938501885285EF10101D83C76400B1
:10248000E39B47F31C689CF41C4C9CD8EF30D02A8B
:102490001DB78347810693E717002304F1066307FE
:1024A0000B008C101385418AEFE0DFCB8C10138575
:1024B0000188EFE03FCB3146938501881385C18CBD
:1024C000EF403030CDBD9385C18C1945EF10D0174A
:1024D000DDB531469385418A1385418EEF40702EDC
:1024E00075B723A2018E23A4018E23A6018E79BF86
:1024F00081EB8347810693E717002304F106D1BDE2
:10250000F93793F7F70F6365F9029BDA2A0093FA1C
:102510001A0056E0C27802781854EE879386018834
:102520001386C18C8C101385418AEFE09FCC7DB55A
:102530008347810656868C1093E747001385418AAE
:102540002304F106EFF00F84E30A05E8E31F25E911
:10255000EFF04F9959BD238A018AA389018A054763
:102560002390E400238B018A239C018A13074006F1
:10257000A383E7001967130747462394E70003C7BF
:10258000070089476303F7029385818D0145EF10AA
:102590007021630205F4EF30301A01459305000005
:1025A000EF00E01E0145EF00602C2145EF20907206
:1025B000B5B585496FF08FB289496FF02FB2E14907
:1025C0006FF0CFB1930960026FF04FB1E5496FF042
:1025D000EFB091496FF08FB0930940026FF00FB0E8
:1025E000B70706039387070D9C430145858B81CB75
:1025F000B7170203884311893335A000050582808F
:10260000B7070603F843799BF8C3B7070603938718
:10261000070D9843799B98C38280411106E422E01C
:102620007327003073700430371402035C401104C8
:1026300093E787001CC073100730EF30507B73277F
:102640000030737004301C4093E747001CC07310C7
:102650000730938781A4EC43A843EFE02FA7AA8516
:102660001775000003258599EFD0FFCF0264A260A3
:1026700023A8A180410169B797E70F0083A7879836
:10268000BB87A702370706031CC3B7070603F84733
:1026900013671700F8C7B707060301EDF843799BE6
:1026A000F8C3B70706039387070D9843799B98C330
:1026B00082809387070D98431367170098C3B70765
:1026C0000603F84313671700F8C382807971938774
:1026D00081A44AE84EE403A9470483A9070422F031
:1026E00026EC06F452E02A8493848185CE854A85BF
:1026F00003CA9400EFD0FFEC635505025285EFE06A
:102700006FDE9775000083A5A58FEFD09FFBA28594
:10271000EFD03FFB2A84AA854E85EFD09FF2634E0F
:10272000A00023A834011305F00FA2700274E26424
:102730004269A269026A45618280A2854A85EFD01A
:102740005FE863400502930500002285EFD09FE01B
:1027500009E5930700009CC8C9BF23A824010545CB
:10276000E9B7CA8580C82285EFE04F9683A501812D
:10277000EFD03FF5EF4050499775000083A585885D
:10278000EFD01F8CEFE08FCF1375F50F79BF138754
:10279000818583461700BDE6411106E4AA8719E941
:1027A000930700001CCBEFF0BFE5A260A381018678
:1027B0004101828041472E85639CE70273260030E9
:1027C00073700430B716020398426D9B98C2731061
:1027D000063003C701A9098B19C7130700026394C8
:1027E000E70013050000EFF07FEEEFF0FFE875BFA4
:1027F0007326003073700430B716020398421367D3
:102800004700E9B78280011106EC2AE42EC203C713
:10281000818589476309F700EF00900F9245226593
:10282000E2600561ADB7E26005618280B71702031F
:1028300088430A05137505048280F32600307370FF
:102840000430371702031C43BD9B1CC37390063032
:102850008280F326003073700430B7170203D84328
:1028600013670701D8C373900630C1BF83C7918532
:1028700095E31375050405C1F32600307370043029
:10288000371702031C4393E707011CC373900630FC
:10289000A38101868280F3260030737004303717DD
:1028A00002031C43BD9BD5B7011106EC2AE403C704
:1028B000818589476308F700EF0090052265E26093
:1028C00005616DB7E26005618280411106E4EF1099
:1028D000504011C5A260094541016F30C072A2602D
:1028E00041018280797122F026EC4AE806F44EE438
:1028F00083C4A180138481851389B18091CC2685FE
:10290000FD34854993F4F40F23003401EF20D039CE
:1029100063F79902EF3070288347090093F4F70FAB
:102920006389071E93F7040195C78547A300F40048
:10293000A2700274E2644269A26945618280054521
:10294000EF2050394145EF30702283470900C18B99
:10295000EDDFC9B793F7140091C7EF304017054575
:10296000EF30D02093F7840E638207108347040072
:102970001B9984011B59894113F7370079E393F7B9
:10298000870295CB034724009307F00363E5E70232
:10299000EF0010450347040089472302F400930722
:1029A0000002631AF700634809008347240093E795
:1029B00007F82301F4008347040081E7054723015A
:1029C000E40013F7040411CB13F7070219E70347D8
:1029D0002400136707042301E40013F7840019C7D8
:1029E0007D476365F700C1472300F40093F70402B5
:1029F000A9CB1945EF20102E834724001B97870190
:102A00001B578741634907020347040093060004EC
:102A1000631FD70013F7870011C78D9B93E727002B
:102A20002301F400930700042300F40029A0930776
:102A30000008E319F7FE8347240093E70702230108
:102A4000F400635109020347040085476318F70047
:102A50008347240093E757002301F400930700F80D
:102A60002300F4001305800EEF30501093F724007C
:102A7000B1CF93F78406A1EB03470400930700044A
:102A8000631DF7008347240013F7070219E713F7C4
:102A90000701630A071E238C018483470400638DAA
:102AA000071E13F7070105C303472400058B01CF59
:102AB00041476393E71E8347A400638F071C93E796
:102AC00087002305F4000945EF30500A9188B1C012
:102AD000834704000307240093F7070D6387071E4D
:102AE000834734006393071E6343071EEF10306E65
:102AF0008347440013F7270019C7034724001367CF
:102B000017002301E400E59B2302F4001145EF3098
:102B1000F00583C49180DDC0EF30D00C13F71400B2
:102B2000834574009307400611E3AE8713F7240032
:102B300001C7A92793F7F70F13F7440001C7D93747
:102B400093F7F70F13F7840001C7852793F7F70F63
:102B500013F7040101C7FD3793F7F70F9306800CB5
:102B60003E8763F4F600130780FC9376F70F29473E
:102B7000B68763F3E600A94793F604020346840090
:102B80001307400691E2328793F6040499C21307B3
:102B900020039B9484019BD4844163D30400654744
:102BA0006394F500630CC700A303F4002304E4005E
:102BB000A3810186EF10D020EF10706197D40F0031
:102BC00083C4C4446380041AEF30F00213F7140086
:102BD000834694009307400611E3B68713F7240059
:102BE00001C7A92793F7F70F13F7440001C7D93797
:102BF00093F7F70F13F7840001C7852793F7F70FB3
:102C000013F7040101C7FD3793F7F70F1306800C84
:102C10003E876374F600130780FC1376F70F29478D
:102C2000B2876373E600A94713F7F70F6381E602E3
:102C300003470400A304F400631A070C9387018B75
:102C4000CC4703C59700EFF09FB4A381018613F72B
:102C50000402834704006303071041476390E710B1
:102C60008347A4006390070E89472305F400930768
:102C7000F00363E8970A0274A270E2644269A269F1
:102C800045616F00101913F74700E30807E093E769
:102C900087002301F40011B5238E0184EF10700327
:102CA00005C18347240093F7070499EB238D018422
:102CB000A1472300F400EF00D015EF00404A21B5F2
:102CC000238D0184238C0184FDBB635C0700238E6C
:102CD0000184EF10A079EF00B004EFE0BFA0EF1087
:102CE000104C8347240013F7070201CF93F7F7072F
:102CF00093E717002301F400930700042300F40076
:102D000031B5238D0184238C018409B583474400A8
:102D100093E787002302F4000DBF81C793F7870371
:102D2000B1C31389018B8347890013F7070493E428
:102D3000070419C393F4F70B2685EFF03FB3230480
:102D400099000DA013F7170009C793E74700230563
:102D5000F4009307F003E3E697FC29A01307F003C0
:102D6000E36D97FA034704008D47E3F3E7BC21B70F
:102D70005D71A2E086E426FC4AF84EF452F056EC6F
:102D80005AE85EE413848185EFF0DFB583472400C1
:102D9000E9C3EF1000742A893DED9387018B83C44A
:102DA000970003C7870003A9C700D98C938981A422
:102DB00083C78904898B89C713050002EF308060BF
:102DC000930AF003130B0008930B0004138A018B82
:102DD00083472400BDCF0347140025EF13F71700E6
:102DE00005CB0347040063FFEA10918BA9E3930529
:102DF0000000014523810186EFF07F990145EFF046
:102E0000FFA683472400F59B93E747002301F400C6
:102E1000EFF05FAD75BF83441501EFF03FA10329CB
:102E2000090393F40403C98C93F4F40F41B76310BE
:102E300067052D45EF20006A930500000145EFF07E
:102E40001F950145EFF09FA2EF00E0368347140085
:102E500081CFA6600664E2744279A279027AE26ABE
:102E6000426BA26B61618280EFF0DFA7C5B7631B85
:102E70007701EF30000819E58347240093F7F7FD49
:102E80002301F4008347240013F7870051D303473D
:102E90009A0009CF898B99EB83C78904898BB1C7C5
:102EA0008347440093E787002302F40083478A00A6
:102EB00085C383472400898B81EF13F5040CEFF061
:102EC000FF9A8545176500000325C513EF103047AD
:102ED0008347240013F7270005FF93E707010945FF
:102EE0002301F400EF30201225B7CA8513F504033F
:102EF000EFF0FF898545176500000325A50EEF104B
:102F000010446DB78347A400BDC313F7270009CF52
:102F100083C7918BA1C7930500000145EFF03F8760
:102F200085472305F400EDB5B18BE38307EE83C736
:102F3000918B91CF2945EF20E05983C78904898B74
:102F40008DC38347440093E787002302F40083473F
:102F5000A400A18B81C70945EF30E00A23810186D7
:102F600045BDCA8513F50403EFF07F82CDB78347D3
:102F70004400A18BE38E07E8CA8513F50403EFF044
:102F80001F8183474400DD9B2302F40051B51D716E
:102F900083C701A9A6E486ECA2E8CAE04EFC52F879
:102FA00056F45AF05EEC62E866E4A18B9384818566
:102FB00091CBEF10705919C585471D452380F4004A
:102FC000EF20405183C7040093F71708B1CF09459C
:102FD000EF20405085472380F400814C0144130AC0
:102FE000F00FA94A1389818F130B4002B54B930947
:102FF000F002130CE004EF3070252A8763184505B2
:10300000EFF0BF8CEFF0DFD683C71400EDD7E6609A
:103010004664A6640669E279427AA27A027BE26B90
:10302000426CA26C25618280238C0184EF20706C3D
:1030300009C983C7B18093E70702A385F180EFF048
:103040003FD31385818FEF20106B41BF630455017F
:1030500063197505EFF0DFD183C71400CDFBCA9C5F
:1030600023800C0005882D4505E4834709000145B0
:1030700085C3639967014A85EF20707AEF20A03FEE
:10308000814C95BF83C7040093F7170299C7254564
:10309000EF20603E814C0144B9BF4A85EFE04FE527
:1030A000C5BF19C893079002E317F5F4937724007E
:1030B000B9D31374D40F81B7E30F35F363E0A904D8
:1030C00093070002E3F9A7F293078002630EF5026B
:1030D000636E9C039B07F5F993F7F70FE54663E5ED
:1030E000F60001351377F50F9387818FE6979B865E
:1030F0001C002380E70093FCF60FF5BD9307B00397
:10310000E318F5FC1144C5BD0944F5B50544E5B522
:10311000011122E826E406EC13848185EFF0EFFA32
:10312000A144EFF0FFC48347140081EBEF10603A35
:103130006DF983470400E38697FEE2604264A2646F
:1031400005618280F327003073700430184193C505
:10315000F5FFF98D4D8E10C17390073082804111BB
:1031600022E006E4138481A483478404918BA9C3DD
:103170000546814537150203EFF0DFFC83C7A182C6
:10318000138701982307F70083470403E546F937BF
:10319000B387D7028D83BB07F040A306F700B707BC
:1031A0000A039847A26002646D9B98C74101828020
:1031B00001468545C1B7B7070A039847411122E088
:1031C0001367470006E498C7138481A48547034525
:1031D000340317D70F002329F7E2238401829307D2
:1031E000F00F03C78185631AF50283C7A18095E7B5
:1031F000930700086307F702814703478404118B94
:1032000019C393C7170095C3054681450264A260A0
:103210003715020341016FF0FFF291468147E30E3B
:10322000D7FCEF1070188547C9BF01468545F9BF27
:1032300083C7818263910724411106E422E013844D
:1032400001980346F4009165938505801B16B6002E
:103250006D8E37050203EFF0FFEE0346E4009305A1
:103260000070370502031B16860013760670EFF018
:103270007FED8346D400A389D182B7070A03D84FD4
:10328000799BD8CF13070010159F1B173700B7067F
:103290000A03D8CAD84F13671700D8CF85472384AD
:1032A000F182736004301C74D9EF83C7D18203C7E5
:1032B000C182630DF71883C6D182139736009387B6
:1032C000019B3E970356270097D50F0083A5C5D3D2
:1032D00018F43B06B602B7050A038E0690C10356E2
:1032E000070003474700231EC4000346E4016301AF
:1032F000E6025145B305A7021386019E230FE400A1
:10330000B295D8450CF01B57170018C458C018C008
:10331000187083C59182B6970346070183C657008C
:1033200003C567002D8EA307C40010433B56D6008B
:1033300010C8504318473B56D6003B57D70050C8DB
:1033400018CCEFF06FB303C7C18085476314F70053
:10335000EF2060042387019818401C4814703B86B6
:10336000E700D84610C0B2876371C70283C5060163
:103370000546999F2307C4001CC013868184858954
:103380001C426384050EFD371CC250405C483D9EC4
:1033900050C0B2876373C7020346E40083C50601C9
:1033A000999F136626002307C4005CC0138681849E
:1033B00089895C42CDCDFD375CC210441C4C3D9EDA
:1033C00010C4B2876373C7020346E40083C60601D4
:1033D000999F136646001CC4138781842307C40089
:1033E000918A1C47D9C6FD371CC79387818583C640
:1033F000070011476399E6000347E40083C76700AD
:10340000F98F2307F4008357C401FD37C217C19316
:10341000231EF40099EF23B4019A83C7D182852734
:1034200093F7F70FA386F18219476394E700A38609
:1034300001828347E40003C7A182B98F2307F40008
:10344000A26002642384018241018280EFF0BFD632
:103450001C7083C7170181C70145EFF0EFA102641B
:10346000A260114541016F20103A852731BF8527A1
:10347000A1B7852795BF828003C6A1821B1686004F
:10348000411113760670930500703705020306E4B8
:10349000EFF05FCBB7070A03D84FA260799BD8CF74
:1034A00041018280797122F026EC4AE806F44EE46C
:1034B00052E023850182A38401820144938481A484
:1034C0000D4983C714039379F40F1B0A0400BBD77B
:1034D0008740858B99CB4E85EF0030579387A1822B
:1034E00003C70700598D2380A70083C72403BBD7D8
:1034F0004741858B99CB4E85EF007056938791821B
:1035000003C70700598D2380A7000524E31B24FB74
:10351000A2700274E2644269A269026A4561828013
:10352000011106EC22E826E4EFF0FFC81306800341
:10353000814513858194EF30302A938401981306D6
:10354000000381452685EF303029A386018223B010
:103550000182238601828547A385F182238401822B
:10356000EFF05FF403C6A1821B16860003C49182AC
:10357000137606709305007037050203A387840055
:10358000EFF05FBC1B16B4004264E260A264916578
:10359000938505806D8E3705020305616FF09FBA34
:1035A000370502034111130600708145110506E439
:1035B000EFF05FB937150203054681451105EFF0BD
:1035C0007FB8116637050203130606808145110591
:1035D000EFF05FB7EF20F07BA26041016F20307EFB
:1035E000411122E006E403B4018205C0938781946F
:1035F00003C71700CC4F13671700A380E7002E8581
:10360000EFD02F8C48C823B00182A2600264410130
:1036100082803571D2F806ED22E926E54AE1CEFC3A
:10362000D6F4DAF0DEECE2E8E6E4EAE06EFC138AD7
:10363000818583474A00858B639607661387B1822D
:103640000347070083C7D182630EF764138C01829E
:1036500003370C0083474A005DE3918B638C071AA4
:10366000EF00B0652330AC00AA8A630D05621384B5
:1036700081948349140093F719006380071AA38487
:103680000194976700009387279503ABCA0188438D
:1036900093090000232C3401DA85EFC0DFCC834787
:1036A0004A0003A90A02AA8413F727006303072626
:1036B0008947230AF40083AA4A01AA855685EFD0D8
:1036C0004F80AA854A85EFD06FA0CE85AA84EFC02F
:1036D0005FF7635C0522DA855A85EFC07F96CA855D
:1036E000EFC03FFEAA855685EFD04F9EEF30F01910
:1036F00048D083474A0093E787002302FA00938764
:10370000C18283C707009389819403C70900833C62
:103710000C00139D37009387019BEA972382E700F3
:1037200083A70C0283A509013E853ECEEFD00F9AF8
:10373000930500002AD2EFC0DFF063550500930720
:1037400000003ED283A7890283AB090283CA4901E4
:103750003EC683A7C902B24503A9C9013E853EC83A
:10376000EFC05FDF894711C185473EF483A7890118
:1037700013070000014B3ECA83A74902814D3AC49A
:103780003ED0F2473EC2976700009387E7878043A9
:1037900022CC8547638DFA408D476388FA2E638C6F
:1037A0000A3883A5CC012285EFC0BFF1CA852A8BD8
:1037B000EFC03FE9635C0502976700009387C7810C
:1037C0008C435A85EFC0FFEFAA854A85EFD00F9052
:1037D000A285EFC01FEFAA851245EFD02F8FAA84D4
:1037E000AA855245EFC0FFE563420534D245124534
:1037F000EFD0CF8DAA85EFC0BF842A840255CA8539
:10380000EFC01F84AA852285EFC0FFB52A84025924
:10381000D24461AEEF00F04BB1B5034704009546CA
:1038200005271377F70F6303D700BA87D14633878D
:10383000D7029384019E2300F4001B89070003A58F
:10384000CA002697BA8723BCE18003C70A012388F0
:10385000E70003A70A001B17370098C303A74A0015
:103860001B173700D8C303A78A001B17370098C758
:103870001B173500D8C7EFD0AFD383A50A0208C401
:10388000EFC07FAE9757000093874778AA8548C45A
:103890008843EFC05FAD930700005CC083474A00D8
:1038A00013F7890008C8898BD98FB1CB4C5093F995
:1038B00079FF4CCC2E85EFC0DFE023AAAA00A3003D
:1038C0003401D1473309F90283C701A9898BCA940E
:1038D000A3880400E38707DA83C71A0193F7070276
:1038E000E38107DA83A5CA02175500000325857115
:1038F000EFC07FA7854708D8A388F40059B303A574
:103900004A01EF30807848CC6DBF04CC23223403C9
:10391000CDB3238E019423242403918BD9E7EF00A8
:10392000703DAA89EF30607648D003350C00EF0077
:10393000B040AA85AA8BEFC0DFD8833C0C002A894F
:10394000AA8503AB4C0103AD0C025A85EFC07FC7BB
:10395000635FA006CA855A85EFC05FF7A685EFC0F2
:103960005FD6AA856A85EFC07FF608D4930500006C
:10397000EFC03FCD634FA00283A5CC018947230A46
:10398000F4002E85EFC0CFEBEA85EFC09FD3AA8568
:103990005A85EFC0BFF3EF30406F8347140048D023
:1039A00093E78700A300F400A9B313050000AA89D8
:1039B000A5BFCE854A85EFC07FF1A685EFC07FD039
:1039C00048D4232074038D47230AF4001DB3CE8509
:1039D0005A85EFC0BFEFA685EFC0BFCEEA85EFC026
:1039E0002FE69755000083A5255FEFC09FCD930577
:1039F0000000832D4402AA8AEFC0BFBC6351A00817
:103A0000D6856A85EFC0FFBB6359A006CE854A857F
:103A1000EFC0DFEBA685EFC0DFCA48D4D685EFC084
:103A20005FC26359050223207403CA855A85EFC01B
:103A30007FB283298402854741D9DA854A85EFC060
:103A4000FFE8A685EFC0FFC7AA854E85EFC01FE837
:103A500008D445B183A5CC01232454032326540361
:103A60002E85EFC0EFDDD685EFC0BFC5CE85EFC098
:103A70002FDDEF30806108D0ADB98947B1B793072A
:103A800000001CD42320B403ADB183A5CC01228552
:103A9000EFC03FC32A8BDE854A85EFC03FE3DA855E
:103AA000EFC03FBA6340A006B2457245054B854D55
:103AB000EFC0DFE1AA85EFC0AFD82A84CA855E8552
:103AC000EFC00FD8AA852285EFC0FF89B2442A84AF
:103AD0005E89854A2245A285EFC08FD62AC4AA8571
:103AE0006245EFC01FAE635FA00EA2456245EFC006
:103AF000FFDD2A845245A685EFC0BFB4635A050E88
:103B000026C241B9975700009387074D8C435A85C9
:103B1000EFC03FBBAA854A85EFC05FDBA285EFC03F
:103B20005FBAAA851245EFC07FDAAA84DA854A8592
:103B3000EFC0DFD995A883A5CC012285EFC07FB85F
:103B400097570000938747498C432A8BEFC07FB774
:103B5000CA85EFC0EFCEA285EFC0BFB6AA851245D9
:103B6000EFC0DFD6AA84AA853245EFC09FA563596E
:103B7000A002B2457245054B854DEFC03FD5AA85E1
:103B8000EFC00FCC2A84CA855E85EFC06FCBAA85B3
:103B90002285EFC04FFD2A84A27AB2445E891DBF00
:103BA000DA854A85EFC0CFC92A89054B25B7A2859A
:103BB0005E85EFC01FB1AA851245EFC03FD1AA8430
:103BC000AA854245EFC0FF9FE356A0F0C2451245CB
:103BD000854D894AEFC09FCFDE85EFC0CFF82A849C
:103BE000C244CDBD92552685EFC0BF9D634BA00C4E
:103BF00063040B0023AE290163840D00238A59015D
:103C000083B7818103C7170183474A00A18BD98FEE
:103C100095CF03C51C01137505035DCD03A40C03EB
:103C200001CF83A5090303A5C901EFC09FA9AA85F8
:103C30002285EFC01FA92A842285EFE03FA9834790
:103C40004A00238AA902DD9B2302FA009387019B85
:103C5000338BA70183C7490383A5C90026852303A6
:103C6000FB00EFC01FA62A89EF30A06C2A8403A5B1
:103C70008900EF30006CA285AA8AEFC03FC5EFC073
:103C8000FFFF931B050393DB0B0323107B01639A58
:103C90000B0483474A0013F7270021C793E7170057
:103CA0002302FA00EA604A64AA640A69E679467A5D
:103CB000A67A067BE66B466CA66C066DE27D0D610E
:103CC000828097570000938727348C436245EFC06A
:103CD0002FB7A2452ACC21BD930700002328FA0064
:103CE000B9BF83A549002245EFC08FB52A8BCA858D
:103CF0005685EFC0BFBDAA855A85EFC0CFE6975560
:103D0000000083A5E530AA8AEFC0BF9BEF30606258
:103D1000EFC0DFF685671B070500938747C363EB9A
:103D2000E7009387019BEA97A38207009316070396
:103D3000C19235A8896693869686854763F8E60022
:103D40008D679387370DB3B7E70089071387019B0A
:103D5000B306A701BB9BFB00A382F6003B57F5000F
:103D600023907601C1679386F7FFE361F7FC9387A1
:103D7000019BEA972391D7009387B18203C707007D
:103D800099469B07170093F7F70F6393D700814776
:103D90009386C1822380E6001387B1822300F70057
:103DA00083370C00CA8523A4890084D32285EFC001
:103DB000FFB1D685EFC0FF9023A2A90003A589011A
:103DC000A685EFC02FF9E31B058693050000268525
:103DD00003444A00EFC0EFFE6357A00013641400D1
:103DE00023028A00C1B593774400EDFB23B0018222
:103DF000EF0040696FF09F8483C7818593F7C70701
:103E00001305000099C303A541968280011122E8A1
:103E100006EC2A842EE4EFF0AFAF930710053B8544
:103E200087024264A265E2601306000505611B0576
:103E30000530421541916F20B07CAA85130600051C
:103E40001305E03A6F20D07B011122E806EC2A84AA
:103E50002EE4EFF0EFABB5473B8587024264A265E5
:103E6000E260314605611B0505206F207079411124
:103E7000A945014506E4EF203070A2601306C00595
:103E8000938581A4054541016F209077797122F0D7
:103E900006F426EC4AE8937715002A8489CF1306A6
:103EA000C00597550000938565D3138581A4EF3035
:103EB0004011EFF0DFFB9377240091CF02E002C4C2
:103EC00081442149268585248A8593F4F40FEFF0F7
:103ED000BFF7E39924FF937744008DC7814513050D
:103EE0000030EF207069814513051030EF20D06855
:103EF000814513051035EF203068814513052035C5
:103F0000EF209067218805C081451305E03AEF2036
:103F1000B0660274A270E264426981451305F03A0A
:103F200045616F207065A2700274E2644269456168
:103F30008280011122E82E8493051005BB85A5021D
:103F400026E413060005AA84228506EC9B8505302D
:103F5000C215C191EF20F07A09ED268523000400F7
:103F6000A285EFF0BFEA0145E2604264A264056108
:103F700082800545D5BF4111130600059305E03A3F
:103F800022E006E42A84EF20D07719E92285230075
:103F90000400EFF09FEA0145A260026441018280C3
:103FA0000545DDBFB547BB87A702011122E82E8476
:103FB00026E43146AA84228506EC9B850720EF2063
:103FC000507405E1314681452285EF30E0002685B9
:103FD000A285EFF07FE70145E2604264A2640561DB
:103FE00082800545D5BF4111014506E4EF20D0533D
:103FF0002A87A9470145631BF7001306C0058545BD
:10400000138581A4EF20F06F3335A000A260410139
:104010008280011126E4AE8422E8930500002A8400
:10402000268506ECEFC0EFE1634A051E93073006D4
:1040300063F687089B07C4F993F7F70F8146094693
:10404000254791456361F6068127138781A4638123
:10405000C6020D466381C6048A0705463E976387FC
:10406000C60004C3EFF0BFE001453DA244C7DDBF79
:1040700091078A079755000083A5C5F92685330463
:10408000F700EFC00FE49755000083A5A5F8EFC037
:104090004FE308C4C1BFA1078A073E97B707008056
:1040A000A58F5CC3C1B7852693F6F60F637AF71622
:1040B0006388B616D93793F7F70F69B72685EF30BF
:1040C000C07EEFC0BFBB130700029377F50F636993
:1040D0008714975600009386E6A70A043694184082
:1040E00036970287094719456378F70A238CF1A6AA
:1040F00095BFA38DF1A6BDB7A38CF1A6EFF08FBA43
:1041000095B7238DF1A6DDBF938681A403C78604EE
:1041100091C7136747002384E604A9B76D9BE5BFE9
:10412000938681A403C7860481C713670704E5B794
:104130001377F7FBCDB7138781A4034687049376E3
:10414000F60799C39366060801452304D704EF10C8
:10415000A01D09BF238EF1A631B723A091A819B7DE
:1041600023A291A801B7138781A4034687049376FD
:10417000E60F99C3936616002304D704EF10D05BB3
:10418000D5B5938681A403C7860481CF93770701B1
:10419000294513670702C1F3E2604264A264056126
:1041A00082801377F7FD85BF138781A403468704B8
:1041B0009376760F99C3936686002304D704EF00A5
:1041C000D0344DB5938681A403C7860481C7136795
:1041D000070191B71377F7FC3DBFA388F1A859B544
:1041E00023AA91A841B523AC91A8ADBD239EF1A807
:1041F00095BD23A091AABDB523A491A8EFE0EFC17E
:1042000095B523A691A8DDBF938681A403C7860434
:1042100081C71367270001B7759BF5BD1145ADBF79
:104220000D459DBF411106E4EFF0FFDB01ED1D459B
:10423000EF1060241305F00FEFF05FC5A26041019D
:104240006F10A035A26041018280AA8719C5054779
:1042500009456385E70011458280054582806FF03E
:10426000DFFE6FF09FFE1971D2E8D6E486FCA2F85B
:10427000A6F4CAF0CEECDAE05EFC62F866F46AF00E
:104280006EEC938A018383C90A00014A6393090093
:10429000C1491389E182834B0900FD3993F9F90F74
:1042A000638F3B1193044003B384990217C40F003A
:1042B0001304C4011B8B0900A294CC4C03AC8401F1
:1042C0002E85EFB0FFD78C50EFC0AFBFAA84AA8570
:1042D0006285EFC00FB763530500E2849307400384
:1042E000330BFB02229B232A9B00C14463830900FA
:1042F000CE84FD3493F4F40F63829B08930740034C
:10430000B389F902130C4003938C1183A29983475C
:104310000900638B9706B38B84031B8B0400A29B5D
:1043200091E0C14483C70C00FD3493F4F40F63940F
:104330009700EFF0EFAA330B8B03229B032D8B0129
:1043400003254B01EA85EFC0EFA01DC58325CB01F6
:104350002E85EFB0FFCE83250B02EFC08FB683A56D
:104360004901EFB0FFCDAA89AA856A85EFC06FA584
:104370006356A006232A3B01DE8951BF83C7118300
:1043800063947701EFF0CFA583470900130740033B
:10439000C1463387E702852713FCF70FB30CE4000F
:1043A0006313DC00014C03CD0A00130B4003814A68
:1043B000C14D63188D0363840A0023004901E67030
:1043C0004674A6740679E669466AA66A066BE27BBD
:1043D000427CA27C027DE26D09618280232AAB01CE
:1043E00061BFB30B6C0383A74C019B040C003EC45C
:1043F0002245A29B83A74B01BE853EC6EFC06FA49A
:104400006359050283A5CC012E85EFB07FC383A538
:104410000C02EFC00FABA245EFB09FC2AA8CAA85D9
:104420003245EFC00F9A6356A00023AA9B01628A0F
:10443000854AB3846403A2948C4CC848EFC08F9122
:1044400019E1628A854A9B071C0013FCF70F63136E
:10445000BC01014CDE8CB1BFA3880182238801829C
:104460008547A387F182238701828280938781AA6F
:1044700023B0070023B4070023B8070023AC0700CC
:104480006FF09FFD9386118303C7060083C70183E6
:104490006384E7029B07170093F7F70F4146639386
:1044A000C70081471386E182834506006394E500D7
:1044B0002300F6002380F600828083C70183130760
:1044C0004003B387E70217C50F00130525E03E95AB
:1044D000828083C7118303C701830145630BF70003
:1044E00013074003B387E70217C50F00130505DE66
:1044F0003E95828083C71183852793F7F70F414745
:104500006393E700814703C7018313050000630C31
:10451000F70013074003B387E70217C70F0013071D
:10452000E7DABA97C84B828003C5118383C7F1824B
:104530001D8D133515008280011126E406EC22E85A
:1045400083471501445513F7170021C303C501869E
:10455000EFC04FF99755000083A585AAEFC06F966D
:10456000A685EFC00F962A849754000083A484A9DF
:10457000A6852285EFC0EF846343A0002684E26015
:1045800022854264A26405618280918B2A8485E33E
:1045900003C5F185EFC00FF59755000083A545A62B
:1045A000EFC02F92AA852685EFC0AF91AA84005450
:1045B000A6852285EFC0EF88E34805FA26846DB70B
:1045C0005D71A2E04EF452F056EC5AE85EE486E4E7
:1045D00026FC4AF803C4118383CA0183975B000059
:1045E00083AB8BA39309400317CA0F00130A0ACEAB
:1045F000414B639F8A00A660066423A071ADE274FC
:104600004279A279027AE26A426BA26B616182808E
:10461000330534039B0404005295EFF0FFF12A891F
:10462000AA855E85EFC0EF81635C0502DE855E854D
:10463000B3843403EFC0EF88AA85D29483AB4402DD
:1046400088CC5E85EFB0FFFF6354050023AC740196
:1046500005241374F40F631364010144CA8B51BF22
:10466000CA854A85F1B7717122F126ED4AE9DAF877
:10467000DEF4E6EC06F54EE552E1D6FCE2F0EAE8BF
:10468000EEE4138B018383490B001304400397C4AA
:104690000F009384A4C31B890900B3898902AE8BE0
:1046A000AA8C13064003814533048902A6994E85DE
:1046B000EF20901283C78B0003A74B002694A3081A
:1046C000F40018D8898B638E071231469385818454
:1046D0000808EF20100F130A4003330A490301446E
:1046E000814A138C81A48D4D269AB307840103ADB2
:1046F0000700B3878C008C436A85EFB09FFCEF20E6
:1047000010110125B307810088C31C08A2979C43A0
:104710001D9D1B57F541B347E5003B86E7403387B6
:10472000890010C38326CA00368763F3C600328728
:104730002326EA00EFC00FDBEA85EFB0DFC21C10D2
:10474000A29788C393050000EFB0BFEF635A05003E
:104750005685EFF0DFB083470A015D8D2308AA007C
:10476000852A93FAFA0F1104E391BAF9130440036E
:1047700033048902014526945C44ADC70810EF005C
:10478000404808D00C10138501A6EF00205048CCFB
:104790000C10138541A5EF00604F034A140108D4A3
:1047A00093771A00B5C748D403470B0083C711831A
:1047B0006306F700137A2A0063060A06930740038C
:1047C000B307F90213070000A697D8CBD8D39307F5
:1047D0004003B307F902A69703C417010988630CC5
:1047E00004120545AA700A74EA644A69AA690A6A49
:1047F000E67A467BA67B067CE66C466DA66D4D612F
:104800008280938781AA98639C473AE83ECCE1B5C1
:1048100083A50B0093778A004CD4D9D70850EFB00A
:104820005FEA51B7938A81AA014A13040000314D0F
:104830001C10D29783AB070083ACCA00910ADE85B7
:104840006685EFB01FE8AA852285EFC02F881C1867
:104850002A84E6855E85B38D4701EFC02F8723A0AC
:10486000AD00110AE316AAFD9745000083A5057B5C
:104870002285EFB01FD5130A00006341A0089745B9
:10488000000083A5E5792285EFB0BFDB6340050812
:104890000818EF0000370C18138501A6EF00003F41
:1048A0002A8AA285174500000325C575EFC00F822F
:1048B0009745000083A54572EFB0BFE0EF20E07C94
:1048C00083258C032A845285EFB0BFDFA285EFB029
:1048D0005FDF2A8AA285174500000325A572EFB085
:1048E000FFFEAA855285EFB01FA8930500002A8A13
:1048F000EFB03FD563540500130A0000930740034F
:10490000B307F902A69723A24703D1B5174A0000BF
:10491000032A8A70E5B74E85138A81AAEFF0DFC1BA
:10492000832A8A01AA89AA855685EFB09FD163554B
:104930000506D6855685EFB0DFD8930740033309C7
:10494000F902CA9403A9440288CCCA85EFB07FC794
:104950006354A00023AC240131460C10138541ABF5
:10496000232C3A01EF20E06582671387F182C1466C
:104970002330FA00A2472324FA00834707002300CC
:10498000FB00852793F7F70F6383D7003E8423004E
:104990008700EFF05F8DB1B5CE854E8569BF138777
:1049A00081841443938781AA94C354431847D4C382
:1049B00098C7828083C7018303C5118363E7A7007B
:1049C0003D251D9D1375F50F82807D35DDBF41119D
:1049D00006E4EFE0FFC0A26083C711832387F18262
:1049E00041016FF05F885D714EF452F056EC86E441
:1049F000A2E026FC4AF85AE85EE462E003C705003C
:104A00009306D0022A8A2A9783470700AE89B28A82
:104A1000639BD7048347170013092700054B014602
:104A2000014501448146A5451308E00FA1481543FF
:104A30009B8707FD93F7F70F63EAF5041B07150043
:104A40001375F70F63EDA80211C67D341B148401A2
:104A50001B548441BB06D3029B961600BD9E0509DC
:104A60008347F9FFF1B79306B00213091700639665
:104A7000D7008347170013092700014B4DB765F294
:104A800005241B1484011B548441D1BF6395070185
:104A900019E20546E9B731C93685EFC06FB1930514
:104AA0000000AA84EFB01FAB15C1FD5B174C0000DE
:104AB000032C0C55634774056310740726859745CE
:104AC000000083A52556EFB0DFBFAA8463070B0063
:104AD000B707008033C5F400AA843309494123A0F5
:104AE0009A007D39238029010545A6600664E27499
:104AF0004279A279027AE26A426BA26B026C61612E
:104B000082802685E2850924EFB0BFBB1B14840197
:104B1000AA841B54844179BF55D8974B000083ABBE
:104B2000AB502685DE85EFB0DFB97D349377F40F87
:104B30001B148401AA841B548441E5F741BF797199
:104B400026ECAE849745000083A5454E06F422F07E
:104B50004AE84EE4EFB0FFB6EF20A07DEFC00F9221
:104B6000131405034190138981859749000083B987
:104B7000695C05C4834719008DE391E8EFE04F9F1E
:104B80007D344E854214EF10502B4190DDB7EFD0AD
:104B90007FD583472900898BE5D7A2700274E26430
:104BA0004269A26945618280011122E826E406EC8F
:104BB0002A849744000083B4645811E4E26042649C
:104BC000A264056182807D3426854214EF10F026B0
:104BD0004190E5B7011126E4AE84AA8506EC22E8EF
:104BE000EFB03FAE2A84A6852685EFB09FADAA859B
:104BF0002285EFB0EFC44264E260A26405616F20D9
:104C0000C048397122F826F44AF052E806FC4EEC0E
:104C10002A842A89130AC500930400008329090005
:104C2000930500004E85EFB0FF9211C9CE854E85E9
:104C3000EFB03FA9AA852685EFB08FC0AA841109DD
:104C4000E31E49FD2685EF204044AA84AA85174526
:104C500000000325253BEFB00FF1AA852AC60840C6
:104C6000EFB03FA6B24508C04840EFB09FA5B2459F
:104C700048C00844EFB0FFA408C4E270427402794F
:104C8000E269426A2685A27421618280397156E404
:104C9000B70A008022F84AF04EEC52E85AE006FCCF
:104CA00026F4AA892E8A0144174900000329C9362F
:104CB00093CAFAFF314BB3078A008443930500007F
:104CC0002685EFB03F8905C1B38789008843A68553
:104CD000EFB06FE9B3F4AA00CA852685EFB07F8EE6
:104CE0006343A00026891104E31764FDE270427457
:104CF000A274E269426AA26A026B4A850279216162
:104D000082809D4501456F109006411106E4F3260F
:104D1000003073700430B7070203D843619BD8C3D7
:104D2000739006309D450145EF10C07883C701A9F7
:104D3000A18B99C7A2609D45014541016F10207B61
:104D4000A26041016FF0FFFB7971B707020322F007
:104D5000A04B83C701A906F426EC4AE84EE452E0D2
:104D600093F707041D8899E313447400814415C028
:104D70000149054A8D491375F90FEFF08FCE618D0A
:104D800011C5BB172A01DD8C93F4F40F0529E31438
:104D900039FFA27002744269A269026A2685E26440
:104DA0004561828003C781858547630EF70083C70D
:104DB000A18091EB411106E4EFC09F8AA2600545F6
:104DC00041016F10605C82807171DAF806F522F1A2
:104DD00026ED4AE94EE552E1D6FCDEF4E2F0E6ECDF
:104DE000EAE8EEE4138B818583471B002AE463988D
:104DF0000718224C138981A402D4994702F0230496
:104E0000F102CA898144930D00004A84974C000046
:104E100083AC0C228D4B13F5F40FEFF00FC33C085D
:104E2000A6972380A700BB579C40858B89CF03A5FD
:104E30004902E685EFB0FF88EE852A8AEFB07F80D1
:104E400063430500D28D85049109E39674FD832B9D
:104E50000405914985448D4C138DB18093858184DF
:104E60000818EF10201103439404138A81840C184E
:104E700052880145814A0146BB58CC4093F818003E
:104E80009B070600638B0802BB57F3400525858B03
:104E90001375F50F81CBEE8781C8B7070080B3C7C4
:104EA000FD0019A0EE87F5D89CC13C08B29783C7D6
:104EB000070023200800B3EAFA000506110891054F
:104EC000E31C96FBEFB0DFEEEF20201CAA85230346
:104ED0005B015E85EFB0EFFE2AD00C100818EFF0F2
:104EE0008FF891472302FB00EFE0AFF2EFE02FA72E
:104EF00085C8EFF07FE5814738083E9703470700F4
:104F00003376570109CA3B56F540058A09C613474F
:104F1000F7FFB3FAEA008507E39097FF23035B01ED
:104F2000EFE02FEF83470D0093F747036389070EE8
:104F300083470D0093FBF70FC18B81C71945EF1015
:104F4000A04493F70B0281C71D45EF10E04399C4BD
:104F500093FB4B00638C0B00254539A0EFF0DFDE9F
:104F6000A2677D8D01C52145EF1000429387A18086
:104F700083C7070085C7EFC0AFEEEFD07FDFAA7011
:104F80000A74EA644A69AA690A6AE67A467BA67BD9
:104F9000067CE66C466DA66D4D6182801145EF1072
:104FA000E03CEFE0EFD70355440593C41400EFF065
:104FB000BFBFBDC8974700009387C7078C43284CE5
:104FC000EFB02FF0832BC404AA8DFD3993F9F90FAC
:104FD000E39609E881448D49BB579C40858B1B872C
:104FE000040095C783479404832A0900284CBBD743
:104FF000E740858B9DCF83254902EFB06F84D6852E
:10500000EFB02FECEF20A00001252320AA0085247B
:10501000110A1109E39234FD238E01848DB793F7B1
:105020007A00E39707ECB5BF832D8405832B040535
:1050300069BFB7070080B345F5005685D1B7411168
:1050400006E422E0EF00B07621C113848185034796
:1050500004008547A301F400A147631DF700214523
:10506000EF00707AEFD0DFD08347140091EF8347D1
:105070000400EDFBEFC0CFDE0945EF10E030026425
:10508000A26041016FD0DFCEA26002644101828044
:10509000DC45011122E826E406EC1CC183478500AB
:1050A000AA841384450393E747002304F50083C7CC
:1050B00001A993F707029DE72285A685EFC08F8A95
:1050C000138481858347040081EFEFF08FC009C905
:1050D000930700022300F400EFE0AFD3EFE02F8846
:1050E000814731A02285EF00906CBD4771D5E26009
:1050F0004264A2643E8505618280411122E006E49B
:105100002A840345040009E5A2600264410182800B
:105110000504EF10F007F5B7411122E006E42A84F8
:1051200003450400050409E5A26002644101828090
:10513000EF101006F5B7011106EC22E826E49307FC
:10514000300663F9A702A9473B74F5023B55F50207
:105150001B0404031374F40F1375F50FA947BB74F4
:10516000F5023B55F5029B84040393F4F40F137589
:10517000F50F31A0A54701448144E3E1A7FE1B05DB
:1051800005031375F50FEF10B00081C42685EF10ED
:10519000300001C822854264E260A26405616F109C
:1051A000207FE2604264A264056182805D7126FC1A
:1051B000AE8493050000A2E086E44AF84EF452F073
:1051C00056EC2A84EFB0EFC7635905001305D002EF
:1051D000EF10007CB70700803D8C26898549174A6F
:1051E0000000032A6AE063E7290B9BD71400795774
:1051F000BB87E702A59F93F7F70F89CB22859745D9
:10520000000083A565E2EFB0CFCB2A84974500006C
:1052100083A585DC2285EFA0BFE2EFB09FC4012506
:105220000149A9469B0709003DEDB3B7F400BB89CE
:1052300024411B8A040093CA170093F9F90F014611
:1052400091E34E869305000333052101EF10D058FA
:10525000014463830A004E843B0424011374F40F59
:10526000639E840093070A01338A27001B8414007D
:10527000930700032308FAFE1374F40F3309810027
:1052800029E0A6600664E2744279A279027AE26AB1
:10529000616182802285D285EFB0AFC279392A84DC
:1052A0001379F90F89B73B77D502C10705298A978A
:1052B0001379F90F1B0707033B55D5022388E7FE37
:1052C00095B7631694001305E002EF10606C034578
:1052D000F9FF7D341374F40FEF10806B7D194DB717
:1052E00083C701A9858B8D4581CF4111974500006A
:1052F00083A585D406E4EFB0CFBCA26091454101FF
:105300006FF0DFEA83C701A9858B814581CF411109
:105310009745000083A545D206E4EFB08FBAA2609E
:10532000854541016FF09FE823890182038701A928
:105330009387218363460700130700042380E70057
:1053400019C503C70700134707042380E7008280BD
:10535000411106E4F326003073700430B7070203EE
:10536000D8431377F7FBD8C37390063001459305F4
:105370000004EF102014A260014541016FF0DFFA34
:10538000B7070203938707059C4303C5218393F75F
:1053900007043D8D8280411106E4EFF07FFE05C1D8
:1053A0003146938581841385818323860180EF10A4
:1053B000504183C7B18093E70704A385F180A260C1
:1053C0004101828017450000130545876FF0DFD447
:1053D00041111305D00506E4EF10805BA260410186
:1053E0006FF05FFE411122E02A84084106E4EFF0ED
:1053F0003FEF1305C002EF10A0594840EFF05FEEF9
:105400001305C002EF10C05808440264A2604101B5
:105410006FF01FED411122E02A841305400206E4DB
:10542000EF1000572285EFF01FD10264A260130530
:10543000D00341016F10C055411106E422E02E84D3
:10544000EFF05FFD1375F40FEFF0FFCE0264A26082
:1054500041016FF03FF7011106EC22E832E42E849F
:10546000EFF05FFBA2652285EFF05FD44264E2605B
:1054700005616FF03FF519E5173500001305857CD0
:105480006FF09FC9411122E02A84173500001305EF
:10549000657C06E4EFF05FC82285EFF0DFC90264A7
:1054A000A26041016FF01FF2411122E02A841735FA
:1054B00000001305A57A06E4EFF01FC62285EFF081
:1054C0009FC7EFF03FF00264A2601305401F410147
:1054D0006FF08FED411122E02A841735000013058B
:1054E000657806E4EFF05FC31B05F4FF1375F50F55
:1054F000A94763E1A702174700001307E79B0A05C6
:105500003A951C41BA978287173500001305057636
:10551000EFF09FC00264A26041016FF07FEB17358E
:10552000000013052576EDB7173500001305057744
:10553000C5B7173500001305E577D9BF173500004B
:105540001305C577F1B71735000013052578C9B7DE
:10555000173500001305857865BF17350000130562
:10556000E5787DB7173500001305C57855B71735B1
:1055700000001305A57969BF173500001305857A6A
:1055800041BF173500001305E57A6FF0FFB81735F6
:1055900000001305257C6FF03FB81D7186ECA2E872
:1055A000A6E4138481A4CAE056F45AF05EEC62E8E3
:1055B00066E46AE04EFC52F8834504030145930417
:1055C0004006EFF07FE78345340305450149EFF0DE
:1055D000BFE6834514030945894AEFF0FFE583459B
:1055E00024030D458D4BEFF03FE5834584041145C1
:1055F000054C9BD525008589EFF01FE48345840485
:105600001545370D00809BD565008589EFF0DFE2F9
:10561000830584041945130BC0089BD5F501EFF0F1
:10562000BFE1834544032945EFF01FE10C5C0D46C3
:105630002D45EFF05FE24C5C0D463145EFF0BFE1E8
:105640008345840435458589EFF01FDF8345840455
:1056500051459BD555008589EFF01FDE83458404B5
:1056600055459BD535008589EFF01FDD83458404C2
:1056700059459BD545008589EFF01FDC834594048F
:105680005D45EFF07FDB6C440D466145EFF0BFDC1C
:105690002C480D466545EFF01FDC835544056945F0
:1056A000EFF09FD92C4C0D466D45EFF0DFDA2C4022
:1056B00001467945EFF03FDA6C4001467D45EFF059
:1056C0009FD983458404130500029BD51500858965
:1056D000EFF09FD6974C000083AC4C961B8A3400A9
:1056E000938981A42684137AFA0F630B5905630109
:1056F00079070D466303890583A5090022850524E2
:105700001374F40FEFF03FD59109E31044FFA9247F
:10571000052993F4F40F1379F90FE39164FDE66022
:105720004664A6640669E279427AA27A027BE26B59
:10573000426CA26C026D2561828083A5C9007DBF89
:1057400003A58901E685EFA01FC2AA850D467DB796
:1057500083A549020D46B3C5A5014DB70111173503
:1057600000001305256406ECEFF01F9B93858183F1
:105770000A85EF0030000A85EFF0DFC61305A003AD
:10578000EF10002103C5D185EFF0FF9AEFF05FC461
:10579000E260056182805D71A2E026FC4AF84EF469
:1057A00052F056EC5AE886E4014417390000130918
:1057B000E95F9949173A0000130ACA5F9D4A173BEF
:1057C0000000130BAB5FA1448A852285EFE08FFDBB
:1057D00015E5173500001305E547EFF0FF931D456C
:1057E000EFF07F95EFF01FBEA6600664E274427989
:1057F000A279027AE26A426B616182804A85EFF0A7
:10580000BF91630B3401630554071B0564031375D3
:10581000F50FEFF05F9221A05285EFF0FF8F130597
:10582000A003EF10E01605240A851374F40FEFF0BF
:105830007FBBEFF0FFB9E31994F8173500001305AB
:105840006558EFF07F8D1385418EEFF0BFB9EFF013
:105850003FB81735000013056557EFF0FF8B03A520
:10586000018FEFF0FFA7EFF0BFB6EFF03FEFADBF56
:105870005A8565B74111173500001305A55522E07B
:1058800006E41384018BEFF03F890345040093077E
:10589000B00863FEA7001735000013052554EFF08C
:1058A000BF87034504001B0565071375F50FEFF06F
:1058B0009F88173500001305E552EFF0FF8503457B
:1058C00064001B0565031375F50FEFF0DF861735D0
:1058D000000013052551EFF03F84034544004525A2
:1058E0001375F50FEFF03F85173500001305854F51
:1058F000EFF09F828347240055451D9D1375F50FDA
:10590000EFF07F83173500001305C54DEFF0DF8002
:10591000034534001B05A5051375F50FEFF0BF8196
:10592000173500001305054CEFF00FFF83471400F7
:105930001305E0051D9D1375F50FEFF0CFFF8347AD
:1059400074008DCB173500001305454AEFF0CFFCEE
:10595000034574008D47630BF500F9476305F500B7
:1059600089476319F500EFF00FFD29A01305000327
:10597000EF1000021735000013054547EFF0CFF98F
:105980008347940041476388E70613070002638951
:10599000E706B5CB1735000013054545EFF0CFF707
:1059A000834784001305800399E313059003EF00F8
:1059B000307E173500001305E543EFF0EFF50345A2
:1059C0004401EFF04FF71735000013052543EFF0C2
:1059D000AFF40848EFF01F93173500001305854218
:1059E000EFF08FF348448145EFF04FFC0264A26072
:1059F00041016FF0FF9D13053003EF00707959BF2F
:105A000013054003DDBF13055003C5BF011126E494
:105A1000AA84173500001305653F06EC22E82E84A2
:105A2000EFF08FEF2685EFF00FF11305D003EF00B5
:105A300030762285EFF06FEC4264E260A26405618B
:105A40006FF05F98011126E4AA841305E00306ECC9
:105A500022E82E84EF00D0732685EFF00FEA1305BD
:105A6000A003EF00F07222854264E260A264056147
:105A70006FF07FA0411122E02A8417350000130542
:105A8000653906E4EFF04FE92285EFF00FE7EFF01C
:105A90003F941735000013056539EFF0EFE7130564
:105AA0006005EF00F06E1305C002EF00706E3D451B
:105AB000EFF06FE81305C002EF00906D13050008CA
:105AC000EFF06FE70264A26041016FF07F907571A3
:105AD0003146938581840A8506E522E1A6FCCAF851
:105AE000CEF4D2F0D6ECDAE8DEE4E2E066FCEF10C9
:105AF000404D8A850808EF00E0471305C003EF001A
:105B0000306913848185834704004147636BF70044
:105B1000173700001307073D8A07BA979C43BA97C7
:105B20008287130700046383E71C13070008638759
:105B3000E71E130700026387E718138B81A403494C
:105B40004B03137919006300091E8347C400638C5B
:105B5000071C1735000013056532EFF0EFDB08086E
:105B6000EFF05F8883474B03898B9DC31735000097
:105B70001305C531EFF04FDAEFE0DFE3EFF0AFDB15
:105B80001305C002EF00D060EF00F06FEFF0AFDA66
:105B90001735000013050530EFF00FD8EFE0CFA563
:105BA000EFF04FF61305C002EF00905E0848814504
:105BB000EFF0CFDFEFF04F992A89EF00602CAA8435
:105BC000EFF00FFCB3679900C98F93F7F70FAA891D
:105BD000B5CB173500001305652CEFF0EFD36386C6
:105BE000090013050005EF00B05A63080902937716
:105BF000190089C713058005EF0090599377290094
:105C000089C713059005EF00B05813794900630662
:105C100009001305A005EF00B0578DC493F71400D9
:105C200089C713052005EF00B05693F7240089C7F4
:105C300013058004EF00D055918889C41305300501
:105C4000EF0010558347C40063820714FD37230615
:105C5000F4008347B40063840716FD37A305F400FE
:105C60001305E003EF00D052EFF0CFF5AA600A640D
:105C7000E6744679A679067AE66A466BA66B066CE8
:105C8000E27C49618280173500001305A51AEFF008
:105C9000AFC865B5173500001305451ACDBF83079A
:105CA000240063C10702173500001305A519EFF0A2
:105CB000AFC683472400858BB9CF13050003EF00DF
:105CC000304DA5BD1735000013054518C9B7173568
:105CD00000001305251865BF1735000013050518CA
:105CE0007DB7173500001305E51755B717350000C8
:105CF0001305C517EFF04FC2834724001305300387
:105D000013F787004DFF13F747001305200345DB0A
:105D100093F70702DDD31305100355B717350000BD
:105D200013054515ADB79389018B930A0102130A38
:105D300001018144CE8C094C8D4B83A5490303A5F9
:105D40008902EFA0EFAF23A0AA00AA856397840180
:105D500003A50C04EFA0CFAE2AD4631A09000325D3
:105D60000A0083A50A00EFA07FB62320AA0085249D
:105D700093F4F40F9109910A110AE39074FDE31A68
:105D800009DC173500001305E50FC1BB834704008C
:105D9000254793F7C70791C375478347B400230688
:105DA000E40081E78547A305F400173500001305DB
:105DB000650FEFF06FB60810EFF0CFE259BD8347E3
:105DC0000400254793F7C70791C34D4717350000D7
:105DD0001305C50DA305E400EFF00FB403457400EF
:105DE000EFF06FB51305C002EF00903A0345840051
:105DF000EFF06FB41305C002EF0090390345940033
:105E0000EFF06FB3EFC0CFFDAA84EFC03FA2B3E7BE
:105E1000A40093F7F70F2A84E38407E41735000002
:105E200013054509EFF04FAF91C8854713053005BD
:105E30006384F40013053004EF00903513740404F8
:105E4000E30004E213056004EF00903411BD41113A
:105E500006E4F326003073700430B7070203D8431A
:105E6000137777FCD8C37390063093058003014500
:105E7000EF004064A260930580030145410185ADB8
:105E8000B7070203A84B1345F5FF9377F50F13757A
:105E9000850311CD13D5370013F78700098919C37E
:105EA0001365150093F7070299C3136545008280B7
:105EB000411106E422E0EFF0BFFC05C9937715001D
:105EC0002A8499C3EFB0CFF99377440099C783C769
:105ED000B18093E72700A385F180098819C483C79F
:105EE000B18093E78700A385F180A260026441013D
:105EF000828001458280011122E826E406EC2A8492
:105F00008144A2852685EFE0CF8219ED23000400AD
:105F10009D452285EFF01FB391C4E2604264A26404
:105F2000056182808544F1BF83470400F5D722854F
:105F3000EFB00FFCAA85F1BF411106E4EFD04F9DF1
:105F4000A2602382018641018280939725003E95BD
:105F50000841411106E422E02E84EFA0BFD80A04D4
:105F6000938781A4A2978C43EFA0EFBFA260026445
:105F700041018280797122F026EC4AE84EE406F471
:105F8000AA842E8901448D499375F40F4A85EFF058
:105F9000DFFB93172400A69788C30504E31634FF9C
:105FA000A2700274E2644269A269456182807971DB
:105FB00022F026EC4AE852E006F44EE42A89938463
:105FC00081A40144314AB307890083A907009305DE
:105FD00000004E85EFA0EFDE6345A002CC504E8559
:105FE000EFA02FE6634F050011049104E31D44FD6B
:105FF0000145A2700274E2644269A269026A4561C5
:1060000082800545FDB7732700307370043083C765
:10601000B1805D8DA385A180731007308280797176
:1060200006F422F026EC4AE8834715000546A30350
:10603000C100B5C39B86C7FD93F6F60F1307400357
:106040002A84636FD7003707200045077E07B31502
:10605000D60005076D8F25EF130760026381E60404
:106060001389818503470900854663E3E624930687
:106070003002638CD70C9B8787FB93F7F70FAD46F5
:1060800063EAF62297360000938606EA8A07B697F7
:106090009C43B6978287EFF08FCF814431A883C7A6
:1060A000818593F7F70D6395072003472500930734
:1060B000D003630AF7008D44A270027442692685FA
:1060C000E26445618280EFB0AFE2AA84F5B703478E
:1060D000250075F313077004638FE7046367F70205
:1060E000130740026381E70413073004E397E7FADC
:1060F0009387818503C7070089466311D704EFB0F2
:106100002FD61545EFF00FBD49BF13078005E39665
:10611000E7F883C78185E392C7F80D45EFF08FBBA1
:10612000238C01849DBF83C78185E18B639207180F
:10613000EFF0AFC69DB7EFF0EFF385B7631A071620
:1061400009472380E700114575BF83472400A5F761
:10615000EFF06FE499B783C701A9C18B9544A9DF1C
:1061600091472300F90083472400B1F70145EFB0C0
:106170002FBE83471900E39207F2238C0184EFD0EE
:106180008F8383472400E39A07F02285EFF0BFD680
:1061900029B7034724009307C004E31EF7F0034721
:1061A000340093070005E318F7F083474400E394B5
:1061B00007F013050008EFF01FE5C5B58947A303F5
:1061C000F1008347240081EB2285EFD0DFDA2285BE
:1061D000EFF05F8AD9B51307D003E39EE7EC8D4754
:1061E0003307F400834607001B87D7FF22978527D4
:1061F0002300D70093F7F70FE5F62285A303F100FC
:10620000EFD0BFC359BD0347240093073005E31403
:10621000F7EA0347340093074005E31EF7E8034716
:1062200044009307D003E318F7E883476400E3943E
:1062300007E88347540013074002638CE700130705
:10624000A0026381E70213073002E396E7E60945FF
:1062500011A00545EFD09FC32545EFF0AFA7EFB0E4
:106260002FC025BD1305F00FF5B78947A303F10033
:106270008347240085EFA2850145EFD09FCB19CD40
:10628000A2850145EFF08FF8A2850545EFD07FCAC2
:1062900011C9A2850545EFF06FF701B51D45EFF077
:1062A0008F9DDDB71D45EFF00F9DC5BB854401C730
:1062B000A14419B581443000930571002285EFE0B7
:1062C0008FF219E18944CDBB834771001B8717000A
:1062D000A29783C607001377F70FA303E100930784
:1062E000D003E39AF6DCB1C0BA87B306F40003C664
:1062F0000600BB86E740A29685272380C60093F759
:10630000F70F65F62285A303F100EFB06FBEAA84F4
:10631000E31405DA2245EF104059EFA03F96A2851D
:106320001375F50FEFD09FAE41BB70009305710060
:106330002285EFE04FEB59D5834771003E948347A8
:106340000400E39A07D622449735000083A505CAC6
:106350002285EFA00FA7E340A0D62285EFA01F92D1
:10636000B2451375F50FEFD0DFCA85B37327003040
:106370007370043083C7B1801345F5FFE98FA3859F
:10638000F180731007308280F3270030737004307F
:106390002385A180739007308280F32700307370CB
:1063A000043023850180739007308280732700308A
:1063B0007370043083C791805D8DA384A1807310B6
:1063C00007308280732700307370043097A70F0066
:1063D00083C7C7C35D8D97A70F002389A7C273101A
:1063E00007308280F327003073700430A38401806B
:1063F000739007308280F32700307370043017A742
:106400000F00230507C07390073082808280B72772
:106410002070B726007023A0070001479B86061056
:10642000130600109B5757009B972700B59F8217B4
:10643000819323A007001B070702E315C7FE828094
:10644000F3260030737004309B172500821737073E
:1064500000708193BA978CC3372700709B57550003
:106460001B0707109B972700B99F821781939043C2
:106470007D8905473317A700518F012798C3739073
:1064800006308280B70790017D57D8CBB7079001BF
:10649000D8C38545130550066FF09FFA0F003003EF
:1064A000B70790010547B8D38280B70790017D57A1
:1064B000D8CB8280B70706009B870702A99F821569
:1064C0009B977700814681911305000233D7D50051
:1064D000058B09CB13960702019218424D9B136757
:1064E000470018C285269127E392A6FE8280732872
:1064F00000307370043037070203B70602039317A6
:10650000C5001307070593868603BE963E9718437A
:1065100090424D8E90C2B70602039386C603BE9684
:106520009042318F1347F7FF6D8F398E3707020383
:1065300001261307C70490C23E970CC33707020316
:10654000130747033E97104393C6F5FFF18E14C31C
:106550003707020313070703BA979843D98D8CC3F3
:106560007310083091451305C5036FF07FED732755
:10657000003073700430B7070203938707033205B6
:106580003E951C4193C5F5FFFD8D0CC1731007307E
:106590008280B7070A0323A4070037070A03FD56C2
:1065A00014C3310718439945054797A60F0023AD3B
:1065B000E6A41D4798C71305F0046FF07FE8B707FE
:1065C0000A03856623AE070037070A039386068011
:1065D00054CB37070A031307070218439D45A389C5
:1065E00001820947D8CF130500056FF07FE59307B7
:1065F000100617A70F002327F7A0B7070603F843D5
:10660000799BF8C31967B70706031307071098CBE0
:10661000B707060323A00700B843799BB8C3B707A1
:106620000603F84713671700F8C7B70706039387F1
:10663000070D9843799B98C38280411106E422E0BC
:10664000EFA0DF8E9735000083A5C59FEFA06F8771
:10665000930500002A84EF90DFF66354A00297357B
:10666000000083A5E59D2285EFA0AF85EFA0DF8523
:10667000B7C7007483B687FFE1179863158FE36E81
:10668000A7FEA260026441018280411106E4938763
:10669000818017A70F0013077796014663EAE7008A
:1066A00097A70F00938707961386F1801D8E619A36
:1066B00097350000938505AA17A50F00130585944B
:1066C000EF0030100F003003938701E917A70F0088
:1066D00013075793014663E8E70093878180138689
:1066E00071E91D8E619A814513858180EF00D00E7E
:1066F0000F003003970700009387C704739057304B
:1067000085679387078073A04730EFF03FD0EFF0A5
:106710001FD0EFA03F9A73005010F5BF000000009B
:106720000000000000000000000000000000000069
:106730000000000000000000000000000000000059
:10674000157186ED96E99AE59EE122FD26F92AF576
:106750002EF132ED36E93AE53EE1C2FCC6F8CAF464
:10676000CEF0D2ECD6E8DAE4DEE062FC66F86AF459
:106770006EF072EC76E87AE47EE0732C1034F32C41
:106780000030F327203463DC070A93F7F70F2D4717
:106790006397E70A37292070370A0203B70A020312
:1067A000B7090203370B0A03B70B0A031109130DCC
:1067B000F004930D0005130A0A04938ACA0493890E
:1067C000C903130B0B02B10B832709009B8407003D
:1067D000B5CB6399A40183A70B00EFC07FA523204D
:1067E0009900DDB76397B40183270B00EFC0DFC8C2
:1067F000FDB79307C0036397F40203240A00012442
:1068000023A08A0083A70900A18F23A0F900937712
:10681000740099C3EFE00FD91374840369D0EFF0CB
:106820002FE975BF93075006E39BF4FAEFF0FFC71B
:1068300073600430EF00E026737004304DB77300CE
:106840005010F5BF73900C3073101C346A74EE60F6
:10685000CE622E638E63CA742A758A756A66CA66AA
:106860002A678A676678C67826798679666AC66AEC
:10687000266B866B627CC27C227D827D626EC26EDC
:10688000226F826F2D617300203000000000000035
:1068900000000000000000000000000000000000F8
:1068A00000000000000000000000937705FC2E951A
:1068B00063E5A7000F00300382800B8057029387A7
:1068C0000704FDB7937705FC2E950F00300363E5B1
:1068D000A7000F00300382800B80670293870704B4
:1068E000FDB7011106EC22E826E417941B001304FF
:1068F000647123200404914517951B0013058574CA
:10690000EFF0BFFAB757424C938777241CC08544F9
:1069100044C089671CC4930700405CC42285C145FC
:10692000EFF0BFF82320040897B71B009387876D0B
:106930002320040C23A0071023A0071491451795CA
:106940001B0013052574EFF05FF6914517951B00AA
:1069500013054577EFF07FF5914517B51B0013053B
:10696000657AEFF09FF4914517B51B001305857DFF
:10697000EFF0BFF3EFF01FB124C04264E260A26405
:10698000914517951B001305E56B05616FF0FFF14D
:10699000797126EC52E097B41B0083A4A4762A8A6E
:1069A000914517B51B001305E57922F04AE84EE43E
:1069B00006F41B841400EFF0FFF04E1497B71B0091
:1069C00083A747783389F4404D9097B91B0093898A
:1069D0006963133919006311F402EFF03FAC17B982
:1069E0001B001309297691454A85EFF0BFED83A777
:1069F0000914E30AF4FE014982148190B3879900D7
:106A000017B51B0013050578854526952380471982
:106A1000EFF0BFE9914523A0891017B51B001305BE
:106A2000656EEFF09FE8630B09000274A270E264E8
:106A30004269A269026A45616FF05FA6A2700274A2
:106A4000E2644269A269026A4561828083C7418328
:106A500003C751831305F00F6301F702138781E029
:106A60003E9785270345070093F7F70F1307100894
:106A70006393E7008147238AF182828083C7518331
:106A8000238AF182828083C7518303C5418363E8EF
:106A9000A7001B0505F81D9D1375F50F82807D3538
:106AA000DDBF5971A6ECCEE4D2E056FC5EF462F094
:106AB00086F4A2F0CAE85AF866EC6AE86EE49794A5
:106AC0001B0093842454096A93895183938B4183D7
:106AD000138C81E0972A0000938A0A489145179504
:106AE0001B001305255AEFF0FFDD83A7040803A759
:106AF000040C1B8907001B040700630AF714931595
:106B000004028191138505102695637D2407BB053A
:106B1000894082158191EFF0FFDA130BF003930C9B
:106B2000E007614D930D1002931704028193A6971D
:106B300003C7071089660524FD16758C9377F70F38
:106B400001246300670B636BFB04638EA707214579
:106B5000638AB70903C7090093061008052713774E
:106B6000F70F6313D700014783C60B00638FE6045A
:106B700083C60900E2962380F6000F0030032380CD
:106B8000E900A1A0B305BA40EFF0DFD393150902E5
:106B9000819117951B001305E556B5BF0945638321
:106BA00097051B9787011B578741E35507FA9B877A
:106BB000C70793F7F70F71476369F7008A07D697FE
:106BC0009C43D6978287EFA0BFA9E31F24F523A09B
:106BD000840C914517951B001305C54EEFF0FFCCB3
:106BE000F5BD0545EFF02FC2CDB713050002DDBF9F
:106BF00083C7818593F7070213050004F9D7DDB732
:106C00000545EFF0AFFAD1B70945E5BF1145D5BF4E
:106C10002145C5BF4145F5B713050002DDB7130592
:106C20000004C5B713050008E9BF0545EFF08FF96B
:106C300069BF0945E5BF1145D5BF2145C5BF4145E0
:106C4000F5B713050002DDB713050004C5B7A6703C
:106C50000674E6644669A669066AE27A427BA27B0C
:106C6000027CE26C426DA26D65618280937705FCC7
:106C70002E9563E5A7000F00300382800B8057023A
:106C800093870704FDB7937705FC2E950F0030031B
:106C900063E5A7000F00300382800B8067029387B3
:106CA0000704FDB74111914517D51B001305854D0C
:106CB00006E4EFF05FFDB757564D17D71B000327CB
:106CC000674C938777E4630EF704014717951B0021
:106CD0001305453391657D569306004093170702CF
:106CE0008193AA97AE972380C7200527E318D7FE84
:106CF0009305004017D51B001305C550EFF01FF793
:106D0000B757564DA260938777E417D71B00232B04
:106D1000F746914517D51B001305C54641016FF095
:106D2000FFF4A260410182809307F03F63E3A70470
:106D3000011106EC22E826E42A84EFF0BFF60214E3
:106D40001165019013050520229597941B009384EB
:106D5000642B26958545EFF01FF3A2949167A697C3
:106D600003C50720E2604264A2641375F50F056154
:106D700082801305F00F82809307F03F63E1A7083C
:106D8000797106F422F026EC2A844AE8AE84EFF00A
:106D90007FF102149167019093870720A2971799BA
:106DA0001B00130929263385270185452AE4EFF0C6
:106DB0009FED22999167CA9703C70720630B97023B
:106DC0002380972022658545EFF05FEA854791454E
:106DD00017D51B001305053F17D71B002324F73ECB
:106DE000EFF0DFE80274A270E264426945616FF07F
:106DF000EFEAA2700274E264426945618280828097
:106E00003367C5009307F03F63ECE70E39714EEC32
:106E1000BB09C50022F826F406FC4AF052E81B879D
:106E2000190093070040AA84328463E3E70C2E8A9A
:106E3000EFF05FE7139504029167938707200191B4
:106E40009B0514003E9517991B001309A91B821579
:106E50004A9581912EE42AE0EFF0FFE20265A265F7
:106E600001468148014711639B07060063E58704DB
:106E7000821993D909024E999167CA9783C6072050
:106E80006386E6062380E720EFF05FDE85479145C5
:106E900017D51B001305053317D71B002324F73222
:106EA000EFF0DFDC4274E270A2740279E269426AB8
:106EB00021616FF0AFDEA59F82178193B306CA00F0
:106EC000CA9703C806009A979B1617001B577700AE
:106ED000558F83C607203B0707011377F70F63859C
:106EE00006012380072185480506BDBFE39E08F8FB
:106EF000E2704274A2740279E269426A216182807E
:106F0000828033E7C5009307F03F63EAE70A7971AF
:106F10004EE4BB89C50022F026EC52E006F44AE8B4
:106F20001B871900930700402A8AAE8432840145EA
:106F300063E8E704EFF01FD7139504029167938786
:106F400007209B05140001913E9517991B0013091A
:106F5000690B821581914A95EFF0FFD28146014776
:106F600091659B87060063E58702821993D9090220
:106F70004E999167CA9703C50720198D13351500DF
:106F8000A2700274E2644269A269026A4561828069
:106F9000A59F82178193CA97AE9703C60720B307B0
:106FA000DA0085061376F60F2380C7009B171700BB
:106FB0001B577700D98FB19F13F7F70F5DB70145C6
:106FC00082802A8309CA83830500230073007D160B
:106FD000050385056DFA82802A8311C62300B3005C
:106FE0007D16050365FE828001476314E6000145B6
:106FF0008280B307E5000507B386E50083C7070075
:1070000083C6F6FFE383D7FE3B85D74082809B573C
:10701000750193F7F70F9B8617F8931505021B0769
:107020000500368663DB05049305E0037D5563D4D4
:10703000D5007E15828063D70600FD576386F6046F
:10704000014582802617B705800025934D8FD945CD
:1070500063D9D5009B87A7F6B317F7003305F50270
:107060008280B7074000BBD7D740B99F5D47119FCB
:10707000BBD7E70082178193D5B79305E003054599
:10708000E3DBD5FA7D5505818280EF929FFFAA85CB
:10709000139715029B06050005933706807F411163
:1070A000B6876365C70263DB06002AC6EF003006B9
:1070B000B24509C52E85EF00100321A02E85EF8073
:1070C0003FF8AA852E8541016F905FFE65DFE3C41E
:1070D00006FE13D776011377F70F93D5764105E3B4
:1070E0000147370680009B971700B3F6C70013953A
:1070F0008602BA850527E35805FEBB05B040A617F2
:10710000370780009B8515F8A593D98F13F71500D5
:1071100011C386079BD515409B971700654501470E
:107120008148370600013B83C800BE8663C76700FD
:10713000BB08C300BB866740319F7D359B97160017
:10714000058275F199C20527799B1B571740B70730
:10715000003F3D9F9B957501B99DADB7EF927FF2C2
:10716000370700809B8805001347F7FF33F6E800D8
:107170003708807FAA876367C8009B060500758F64
:107180006376E8003E85EF80BFEB09A8370E803FAD
:107190001B8308006396C801EF100002AA8731A87C
:1071A0001B55E341098913D4F603498C15EF0947B0
:1071B0006308E4000D47630EE4003E856F901FEF07
:1071C0009725000083A585E817250000032545E8DD
:1071D0005DBF9725000083A565E7172500000325FF
:1071E00065E7EF90AFEE5DBF81260DE297250000C9
:1071F00083A5C5E563D70600172500000325C5E56F
:10720000CDB717250000032565E5B5BF6314060952
:1072100089476316C7066306F4028D476302F404C8
:1072200085479725000083A565E26307F4001725CD
:1072300000000325E5E281BF17250000032585E254
:107240004DB79725000083A525E2172500000325EB
:1072500025E1EF900FC79725000083A525DF25B70F
:107260009725000083A585E017250000032545DF4D
:10727000EF902FC59725000083A545DD9DB7E3015D
:10728000F4F48D47E307F4F48547630FF40893079C
:10729000000025B7E30C07F5119F1B5777419306B4
:1072A000C00363D1E6049725000083A565DC17259C
:1072B00000000325A5DAEF906FE1AA870547630474
:1072C000E40409476305E404E30904EE972500009C
:1072D00083A545DA3E85EF80BFD69725000083A5BC
:1072E00025D701B763560300930640FC634AD700D5
:1072F0003E85EF904F8706150591EF00F06B75BF47
:107300009307000065BF37070080B98F7DB59725CB
:10731000000083A525D63E85EF809FD2AA8517253C
:1073200000000325E5D275BD9727000083A7C7D1CC
:1073300069B5AA851397150205939B5677019B861D
:1073400016F8D94763C6D7041B0605009B0706003D
:1073500063DC0600B705008063C60700B705803F01
:1073600011E381452E858280370580001B07F5FFDC
:107370003B57D740798E012675D66355F0003B55B3
:10738000D540A99F1347F7FFF98F9B850700D9BF09
:10739000B707807FE368F7FC6F809FCAEF927FCECC
:1073A000931715023717493F8593130787FD41113E
:1073B000930500006379F7023707807F63E7E700F2
:1073C000EF00605241016F907FCE2C00EF00600A09
:1073D000937735000547B24522456389E7000947A1
:1073E000638DE70091EFEF000056E9BF0546EF001F
:1073F000304DB70700803D8DF1B7EF00C054D5BFC9
:107400000546EF00F04B7DBFAA8513971502059343
:107410009B5677019B8616F8D94763C6D7041B068F
:1074200005009B07060063DC0600814563D7070063
:10743000B70580BF19E3B70500802E858280370528
:1074400080001B07F5FF3B57D740798E012675D684
:1074500063D507003B55D540A99F1347F7FFF98F28
:107460009B850700D9BFB707807FE368F7FC6F8073
:107470003FBDEF921FBEB70400809B0B050093C475
:10748000F4FFB716493F33F79B00938686FD411101
:10749000AA872E8463E8E60008C093070000DCC1D9
:1074A000814995A0B7D61640938636BE1B8B0B003C
:1074B00063E7E60EB707008093C707FF3719C93F98
:1074C000B3FBFB00130909FD9725000083A5C5BA8E
:1074D00063566007EF908FBFAA89638A2B039725B5
:1074E000000083A5A5B9EF906FBEAA85AA844E853A
:1074F000EF90CFBD9725000083A545B8EF900FBD55
:1075000048C004C085494E8541016F90BFB897259A
:10751000000083A5E5B6EF906FBB9725000083A51B
:1075200065B62A89EF908FBAAA85AA844A85EF901A
:10753000EFB99725000083A5E5B4C9B7EF805FB028
:10754000AA8963872B039725000083A525B3EF80C5
:107550003FAFAA85AA844E85EF904FB797250000CC
:1075600083A5C5B1EF80DFAD48C004C0FD5961BF40
:107570009725000083A5C5B0EF809FAC972500003C
:1075800083A545B02A89EF80BFABAA85AA844A8526
:10759000EF90CFB39725000083A5C5AEE1B7B7162E
:1075A0004943938606F81B0A070063EBE616FD8C39
:1075B0009725000083A545AD2685EF908F909725F0
:1075C000000083A565A1EF80BFA7EF908FE49B0922
:1075D0000500EF902FF19725000083A5E5A9AA8A61
:1075E000EF902F8EAA852685EF904FAE2A8997259A
:1075F000000083A5A5A85685EF90AF8CAA85AA8424
:107600004A85EF90AFACFD474E8C63C337039B8632
:10761000F9FF8A06171700001307C7033697B70745
:107620000080184393C707F0B3FBFB00631D77018D
:107630009B5775011B5A7A4193F7F70FBB07FA4026
:1076400021476344F70008C085A09725000083A563
:1076500025A35685EF90EF86AA84AA854A85EF90E8
:10766000EFA6AA85AA8B4A85EF904FA6A685EF9034
:10767000EFA5AA849725000083A5C5A05685EF90A5
:107680004F84A685EF908FA4AA85AA845E85EF908B
:10769000EFA39B57750193F7F70F3B0AFA40E547B5
:1076A00063CB470308C05E89032A04004A85D2855C
:1076B000EF90CFA1A685EF906FA148C0E3550BE4F2
:1076C000B7070080334AFA003D8D2320440148C0AB
:1076D000BB0980410DBD9725000083A5259B5685DC
:1076E000EF803FFEAA84AA855E85EF902F9E2A89AF
:1076F000AA855E85EF908F9DA685EF902F9DAA8429
:107700009725000083A5C5985685EF809FFBA68529
:10771000EF90CF9BAA84AA854A85EF902F9B25B72F
:10772000B706807F6368D700AA85EF902F9A48C07C
:1077300008C0BDB39B577A411B89A7F79B177901F6
:107740003B0AFA405285EF90CFCCEF90AFD9AA8593
:107750002AC05285EF908F979725000083A58593C7
:10776000EF803FF6AA89EF90CFCAEF90AFD7AA85F6
:107770002AC2AA844E85EF906F959725000083A5B5
:107780006591EF801FF4930500002AC4EF809FDC11
:107790008D4609E9930500002685EF80BFDBB336EF
:1077A000A0008506971700009387C7F209474A860D
:1077B000A2850A85EF00002BAA89E3560BD41C4052
:1077C00037070080BB09A040B98F1CC05C40B98F4F
:1077D0005CC015BBEF92FF8A931715023717493F1C
:1077E0008593130787FD41116368F70001469305F0
:1077F0000000EF00F00C39A03707807F63E7E70057
:10780000EF00600E41016F907F8A2C00EFF07FC681
:10781000937735000547B24522456388E70009475D
:107820006388E70089EF0546E9B7EF00C011D9BFCB
:107830000546EF00F008B70700803D8DE1B7EF0087
:107840008010D5BF9B57750193F7F70F9B8717F8EB
:107850005947AA856345F7041B06050063DD070049
:10786000B70500807D57F18D6395E700B707803F2E
:10787000DD8D2E858280370780007D373B57F740AE
:10788000B376E6008126F5D6B7064000BBD7F640B2
:10789000B19F1347F7FF7D8F9B050700D9BF1307E3
:1078A0000008E398E7FC6F80AFF99B0605009BD7C3
:1078B000764193F7F70F1B8717F813060008631537
:1078C000C700AA856F80CFF737050080634B07009C
:1078D0007D46BA876353E600FD47370580FF3B5579
:1078E000F540758D8280EF92CFF941112AC6EF00E5
:1078F0000002B24519E52E85EF808FF441016F90AB
:10790000EFFA930500002E85EF80FFA5C5BF061591
:10791000935715021DC5370780FF3D9FB706007FAF
:1079200011456361D702370780009B86F7FF7917FF
:107930000D456379D7003707807F998F13B51700FE
:10794000828009458280EF920FF22A8993141902EE
:107950008590B7070032411163E1F4102E8AAA85A1
:10796000EF803FD69715000083A505672A84EF8036
:107970005FD59715000083A56572AA892285EF80DF
:107980005FD49715000083A5A571EF806FEBA285EA
:10799000EF803FD39715000083A5C570EF801FF3DC
:1079A000A285EF801FD29715000083A5E56FEF80B9
:1079B0002FE9A285EF80FFD09715000083A5056F02
:1079C000EF80DFF0A285EF80DFCF9715000083A561
:1079D000256EEF80EFE6A285EF80BFCEA285EF8017
:1079E0005FCE2A84D2854A85EF80BFCDAA852285C5
:1079F000EF80DFEDB7A7993E938797992A8463E0DC
:107A00009702AA854E85EF807FECAA8517150000A6
:107A10000325455FEF809FEB41016F906FE8B7074B
:107A2000483F63E79702B70500FFA59D17150000C3
:107A30000325455D2EC6EF807FE9B245AA844E85B9
:107A4000EF80DFE8A285EF807FE8AA852685D9B799
:107A50009715000083A54564D1BF171500000325C5
:107A6000655A5DBFEF92CFDD2571BA8B3EF00A07F4
:107A700097170000938787F7BA971B87F6FF03AC29
:107A800007003AE4BA872AEC71572E8AB28CB6897D
:107A900081446347E6009B04D6FF2147BBC4E40250
:107AA0001B8714001B1737003B89EC403B8DF440CB
:107AB0003AD64AC83B848701EA8A130B010BBB877D
:107AC000AA416351F41C1384F9FF1C19130D01150D
:107AD0000A043E94EA8A81476356FC2093172C00DF
:107AE000938707068A97BEE493972400BEE08A092D
:107AF0001C19CE973EFCA147BB87274162843ED824
:107B0000131B2400981093070B14BA9783A707FB45
:107B1000BA8DB3846A01BA89228DF1146349A01D1C
:107B2000CA853E85EF00700F971700009387C758EE
:107B30008C43AA84EF80FFB8EFF01F8D97170000E9
:107B40009387C7578C43EF80DFB7AA852685EF80E0
:107B5000FFD7AA84EF90EF8B1B0D0500EAC8EF90CA
:107B60006F98AA852685EF807FD6AA896357201D46
:107B70009B07F4FF8A07981093870714BA9783A48A
:107B800007EC4257C2563BD7E4403B0DED003B1794
:107B9000D700999C23A097EC9D47BB872741BBD476
:107BA000F440635E9004052D814601471306F00FF3
:107BB0009305001063CC861A63582001854763073C
:107BC000F91C89476302F91E8947639AF4029717E3
:107BD0000000938727438843CE85BAE8EF801FCF04
:107BE0004667AA8909CFCA85171500000325854174
:107BF000EF00B002AA854E85EF805FCDAA8993057C
:107C000000004E85EF801F95631E05241B07F4FFBF
:107C1000BA8781461B0607006354861B638A0620C9
:107C200042471B0987FF9386F7FF13972600130728
:107C300007060A975843630407221B840700CA8576
:107C4000171500000325053CEF00207DAA89228935
:107C5000228B971C000083ACEC4593170B0263DB6F
:107C6000072893192400CE9AA28D63CC0D2E971667
:107C700000009386A6D85687930C000081473B0BE3
:107C8000B441C9A493970A021305000063C9070011
:107C9000027793972A00BA978843EF90AF84232006
:107CA000AB00850A110B21BD3EFCE26793962D00C7
:107CB0000C43BE9688423AF8850DEF809FA0AA85B6
:107CC0005A85EF80EFB74277E2772A8B71172266E9
:107CD0009B860D00E35AD6FC23206D018527110DEC
:107CE0001104DDBB2287814D130B0000CDB71717A0
:107CF00000001307273C0C433E85BECCEF807F9CE1
:107D0000EF803FF1EF801FFE9717000093878738C1
:107D10008C43AAC87D3DEF80DF9AE647AA8591098A
:107D20003E85EF80BFBAEF80DFEE23AEA9FE8C4028
:107D30004645EF80EFB0AA87CDB3631D09009B07CE
:107D4000F4FF8A07938707149810BA9783A407EC67
:107D50009D8481BD97170000938707288C43814439
:107D6000EF803F86E34D05E8894435BD83A70D00CC
:107D700019EB91C7BB87F54023A0FD0085478526F9
:107D8000910D3E8705BDBB07F640FDB79B07F4FF8D
:107D90008A07941093870714B69783A607EC93F687
:107DA000F60723A0D7EC0DB59B07F4FF8A079410C4
:107DB00093870714B69783A607EC93F6F603D5B717
:107DC00013162700130606060A9610427D17D18E59
:107DD00091B5852771171443EDDE22679B0D1400C2
:107DE0003D9CE277BB89ED008A091819BA99938402
:107DF000C7FF9B870D00E345F4D086670277139B8E
:107E00002D00DA97BA978843130D0000EF809FED9D
:107E100023A0A90033876401814722669B8607005F
:107E2000635BD600569B2320AB01850D9109D1B72A
:107E30002667854745B793962700BEECE2670C435B
:107E4000BAE8BE968842EF80DF87AA856A85EF8010
:107E50002F9FE66746672A8D850771177DBF6139B9
:107E6000B687D1B3B2574E85BB859741EF00E05A34
:107E7000971D000083AD0D22EE85AA89EF806FF477
:107E8000634F05049715000083A5C5224E85EF803A
:107E90005F83EF801FD8EF80FFE493070B149810E7
:107EA000EE85338BE700AA8CEF80BF81AA854E85D3
:107EB000EF80DFA1EF80FFD5C2470524931924008E
:107EC0002320ABEC98101B898700668593870914E3
:107ED000B389E700EF80FFD323A0A9EC8DB393070C
:107EE0000B1498104E85338BE700EF809FD2232030
:107EF000ABECB1B393172B00B38DFA009387070651
:107F00008A9788437D1BEF80FFDDCE85EF806FFB76
:107F100023A0AD00E6854E85EF80AFFAAA8935BB78
:107F20000C4388423EEC3AE836E4EF808FF9AA85AC
:107F30006685EF80EF90E267A2664267AA8C85278C
:107F4000910611076344FC00E35CFBFC0A0B9307FA
:107F50000B149810338BE70023209BF7FD3DF11A9B
:107F600029B3894763CD7701130500006346700983
:107F700063810B0613757D001D616F900F918D4716
:107F8000E39AFBFE1C02BE99CE8AA28BF11A6348CB
:107F9000700B054CF119634A8C0C13050000054465
:107FA0009B0709006349F40E032701108327411042
:107FB000639C040E2320EA002322FA002324AA0053
:107FC00055BF931729001802BA978C437D19EF808B
:107FD0002F8793170902E3D607FE81C4B7070080F5
:107FE0003D8D2320AA0079B7931729001802BA976C
:107FF0008C437D19EF80CF8493170902E3D607FEE7
:10800000AA8781C4B7070080A98FAA85032501101C
:108010002320FA0013090110EF805F8B85491109B5
:108020006359340181C4B70700803D8D2322AA0023
:1080300091B7832509008529EF808F80CDB783AC68
:108040000A0003AC4A00FD3B6685E285EF705FFFE6
:10805000AA852A8B6685EF807F87E285EF705FFEB9
:1080600023A2AA0023A06A0115B783AB090003ABC2
:1080700049007D345E85DA85EF709FFCAA85AA8A67
:108080005E85EF80BF84DA85EF709FFB23A2A90095
:1080900023A0590101B7931729001802BA978C43FE
:1080A0007D19EF70FFF9EDBDB7060080358FB58FF4
:1080B000358D2320EA002322FA002324AA005DBD87
:1080C000EF82DFF92A849317140285933707003271
:1080D00063EAE708AE89AA85B28AEF808FDEAA84B8
:1080E000AA852285EF80EFDD9715000083A545FD69
:1080F0002A892685EF80EFDC9715000083A585FC93
:10810000EF80CFFCA685EF80CFDB9715000083A51D
:10811000A5FBEF70FFF2A685EF80AFDA97150000A0
:1081200083A5C5FAEF808FFAA685EF808FD99715C2
:10813000000083A5E5F9EF70BFF02A8A63970A0271
:10814000AA852685EF80EFD79715000083A545E91E
:10815000EF80CFF7CA85EF80CFD6AA852285EF7052
:108160003FEE2A8422856F805FF39715000083A578
:10817000A5E64E85EF80EFD4AA8AD2854A85EF80A6
:108180004FD4AA855685EF806FF4A685EF806FD314
:10819000CE85EF80AFF3AA849715000083A585F301
:1081A0004A85EF800FD2AA852685EF802FF2AA8517
:1081B0002285EF80AFF175B7EF82FFEAB707008045
:1081C0001B07050093C7F7FFBA89B70680507D8F5C
:1081D0002A84636ED702B707807FAA8563ECE70025
:1081E0009715000083A545EF635C3001171500006B
:1081F0000325C5EEEF70DFE42A8422856F805FEAF5
:10820000171500000325C5EDEF804FECF5B7B70655
:10821000E03E6376D702B70700316370F702971527
:10822000000083A525ECEF70BFE19715000083A542
:1082300065DDEF800FB9E342A0FC7D5991A07D8CF4
:10824000B707983F6379F714B707303F637FF7109C
:10825000A2852285EF70DFDE9715000083A585DA01
:10826000EF80CFE6AA849715000083A525D7228545
:10827000EF701FDDAA852685EF80EF8E2A840149E5
:10828000A2852285EF80EFC3AA852A8AEF806FC37B
:108290009715000083A5C5E5AA84EF808FC29715C6
:1082A000000083A525E5EF70BFD9A685EF806FC1DB
:1082B0009715000083A545E4EF709FD8A685EF8051
:1082C0004FC09715000083A565E3EF707FD7A685A3
:1082D000EF802FBF9715000083A585E2EF705FD672
:1082E000A685EF800FBE9715000083A5A5E1EF706E
:1082F0003FD5D285EF80EFBC9715000083A5C5E080
:108300002A8A2685EF80EFBB9715000083A505E03C
:10831000EF80CFDBA685EF80CFBA9715000083A54D
:1083200025DFEF80AFDAA685EF80AFB997150000A3
:1083300083A545DEEF808FD9A685EF808FB897158E
:10834000000083A565DDEF806FD8A685EF806FB74D
:10835000AA855285EF70DFCEA285EF808FB6FD57DC
:10836000AA856314F908228545B59715000083A5F1
:1083700065C92285EF808FD5AA849715000083A553
:1083800065C82285EF70DFCBAA852685EF70BFFD1B
:108390002A840549F5B5B7071C40637EF702971597
:1083A000000083A565D42285EF804FD2AA8497155B
:1083B000000083A565D32285EF80AFB0971500003C
:1083C00083A545C4EF70DFC7AA852685EF70BFF986
:1083D0002A84094975B5A28517150000032505D122
:1083E000EF707FF82A840D4961BD0A0997040000E7
:1083F0009384C463CA948C48EF804FCDA285EF80EC
:10840000EFCCAA858840EF806FCC2A84E3D709DEC1
:10841000B7070080A18F3E84CDB3EF829FC6AA87A5
:108420009396170213D61602E1922E8485EA35CE72
:108430009715000083A585CEEF80AFA801259B5638
:108440007541D17793F6F60F938707CB9D36635F1F
:10845000F4001B55F501EF00E00735A01306F00FFF
:108460006380C6021B0705001B050700B1679387E1
:10847000073563DC87001B55F501EF00A00721A03D
:10848000AA85EF70FFBBAA870DA0BB07D400130716
:10849000E00FBE85E341F7FE635CF000B707808024
:1084A000FD17E98F1B957501C98F3E856F801FC031
:1084B0002157E3C0E7FA370780807D17E5279B97B0
:1084C0007701798D9715000083A585C55D8DEF80B7
:1084D0004F9F55BF19C9171500000325A5C497154F
:1084E000000083A565C46F80CF9D1715000003258C
:1084F000A5C3F5B719C917150000032525C397159E
:10850000000083A5E5C26F80CF9B171500000325EF
:1085100025C2F5B7D47FFFFF3A80FFFFDC7FFFFF66
:108520003A80FFFFE07FFFFF3A80FFFFDC7FFFFF25
:10853000D47FFFFFD47FFFFFE07FFFFFDC7FFFFFE3
:10854000BC7FFFFFBC7FFFFFBC7FFFFFE07FFFFF23
:1085500000010202030303030404040404040404EA
:1085600005050505050505050505050505050505BB
:10857000060606060606060606060606060606069B
:10858000060606060606060606060606060606068B
:10859000070707070707070707070707070707076B
:1085A000070707070707070707070707070707075B
:1085B000070707070707070707070707070707074B
:1085C000070707070707070707070707070707073B
:1085D000080808080808080808080808080808081B
:1085E000080808080808080808080808080808080B
:1085F00008080808080808080808080808080808FB
:1086000008080808080808080808080808080808EA
:1086100008080808080808080808080808080808DA
:1086200008080808080808080808080808080808CA
:1086300008080808080808080808080808080808BA
:1086400008080808080808080808080808080808AA
:10865000000FC93F000F494000CB9640000FC940B2
:108660000053FB4000CB164100ED2F41000F494164
:108670000031624100537B41003A8A4100CB964170
:10868000005CA34100EDAF41007EBC41000FC94139
:1086900000A0D5410031E24100C2EE410053FB4150
:1086A00000F20342003A0A420083104200CB164215
:1086B00000141D42005C234200A5294200ED2F4218
:1086C00000363642007E3C4200C74242000F49421B
:1086D000A2000000F9000000830000006E0000000E
:1086E0004E000000440000001500000029000000BA
:1086F000FC0000002700000057000000D10000002F
:10870000F500000034000000DD000000C0000000A3
:10871000DB000000620000009500000099000000EE
:108720003C000000430000009000000041000000F9
:10873000FE0000005100000063000000AB000000DC
:10874000DE000000BB000000C5000000610000006A
:10875000B7000000240000006E0000003A00000096
:10876000420000004D000000D2000000E0000000C8
:1087700006000000490000002E000000EA00000092
:1087800009000000D1000000920000001C00000061
:10879000FE0000001D000000EB0000001C000000B7
:1087A000B100000029000000A70000003E0000000A
:1087B000E80000008200000035000000F500000025
:1087C0002E000000BB0000004400000084000000F8
:1087D000E90000009C00000070000000260000007E
:1087E000B40000005F0000007E00000041000000B7
:1087F0003900000091000000D600000039000000A0
:10880000830000005300000039000000F400000065
:108810009C000000840000005F0000008B0000004E
:10882000BD000000F9000000280000003B0000002F
:108830001F000000F800000097000000FF0000008B
:10884000DE00000005000000980000000F0000009E
:10885000EF0000002F000000110000008B0000005E
:108860005A0000000A0000006D0000001F00000018
:108870006D000000360000007E000000CF00000008
:1088800027000000CB00000009000000B700000036
:108890004F000000460000003F000000660000009E
:1088A0009E0000005F000000EA0000002D000000B4
:1088B0007500000027000000BA000000C70000009B
:1088C000EB000000E5000000F10000007B0000006C
:1088D0003D0000000700000039000000F700000024
:1088E0008A0000005200000092000000EA00000030
:1088F0006B000000FB0000005F000000B100000002
:108900001F0000008D0000005D0000000800000056
:108910005600000003000000300000004600000088
:10892000FC0000007B0000006B000000AB000000BA
:10893000F0000000CF000000BC000000200000009C
:108940009A000000F4000000360000001D00000046
:10895000A9000000E3000000910000006100000099
:108960005E000000E60000001B00000008000000A0
:108970006500000099000000850000005F00000015
:1089800014000000A000000068000000400000008B
:108990008D000000FF000000D800000080000000F3
:1089A0004D000000730000002700000031000000AF
:1089B0000600000006000000150000005600000040
:1089C000CA00000073000000A8000000C9000000F9
:1089D00060000000E20000007B000000C00000001A
:1089E0008C0000006B000000040000000700000085
:1089F00009000000000000000000C93F0000F0393D
:108A00000000DA370000A2330000842E0000502B53
:108A10000000C2270000D0220000C41F0000C61BB7
:108A200000004417000000003863ED3EDA0F493FB4
:108A30005E987B3FDA0FC93F6937AC31682122333A
:108A4000B40F14336821A2337290FFFF188EFFFF1A
:108A5000188EFFFFB290FFFFBE90FFFFCA90FFFF8E
:108A6000D690FFFF188EFFFFDE90FFFF188EFFFFEE
:108A7000EA90FFFF188EFFFFF290FFFFFA90FFFFD2
:108A80000291FFFF188EFFFF188EFFFF188EFFFF69
:108A90001C91FFFF2891FFFF3491FFFF768DFFFFB0
:108AA000C48DFFFF0C8FFFFFC48DFFFFC48DFFFF40
:108AB000DA8EFFFFC48DFFFFC48DFFFFC48DFFFF63
:108AC000C48DFFFFC48DFFFFDA8EFFFFC48DFFFF53
:108AD000C48DFFFFC48DFFFF688EFFFFF88EFFFF80
:108AE000F88EFFFFF88EFFFFF88EFFFFF88EFFFF76
:108AF000F88EFFFFC48DFFFF048FFFFF008EFFFF86
:108B0000648DFFFF648DFFFF648DFFFF648DFFFFA9
:108B1000648DFFFF648DFFFF408EFFFF408EFFFFDF
:108B2000408EFFFF6C8EFFFF6C8EFFFF648DFFFF9A
:108B3000648DFFFF648DFFFF648DFFFF648DFFFF79
:108B4000648DFFFF008EFFFF648DFFFF008EFFFF2F
:108B500094B5FFFFA2B5FFFFA8B5FFFFB2B5FFFFB9
:108B6000B8B5FFFFD0B5FFFFE6B5FFFFD0B6FFFFFA
:108B7000D0B6FFFFD0B6FFFF04B6FFFF0AB6FFFF77
:108B800010B6FFFF16B6FFFFD0B6FFFFD0B6FFFF4F
:108B9000D0B6FFFFD0B6FFFFD0B6FFFFD0B6FFFFC5
:108BA00032B6FFFF58B6FFFF74B6FFFF8AB6FFFF6D
:108BB00090B6FFFF96B6FFFF9CB6FFFFA2B6FFFF81
:108BC000D0B6FFFFD0B6FFFFA8B6FFFFB2B6FFFFDB
:108BD000B8B6FFFF0000000000007A4300007A43AF
:108BE00000007A430000FA430000FA430000FA4311
:108BF00000A00C4700A00C4700A00C47000048C391
:108C0000000048C3000048C30A000019010000002A
:108C10000AD7233C6F12033B00007A440000000097
:108C2000000000000000C8410000FA43FA00000004
:108C30000000803F000000000D0A0000000000005E
:108C40006F6B0D0A00000000000000000000000033
:108C50006572726F723A0000414C41524D3A000009
:108C60005B4D53473A000000526573657420746F82
:108C700020636F6E74696E7565000000000000006F
:108C8000272448277C2724582720746F20756E6C72
:108C90006F636B000000000043617574696F6E3A8A
:108CA00020556E6C6F636B6564000000000000006F
:108CB000456E61626C65640044697361626C6564F1
:108CC0000000000000000000436865636B20446FF3
:108CD0006F72000000000000436865636B204C6900
:108CE0006D6974730000000050676D20456E64006C
:108CF000526573746F72696E672064656661756C26
:108D00007473000000000000526573746F72696E26
:108D100067207370696E646C6500000000000000DD
:108D2000536C656570696E6700000000000000000C
:108D30000D0A4772626C20312E3168205B27242790
:108D400020666F722068656C705D0D0A000000007F
:108D50005B484C503A2424202423202447202449D3
:108D600020244E2024783D76616C20244E783D6C82
:108D7000696E6520244A3D6C696E652024534C5011
:108D8000202443202458202448207E2021203F20D6
:108D90006374726C2D785D0D0A0000000000000005
:108DA0005B5052423A0000005B47000000000000A8
:108DB00032380000000000003330000000000000E6
:108DC0005B4739323A0000005B544C4F3A000000D8
:108DD0005B47433A4700000033382E000000000094
:108DE0002047000000000000204D000000000000AF
:108DF0002054000000000000204600000000000099
:108E00002053000000000000244E0000000000007D
:108E10005B5645523A312E31682E32303139303876
:108E200033303A00000000005B4F50543A0000001D
:108E300049646C650000000052756E00000000007F
:108E4000486F6C643A0000004A6F67000000000041
:108E5000486F6D6500000000416C61726D0000009C
:108E6000436865636B000000446F6F723A00000056
:108E7000536C6565700000007C4D506F733A0000C4
:108E80007C57506F733A00007C42663A0000000045
:108E90007C46533A000000007C506E3A000000000F
:108EA0007C57434F3A0000007C4F763A00000000A8
:108EB0007C413A0054C6FFFF6AC6FFFF74C6FFFF3D
:108EC0007EC6FFFF88C6FFFF92C6FFFF9CC6FFFF5E
:108ED000A6C6FFFFB0C6FFFFBAC6FFFFC4C6FFFFAE
:108EE000A6CDFFFFF8CDFFFF02CEFFFF5ACCFFFF5C
:108EF000EECDFFFF5ACCFFFF5ACCFFFF5ACCFFFF4D
:108F0000B4CDFFFF5ACCFFFF5ACCFFFF5ACCFFFF76
:108F10005ACCFFFF5ACCFFFF5ACCFFFF5ACCFFFFC1
:108F2000BECDFFFF32D2FFFF98D2FFFF90D3FFFFED
:108F300090D3FFFF90D3FFFF90D3FFFF46D3FFFFF7
:108F400090D3FFFF90D3FFFF90D3FFFFE2D2FFFF4C
:108F50006ED2FFFF96DCFFFF9CDCFFFF76DCFFFF9D
:108F600076DCFFFF76DCFFFF76DCFFFF76DCFFFFC1
:108F700076DCFFFF76DCFFFF76DCFFFF76DCFFFFB1
:108F800076DCFFFFACDCFFFFB4DCFFFFB8DCFFFFEB
:108F9000BCDCFFFFC0DCFFFFC4DCFFFFCADCFFFF5F
:108FA000D0DCFFFF76DCFFFFD6DCFFFFDEDCFFFF5F
:108FB000E2DCFFFFE6DCFFFFEADCFFFFEEDCFFFFA9
:108FC00076DCFFFFF4DCFFFFBD3706B5DB0FC940E1
:108FD000BD3706350000003F00000040ABAA2A3E26
:108FE000000080400000C84200007F433333CB4183
:108FF0000AD7A33B6F12833A00007E430AD7233C73
:109000000000803F3EC32E390000A03F5ED0B24E2C
:10901000000070429976967EEFFF7F3FEFFF7FBFA3
:10902000CDCCCC3D000020410000A0410000C0BFDD
:109030000000A0408B42213D000061450000C84176
:1090400000007A44000000806042A20DDB0F49401E
:10905000DB0F49C0DB0FC9BFDB0FC93FDB0F493F47
:10906000DB0F49BF00004040000040C02EBD3B3335
:109070002EBDBB33800FC93F4344353700443537DD
:1090800008A3852E84F9223F00A3852E32318D243A
:10909000000080430000903E4ED747ADF6740F317C
:1090A0007CF29334010DD037610BB63AABAA2A3D5E
:1090B0000000803B0000003E00000041D3C92E2F7D
:1090C000342FD7321BEF3836010D50398988083CD0
:1090D000ABAA2ABE6821A233DA0FC93FDA0FC9BF93
:1090E000CAF249710000C03F000080BFD769853CCB
:1090F00059DA4B3D356B883D6E2EBA3D2549123EFF
:10910000ABAAAA3E21A215BD6BF16E3D95879D3D90
:10911000388EE33DCDCC4C3E0000004C00000033C7
:109120000000808000008000FFFF7FFFFFFF7F7F47
:109130000000000000004940000000000000F03F77
:109140000000000000002440000000000000594022
:08915000010000000100000015
:040000058FE0000088
:00000001FF
