:1000000017210020130181ACEF40103F2A0B0000A4
:100010002A0B00002A0B00002A0B00002A0B00000C
:100020002A0B00002A0B00002A0B00002A0B0000FC
:100030002A0B00002A0B00002A0B0000180E0000FB
:100040002A0B00002A0B00002A0B00002A0B0000DC
:10005000880E00002A0B00002A0B00002A0B00006B
:100060002A0B00002A0B00002A0B0000300B0000B6
:100070002A0B00002A0B0000540F00002A0B00007E
:100080002A0B00002A0B00002A0B00002A0B00009C
:0C0090002A0B00002A0B00002A0B0000C5
:10009C00B71700409387070A9843411106C622C43C
:1000AC001367070898C337570040230107009306CE
:1000BC00A00E37570040231CD700375700402302AF
:1000CC00070037570040834617003754004093F61B
:1000DC00E60FA300D70003470400B70620001377F0
:1000EC00E70F2300E4009843558F98C3B70700200F
:1000FC0093874700EC43A843EF600030A567AA85BF
:10010C0003A58765EF505039B717002023AEA76AB7
:10011C008347040093F7E70F2300F400B240224416
:10012C004101828037570040B75700402302A70097
:10013C0003C7070011E51377E70F2380E7008280E0
:10014C0013671700DDBFB70700201387470003476D
:10015C00D7059387470009EF13750504371700403F
:10016C0009C91307870BB706040014C3A38307063A
:10017C0082801307C70AC5BFB717004033F7A50025
:10018C009387870B98C393C5F5FFB71700406D8D08
:10019C009387C70A88C382803707002093074700DC
:1001AC0083C7870413074700918BB1C3B71700406F
:1001BC009387870B916694C3B717002083C7276B6F
:1001CC009306C003230FF70683470703F917B3877A
:1001DC00D7028D83B307F040A30EF706B727004074
:1001EC0003C72740136717002381E7408280B717A6
:1001FC0000409387C70A7DBFB7070020938747004D
:10020C00B71600203716002003C5170303C82703B1
:10021C002389066A2308066A81478D453357F540C2
:10022C00058B11CF054791C7854809476383170193
:10023C00114783C8266B336717012389E66A335746
:10024C00F840058B11CF054791C785480947638353
:10025C00170111478348066B336717012308E66AB9
:10026C008507E39DB7FA8280411122C43714002020
:10027C0026C28324C46A06C69DC0B7070020938794
:10028C00470003C7970983A5470B13671700A38C77
:10029C00E7082E85EF509064C8C82326046AB24044
:1002AC0022449244410182805D71B717002056DAD6
:1002BC0083CA676B4EDE5ED686C6A2C4A6C2CAC00F
:1002CC0052DC5AD862D466D26AD06ECE8149D68BB3
:1002DC0063930A00C14B371B002003497B6BFD1B4A
:1002EC0093FBFB0F6300791393074003B387FB0267
:1002FC00370400209304440013044400BE9483A5E7
:10030C00C40E03AA840E2E85EF50005783A5040F4C
:10031C00EF50D05CAA85AA845285EF60E0786353D5
:10032C000500D28493074003B387FB02414AA2978E
:10033C0023A2970E63830B005E8A7D1AB7040020FC
:10034C00137AFA0F9384440D371C0020630F49076E
:10035C0093074003B38BFB02930C4003A69B5E8D6B
:10036C00B30B9A03D28DA69B63130A00414A8347B1
:10037C003C6C7D1A137AFA0F63934701F535B387FA
:10038C009D03B30DF40083A78D0E03A54D0EBE8502
:10039C003EC4EF5070431DC583A5CD0E2E85EF5086
:1003AC00A04D83A50D0FEF50705383254D01EF50D9
:1003BC00A04C2A8DAA852245EF5090476353A00686
:1003CC0023A2AD0FE31D49F931A083473C6C639325
:1003DC002701593D130740033307E902930719001E
:1003EC0013FCF70FC146B38CE4006313DC00014C23
:1003FC00014A930B4003414D63998A0363040A003D
:10040C00A30B3B6BB640264496440649F259625AFC
:10041C00D25A425BB25B225C925C025DF24D61612E
:10042C008280A24723A2FD0E71BF33097C0383A7F0
:10043C004C013EC42245B38D240122998327490ED9
:10044C00BE853EC6EF6040666359050283A5CC01AC
:10045C002E85EF50604283A50C02EF503048A24528
:10046C00EF508041AA8CAA853245EF50703C635600
:10047C00A0002322990FE289054A33077C032297B7
:10048C008325870E0325470EEF50103419E1E289BE
:10049C00054A93071C0013FCF70F6313AC01014CC6
:1004AC00EE8C99BFB71700203717002083C7376C25
:1004BC000347676B0145630BF70013074003B387D2
:1004CC00E702370500201305450D3E95828041114A
:1004DC0026C206C622C483471501445513F71700DC
:1004EC0021C3B707002003C58706EF60E03AA56774
:1004FC0083A5C765EF50903EA685EF50303E2A8409
:10050C00A56783A4475B2285A685EF5070326343B1
:10051C00A0002684B240228522449244410182806C
:10052C00918B2A848DE3B707002003C57706EF6013
:10053C00A036A56783A5C765EF50503AAA852685D6
:10054C00EF50D039AA840054A6852285EF60C0559F
:10055C00E34805FA26846DB7B70700209387474018
:10056C00D85798CB985BD8CBD85B98CF82800111A9
:10057C00A5674AC803A9076656C2B70A008022CCF1
:10058C004EC652C45AC006CE26CAAA892E8A014427
:10059C00FD1A314BB3078A0084439305000026856E
:1005AC00EF50902205C1B38789008843A685EF5090
:1005BC00A06EB3F4AA00CA852685EF50702763435A
:1005CC00A00026891104E31764FDF2406244D24472
:1005DC00B249224A924A024B4A85424905618280BD
:1005EC00B7170040370700200347C7049387470A13
:1005FC009C431377070493F7370219E393C7370229
:10060C00014589CF13F7270013F5170019C313659C
:10061C00250093F7070299C31365450082803707BD
:10062C0000200307C704B7170020A38A076A634694
:10063C00070013070004A38AE76A19C503C7576BA1
:10064C0013470704A38AE76A8280B7170040938791
:10065C00470A9C43BD8393F7F70F13C5F7FF137736
:10066C00F50F1D8911C9850713752700858B118B13
:10067C005D8D19C3136545008280011126CAB7042C
:10068C00002022CC4AC84EC652C406CE56C2AA89F5
:10069C002E89014493844400314AB307890088436E
:1006AC00B38A8900EF60401FB38784008C43110428
:1006BC00EF50805E23A0AA00E31144FFF240624495
:1006CC00D2444249B249224A924A05618280370596
:1006DC000020130545009305C5421305454571BF20
:1006EC00011122CC3704002026CA4AC852C406CEB7
:1006FC004EC62A89130444008144314AB307990039
:10070C0083A90700930500004E85EF5070126345D6
:10071C00A0024C504E85EF602039634F05009104C8
:10072C001104E39D44FD0145F2406244D244424928
:10073C00B249224A056182800545FDB7F326003097
:10074C0073700430371700208347176C5D8DA3003E
:10075C00A76C739006308280411106C6A13309C57F
:10076C00B24009454101D9BFB24041018280F32614
:10077C00003073700430371700208347176C134513
:10078C00F5FFE98FA300F76C739006308280F32796
:10079C00003073700430371700202300A76C73905F
:1007AC0007308280F3260030737004303717002036
:1007BC008347976B5D8DA30CA76A7390063082807C
:1007CC00F326003073700430371700208347876B93
:1007DC005D8D230CA76A739006308280B71700409A
:1007EC009387470A9C4337160040035766099316B4
:1007FC000501C182F58FB98F93C7F7FF7D8D298FC6
:10080C0042074183231BE608B717004003D747096B
:10081C00558F239AE708B7170040239ED708B717C0
:10082C00004003D70709558F2398E708B7E700E086
:10083C003707020023A0E7108280B7170040938788
:10084C00070A98431377C7FD98C3B71700409387DF
:10085C00470B98431377C7FD98C3B717004093878E
:10086C00070B98431367370298C3B707002083C759
:10087C00C704A18B81C7130530028DB7B717004091
:10088C0003D70709C1669386C6FD758F2398E708C1
:10089C008280371700408347A7002907898BE1E343
:1008AC00B716004003C6E6049386E6041376F60FEB
:1008BC00F328003073700430B71700409387070497
:1008CC001308700523800701130580FA2380A70005
:1008DC0083C5060093E535002380B60083460700E8
:1008EC0093E626002300D70023800700739008307E
:1008FC003717004083468700210793F6F60FF3283D
:10090C00003073700430238007012380A7008345D7
:10091C00070093E5050C2300B700238007007390B4
:10092C000830A5470100FD17F5FFF3250030737063
:10093C000430B7170040130770052380E704130732
:10094C0080FA2380E704371700402304D7003717B9
:10095C0000402307C70423800704739005307325D8
:10096C00003073700430B717004093870704930569
:10097C0070052380B700130680FA2380C700371751
:10098C0000408346A70093E616002305D7003727BF
:10099C0000408546A303D780372700408346578005
:1009AC0093E60601A302D78023800700731005305D
:1009BC0073250030737004302380B7002380C70088
:1009CC00371700408346F70093E60604A307D700C9
:1009DC00371700409306A0042304D7002380070098
:1009EC00731005308280411106C6EF60A01619C540
:1009FC00D1473305F50219C17D157DFDB24041018A
:100A0C0082809567938707E201C93E877D177DFF3A
:100A1C007D1542054181CDBF8280411122C406C69D
:100A2C00B727004003C727409306F00F1377E70F53
:100A3C002381E740B7070020054723A0E700B7173D
:100A4C000020A388076AB7070020138747000345D7
:100A5C003703138447000347C705631DD502B71737
:100A6C00002083C7076C9DE7930700086308F70213
:100A7C00814703478404118B19C393C7170095C38F
:100A8C00B71700409387870BB2402244116798C375
:100A9C004101828091468147E30DD7FC9D37854704
:100AAC00C9BFB71700409387C70AF9BFB717002013
:100ABC0083C7176CC18BBDE34111414506C6BD39D7
:100ACC00375700408347070093F7E70F2300F700E1
:100ADC00B71700409387C70A3707040098C3B707B6
:100AEC0000209387470003C7C70583C70706937683
:100AFC00C702998BD58F85C39147631BF700B71736
:100B0C00002083C7076C194589C7B240410131B732
:100B1C000D45B539DDBFB2404101828082800100B4
:100B2C00FDBF85BB1D714ED0B7290040A6C43ED871
:100B3C0052CE86CE96CC9ACA9EC8A2C6AAC2AEC0C7
:100B4C0032DE36DC3ADA42D646D44AD272CC76CA97
:100B5C007AC87EC693890940054A23834901B71494
:100B6C00002083C7146B63950726370400201309F4
:100B7C0044008345F907116513050580AE05E98D21
:100B8C00EFF08FDF8345E90713050070A205EFF046
:100B9C00AFDE0347D907B7F700E098C79843136750
:100BAC00170098C3A388446B7360043083274909EA
:100BBC0013044400CDEBB7170020B716002003C771
:100BCC00A76A83C6966A6381E61E83C7A76A130762
:100BDC00C447370600208E073E97232AE4083307C4
:100BEC00F4008356E74703260600B386C60223A605
:100BFC00D9008356C747034707482316D4088346B2
:100C0C00E4086383E60251462307E4083307C7026E
:100C1C009306C44ABA9622970327874B2328D408F5
:100C2C00058338DC78D838D813070408144BB7156B
:100C3C00002083C5056B03C60601A29703C5274890
:100C4C002D8EA30FC4068C4203C61748B3D5C5001E
:100C5C000CC3CC429446B3D5C500B3D6C6004CC326
:100C6C0014C7EFF02FCC371700208346276A85472F
:100C7C006390F604B71700409387470A9C43B71656
:100C8C00002083C6566B93F707046383F602314644
:100C9C009305C442130504512301076AEF70103207
:100CAC00371700208347176C93E70704A300F76CF2
:100CBC001307040814433C58230F0406B697144B2F
:100CCC003CD8D8466371F7020546230FC40603C609
:100CDC000601998F3CD8058A8327C4426302061209
:100CEC00FD172326F4427C5803264408B2977CD87F
:100CFC006374F7020346E407998F7CD813662600C9
:100D0C00230FC40603C6060183270443098A630B19
:100D1C00060EFD172328F4423C5C03268408B29788
:100D2C003CDC6373F7020346E407998F03C70601A3
:100D3C00136646003CDC230FC406118B8327444307
:100D4C0061C7FD17232AF4420347C4059147631971
:100D5C00F7000347E40783472406F98F230FF406B3
:100D6C008357C408FD17C207C1832316F4088DE30B
:100D7C00371700208347A76A232A0408994685075A
:100D8C0093F7F70F2305F76A6394D7002305076AD7
:100D9C00371700208347E4070347276BA388046AAF
:100DAC00B98F230FF4062DA08D398327090983C72A
:100DBC00170189CFB75700403757004023820700EF
:100DCC008347070093F7E70F2300F7001145BD3267
:100DDC003644F640E6425643C643A644164586457D
:100DEC007256E2565257C2573258A258125982596B
:100DFC00724A624ED24E424FB24F25617300203080
:100E0C008507C5B5850739B785072DBF5D7122DE0E
:100E1C002ADC2EDA3ED286C696C49AC29EC032D83E
:100E2C0036D63AD442D046CE72CC76CA7AC87EC672
:100E3C0037F400E023220400B717002083C5276B8A
:100E4C0013050070A20593F50570EFF0EFB21C408E
:100E5C00B640A642F99B1CC0725416438643625599
:100E6C00D2554256B256225792570258F248624E09
:100E7C00D24E424FB24F6161730020305D713ED251
:100E8C00B717004022DE03D4C7093AD486C6420401
:100E9C00418096C49AC29EC02ADC2EDA32D836D64D
:100EAC0042D046CE72CC76CA7AC87EC6239E8708BC
:100EBC00B717004003D76709218F239BE708937767
:100ECC00340285C3B707002003C707068547630AAA
:100EDC00F700B717002083C7076C81E7C13E0545B3
:100EEC007D303D8015CCEFF04FF62A8415C99377F1
:100EFC00150091C3653E9377440089CB37170020CA
:100F0C008347176C93E72700A300F76C098809C87F
:100F1C00371700208347176C93E78700A300F76C03
:100F2C007254B640A642164386436255D255425679
:100F3C00B256225792570258F248624ED24E424F46
:100F4C00B24F6161730020301D71A2C6373400406E
:100F5C00A6C44AD24ED052CE86CE96CC9ACA9EC841
:100F6C00AAC2AEC032DE36DC3ADA3ED842D646D41D
:100F7C0072CC76CA7AC87EC6130404409304F0037C
:100F8C001309E007E149130A100203475400058BCB
:100F9C0049E383471400898BA9C78347540093F70F
:100FAC000702A1C337160020B71500208346166A26
:100FBC0083C5056A93F7F60F638BB614B70600204A
:100FCC0093864600BE9683C6065A850793F7F70F9D
:100FDC002304D400930690066383D7003E87A300B6
:100FEC00E66A3644F640E6425643C643A6441645E6
:100FFC0086457256E2565257C2573258A258125969
:10100C008259724A624ED24E424FB24F25617300E2
:10101C002030034784009377F70F6301970863E749
:10102C00F404638B37072145638B47073716002081
:10103C000347466B9306100805071377F70F6313E6
:10104C00D7000147B716002083C6366BE38FE6F254
:10105C008345466BB706002093864600AE96238EDA
:10106C00F6500F003003230AE66A05B7094563887A
:10107C002703139787016187E35A07FA9387C707FA
:10108C0093F7F70F7147E362F7F025678A071307A9
:10109C008783BA979C438287113CC5BD0545EFF009
:1010AC00EFE9E5B513050002DDBFB707002083C7E4
:1010BC0007061305000493F70702E38807ECC5B78E
:1010CC000545EFF02FEED1B50945E5BF1145D5BF6C
:1010DC002145C5BF4145F5B713050002DDB7130522
:1010EC000004C5B713050008E9BF0545EFF04FED47
:1010FC0069BD0945E5BF1145D5BF2145C5BF414572
:10110C00F5B713050002DDB713050004C5B7834717
:10111C00140093F7D70FA300F400E1B537160020A5
:10112C000347066A9307900605071377F70F6313B7
:10113C00F7000147B7370040B715002093870740E9
:10114C0039A083C6170093E62600A380D70083C678
:10115C00156AE388E6FE83C6170093F6D60FA380C4
:10116C00D7008345066AB706002093864600AE96E4
:10117C002380A65A2300E66A03C7170013672700CB
:10118C00A380E7008280411122C406C62A8403454D
:10119C000400050409E5B240224441018280BD3FB0
:1011AC00FDB7256513054503F9BF411106C622C4D9
:1011BC0026C29307300663F1A702A9473374F502E0
:1011CC003355F50213040403A947B374F5023355E0
:1011DC00F5029384040331A0A54701448144E3E55F
:1011EC00A7FE130505031375F50F0D3F99C0268552
:1011FC00353719C422852244B2409244410139BF8B
:10120C00B2402244924441018280411122C42A847A
:10121C0025651305850306C6BD372285793722441B
:10122C00B2404101BDBF09E5256513050504A1BF09
:10123C00E9BF797126D2AE849305000022D406D67C
:10124C004AD04ECE52CC2A84EF501006635805007B
:10125C001305D002E135B70700803D8CA56703AAC2
:10126C0047662689854963ED290993D71400795778
:10127C00B387E702A69793F7F70F81CBA56783A5F2
:10128C0087662285EF4090652A84A56783A5075A57
:10129C0022850144EF40405EEF500059294735E963
:1012AC00B3B784003389844093C917001379F90FBD
:1012BC00014691E34A869305000333058100EF70E4
:1012CC002052814763830900CA873E941374F40F3C
:1012DC00639D840093870401138414001307000397
:1012EC008A972388E7FE1374F40F3309810039E0E1
:1012FC00B250225492540259F249624A456182809A
:10130C002285D285EF40905D79192A841379F90FE3
:10131C0099BF930704019306140033842700B37715
:10132C00E502938707032308F4FE3355E50213F413
:10133C00F60FB5B7631594001305E002C5330345EA
:10134C00F9FF7D141374F40FD13B7D194DB7B7071A
:10135C00002083C7C7048D45858B99CBA56783A5D2
:10136C00C766411106C6EF407057B2409145410126
:10137C00C9B5B707002083C7C7048145858B99CBB6
:10138C00A56783A5C766411106C6EF403055B2402C
:10139C008545410179BD41111305D00506C6BD3BFC
:1013AC00B2404101FDBB411122C42A84084106C64A
:1013BC00793F1305C0029D334840513F1305C002CD
:1013CC00B13B08442244B240410151B7411126C2FD
:1013DC00AA841305400206C622C42E8481332685B6
:1013EC00E9331305D0031D3B1375F40F7D3B2244E9
:1013FC00B2409244410175B3011126CAAA84130567
:10140C00400206CE22CC32C62E84093B2685713B87
:10141C001305D0032133B2452285213D6244F240AD
:10142C00D2440561BDBB797156CAB70A002006D6F5
:10143C0022D426D213844A004AD05AC85EC662C44B
:10144C0066C26AC04ECE52CC834504030145930458
:10145C004006AD3F8345340305450149853F83452F
:10146C0014030945938A4A009537834524030D4597
:10147C00094BA93F8345840411458D4B898185898E
:10148C00B137834584041545054C998185893D3FC9
:10149C00830584041945370D0080FD81053F834584
:1014AC004403294525370C5C0D462D45B1374C5C62
:1014BC000D46314591378345840435458589393747
:1014CC008345840451459581858909378345840476
:1014DC0055458D818589DD3D834584045945918130
:1014EC008589ED35834594045D45CD356C440D46B9
:1014FC00614519372C480D466545FD3D835544051E
:10150C006945E9352C4C0D466D45FD352C400146A1
:10151C007945DD356C4001467D45F93D83458404B4
:10152C0013050002858185895535A56783AC07674E
:10153C00138A3400D6892684137AFA0F630C690552
:10154C00630279070D466304890583A5090022858A
:10155C0005041374F40F4D359109E31144FFA904EC
:10156C00050993F4F40F9307C0081379F90FE3916D
:10157C00F4FCB250225492540259F249624AD24AB3
:10158C00424BB24B224C924C024D4561828083A55A
:10159C00C90075BF03A58901E685EF40E06FAA85F8
:1015AC000D4675B783A549020D46B3C5A50145B7D0
:1015BC000111256522CC130585043704002006CEC5
:1015CC0013044400C936930504514800EFF0EF8A28
:1015DC004800D13B1305A003913603451406F136A0
:1015EC006244F240056145BB2E96AE870147856883
:1015FC0037B303001308F00F63F81701B3866700C5
:10160C0003C806001378F80FB386B740AA96238058
:10161C000601931617001D83558F42978507137784
:10162C00F70FE399C7FC05669306F00F63F9C70043
:10163C00B7B60300B69783C6070093F6F60F3305CB
:10164C00D740133515008280411122C43704002085
:10165C0006C6130404610345040009E5B2402244A4
:10166C004101828005045D3CFDB779714ECE52CCB0
:10167C0006D622D426D24AD056CA5AC85EC683474A
:10168C00050037070020130707613E9783470700C3
:10169C009306D002AA892E8A6397D7048347170032
:1016AC0013092700854A8146014701440145254617
:1016BC009305E00F21489548938707FD93F7F70FA3
:1016CC006364F60405071377F70F636AE80281C6B3
:1016DC007D14620461843305150306053E950509E6
:1016EC008347F9FFD1BF9306B00213091700639625
:1016FC00D7008347170013092700814A6DB7E5F21D
:10170C00050462046184E1BF6395B70099E28546E4
:10171C00F9B729CBEF50804A93050000AA84EF401B
:10172C00B00A05C1A56783ABC7657D5B63486405DB
:10173C00631F6405A56783A547672685EF40101ACC
:10174C00AA8463850A00B7070080BD8CB707002008
:10175C00938707613309F94023209A007D19238070
:10176C0029010547B250225492540259F249624A57
:10177C00D24A424BB24B3A85456182802685DE8542
:10178C000904EF40B0156204AA84618445B755D8AA
:10179C00A56703AB87667D142685DA856204EF4066
:1017AC00F0136184AA8465F869BF01114EC6B709AC
:1017BC00002026CA938449004AC852C403A9440491
:1017CC0003AA040456C2AA8AD2854A8506CE22CC24
:1017DC005AC0EF40F00503CB54069389490063547B
:1017EC0005025A85EF50400BA56783A5C765EF40EE
:1017FC00F00ED685EF40900E2A84AA855285EF50C4
:10180C00A02A6340A00223A649071305F00FF2405B
:10181C006244D2444249B249224A924A024B05617F
:10182C008280A2854A85EF40B00063400502930593
:10183C0000002285EF40407909E593070000FCD4B5
:10184C00F9B723A624070545D9B7CA85E0D4228564
:10185C00EF40903AB717002083A5C76BEF401008F4
:10186C00EF501021A56783A5475BEF40E000EF50D8
:10187C00602E1375F50F61BF411122C4370400208F
:10188C0006C6130744000347D70515E3AA871304BC
:10189C00440015E1930700007CD437570040834780
:1018AC00070093F7E70F2300F700A3030406B240E9
:1018BC0022444101828041472E856397E702371706
:1018CC0000401307C70AB706200014C3034784045B
:1018DC00098B19C7130700026394E7001305000076
:1018EC00E935EFE03F84D1B7371700401307870B7A
:1018FC00D9BF411122C43704002006C626C21304E6
:10190C004400EFF08F911306800381451305840981
:10191C00EF60106D13068002814513050407EF601C
:10192C00306CB717002023A6076AB7170020238551
:10193C00076AB71700200547A384076AB71700206A
:10194C002384E76AB7170020A388076AEFE0DF8AD1
:10195C00B717002083C4076BB717002083C5276B0C
:10196C0013050070A30F9406A205EFE0FF8022443C
:10197C00B2409395B4009244116513050580410162
:10198C006FE08FFF3705002041117146814513052B
:10199C00454106C6EF60D064B7170020A381076CE1
:1019AC00B7170020B240238B076A0547B7170020F2
:1019BC002381E76CB7170020A38B076A4101828053
:1019CC00797122D426D24AD052CC06D64ECE2A8455
:1019DC002A89130AC5009304000083290900930582
:1019EC0000004E85EF40405E11C9CE854E85EF401C
:1019FC00E06EAA852685EF303068AA841109E31EB3
:101A0C0049FD2685EF50C043A567AA84AA8503A586
:101A1C00475BEF406028AA852AC60840EF40006C5F
:101A2C00B24508C04840EF40606BB24548C008441E
:101A3C00EF40C06A08C4B25022540259F249624ABB
:101A4C0026859254456182805971A2D437040020B6
:101A5C0086D6A6D2CAD0CECED2CCD6CADAC8DEC6EC
:101A6C00E2C4E6C2EAC06EDE9307440083C70706F1
:101A7C00858B6396071EA56783A7C767130444006D
:101A8C00256C3ED6371700200347876AB71700200E
:101A9C0083C7A76A3ACE6384E71C371D00208327CF
:101AAC00CD6A834B0406DDE393F94B006382091A7C
:101ABC00B717002083C7676B13074003130B040D84
:101ACC00B387E7023E9B23266D6B0349940983473A
:101ADC00840993FA2B00937419006381041AA30CE4
:101AEC000408832CCB0103250C5A1309000023286E
:101AFC00240BE685EF40401A2AC083240B02638A2C
:101B0C000A2689472306F40A83294B01CE85EF4028
:101B1C00E05CAA852685EF40300ECA852A8AEF4004
:101B2C00B07863530524E6856685EF30F054A685BE
:101B3C00EF40C05AAA854E85EF40100CEF50403054
:101B4C00232EA40A93EB8B0023007407B7170020F5
:101B5C0003CA976A03478409832BCD6A0E0AB3071D
:101B6C0044012380E74883A70B028325840A3E8522
:101B7C003EC8EF407008930500002AD0EF40D072A9
:101B8C0063550500930700003ED08327040C832C7B
:101B9C00840B834AC40A3EC28327440C1245032992
:101BAC00440BBE853ECAEF402042894711C1854790
:101BBC003ED48327040B13070000014B3EC483273C
:101BCC00C40B814D3AC63ED2C2473EC0A56783A422
:101BDC00876726CC8547638DFA448D47638CFA3230
:101BEC00638E0A3C83A5CB012685EF40204FCA8526
:101BFC002A8BEF40706B63590502A56783A5075AC2
:101C0C005A85EF40A04DAA854A85EF40E07EA68517
:101C1C00EF40C04CAA850245EF40007EA245AA8940
:101C2C00EF4000416347A038A2450245EF40C07C1D
:101C3C00AA85EF307044AA841255CA85EF30D04380
:101C4C00AA852685EF404005AA841259A249F9AE0F
:101C5C00EFE05F852326AD6A2A8BE31805E6B650C4
:101C6C00265496540659F649664AD64A464BB64B04
:101C7C00264C964C064DF25D65618280850793F784
:101C8C00F70F15476383E700BE84D147B387F4028F
:101C9C001307C44AB7160020230C94080325CB0065
:101CAC003E9723A2E66A03470B01A2979387074846
:101CBC00238EE70203270B000E07D8D703274B0010
:101CCC000E0798DB03278B000E07D8DB13173500A4
:101CDC0098DFEF40B06E83250B022320A40AEF306F
:101CEC00B07BAA852322A40A3255EF30F07A9307F1
:101CFC000000232EF408937789002324A40AB3E769
:101D0C00FA00A1CF8325C40B137979FF232AB40AD7
:101D1C002E85EF40A03C232AAB00A30C2409D1470D
:101D2C00B384F40283478404898BA294A38E044A5F
:101D3C00E38907DA83471B0193F70702E38307DA8A
:101D4C00A5678325CB0203A5475BEF30F07485476D
:101D5C002324A40CA38EF44A69B303254B01EF5042
:101D6C00200E232AA40A65BF2328440B232E240B00
:101D7C00D1BB2306040A2320940C639D090AB717D0
:101D8C00002083C7376C4147850793F7F70F6383B0
:101D9C00E700BE89B717002083C7676B13090000E3
:101DAC006389370193074003B389F902A29903A908
:101DBC00490E4A85EF50C008AA8D5A85232EB40BC4
:101DCC00EFE0EFF0AA852A8AEF404031032B4B015C
:101DDC00AA8ADA85EF40504D63510508D6855A859D
:101DEC00EF4080618245EF40602FAA852685EF4049
:101DFC00A0602320A40C93050000EF40F04A634F31
:101E0C00A00289472306F40AE6856685EF30D026C2
:101E1C00A685EF40A02CAA855A85EF40E05DEF50D7
:101E2C00200283479409232EA40A93E78700A30C6E
:101E3C00F40809BB930D00006E8941B7CA8556851D
:101E4C00EF40805B8245EF4060292322A40C232CB9
:101E5C00440B8D472306F40AF5B1CA855A85EF4029
:101E6C00A0598245EF408027A685EF30F0208325CE
:101E7C000C5AEF40A02693050000AA89EF40401BA6
:101E8C006353A008A6854E85EF401042635B0506A0
:101E9C00CA855685EF4040568245EF402024AA85DE
:101EAC002322A40C4E85EF40A0186359A002232CCA
:101EBC00440BDA855685EF40201119E1854759BF4F
:101ECC00DA855685EF4040538245EF402021AA85A4
:101EDC002685EF4060522320A40CADB1E68523206B
:101EEC00340D2322340D6685EF301019CE85EF406A
:101EFC00E01ECA85EF305018EF409074232CA40AD2
:101F0C0091B1894781BF930700002320F40C232C47
:101F1C00B40B0DB983A5CB012685EF40201C2A8B71
:101F2C00E6854A85EF40404DAA855A85EF40401022
:101F3C00634F050492454245054B854DEF40C04B20
:101F4C00AA85EF307013AA84CA856685EF30D0124B
:101F5C00AA852685EF3050549249AA846689854A11
:101F6C003245A685EF305011E2452AC6EF40D033FA
:101F7C00635A050EB2456245EF400048AA842245DB
:101F8C00CE85EF4070326355050E4EC0A1B1A567EA
:101F9C0083A5075A5A85EF406014AA854A85EF40FD
:101FAC00A045A685EF408013AA850245EF40C044AA
:101FBC00AA89DA854A85EF40204485A883A5CB0100
:101FCC002685EF40A011A56783A5075A2A8BEF4001
:101FDC00E010CA85EF30500AA685EF402010AA8584
:101FEC000245EF406041AA89AA851245EF404004A2
:101FFC006359A00292454245054B854DEF40C03FC9
:10200C00AA85EF307007AA84CA856685EF30D006A2
:10201C00AA852685EF305048AA84A25A924966892F
:10202C0081B7DA854A85EF3030052A89054B0DBF1B
:10203C00E6852685EF40800AAA850245EF40C03B25
:10204C00D245AA89EF405026E35C05F0D245024503
:10205C00854D894AEF40403AE685EF30F043AA843B
:10206C00D249FDBD82554E85EF30907C634DA00A60
:10207C0063040B00232A240B63840D002306540BEA
:10208C00B717002083A7476A03C7170183470406C5
:10209C00A18BD98F95CF03C51B011375050349CDB2
:1020AC0083A40B0301CF8325840C0325440BEF4041
:1020BC00E002AA852685EF406002AA842685EFF00F
:1020CC00CFEE834704062306A40CDD9B2300F40605
:1020DC008347C40C8325440A330B44012301FB487A
:1020EC004E85EF30B07F2A89EF504008AA84032533
:1020FC00040AEF50A007A685AA8AEF40E02FEF4014
:10210C007025931C050193DC0C01231E9B476399DE
:10211C000C028347040613F727001DC393E717002F
:10212C002300F4062DBEA56783A587676245EF30B3
:10213C00A074B2452ACC89B5930700007CD451B762
:10214C008325C4093245EF3020732A8BCA85568506
:10215C00EF40802AAA855A85EF301034A56783A5F5
:10216C000768AA8AEF309077EF504000EF40901E3E
:10217C0089679387B7D463EAA700B3074401A380A8
:10218C00074813170501418325A81167130777A981
:10219C0085476378A7009D679387F752B3B7A7006D
:1021AC00890733074401B39CFC00A300F74833555F
:1021BC00F500231E9747C1671387F7FFE363F5FC10
:1021CC00F2479946850793F7F70F6393D70081473A
:1021DC00F246229A231FEA4637170020A304D76A37
:1021EC00CA853717002023A03B032320940A268599
:1021FC002304F76AEF404020D685EF30306E232E53
:10220C00A4082245CE85EF30305CE31D058693058E
:10221C0000004E8583440406EF3090616357A000A4
:10222C0093E41400230094061DBC93F74400EDFBCB
:10223C0037160020371700208346366C0347676B30
:10224C0023260D6AE300D784138716001377F70F44
:10225C00C1456303B700BA87371700208345776BF6
:10226C006394D500A30BF76AA301F66C6FF09F8102
:10227C001D71CEC6B719002083C7096CA2CCCAC881
:10228C003704002086CEA6CAD2C4D6C2DAC05EDE1F
:10229C0062DC66DA1304440037190020A9C32565F3
:1022AC0013050505054A93F4F70F230E4405EFE0DB
:1022BC009FED2685EFE07FEFFD14EFE09FEE130519
:1022CC00401F93F4F40FEFE0CFF363749A04F327F9
:1022DC000030737004302380096C7390073083478F
:1022EC00196C93F4F70F6383075E13F9040163060B
:1022FC0009048547A30EF404F6406644D6444649C7
:10230C00B649264A964A064BF25B625CD25C256162
:10231C008280256513058505EFE0FFE6256513052D
:10232C000506EFE05FE6EFF00F874145EFE02FC4C5
:10233C008347196CC18BEDDF59BF93F71400638091
:10234C00071E31469305C4426800EF6020476C00BD
:10235C002808EFE08FB21305C003EFE03FDC8347A2
:10236C00C40541476369F70025678A071307C78AC5
:10237C00BA979C438287130700046384E72C1307E6
:10238C0000086387E72E13070002638CE728834954
:10239C00440393F919006381092E83478406638DE6
:1023AC00072C25651305450BEFE0FFDD2808EFE052
:1023BC009FFF83474403898BB9CF25651305450CD3
:1023CC00EFE07FDCB71700203717002083C7676B5F
:1023DC000345376C63E2A7303D051D8D1375F50F72
:1023EC00EFE0BFDC1305C002EFE05FD3B7170020AE
:1023FC003717002083C6476B0347376B93F7F60FED
:10240C001375F70F63ECE62C130505F81D8D13758A
:10241C00F50FEFE09FD925651305C50CEFE0BFD68E
:10242C008347C4051305000093F7C70799C3032519
:10243C00440BEFE01FF41305C002EFE03FCE6854ED
:10244C008145EFE01FDFEFE0AF99AA89EFE0EF9F46
:10245C00B71700409387470A03AA0700B717002055
:10246C0083CA576B137A0A04B3E7A90033475A019E
:10247C00D98F93F7F70F2A89A5CF25651305450D3D
:10248C00EFE07FD063065A0113050005EFE01FC98A
:10249C006388090293F7190089C713058005EFE0DB
:1024AC00FFC793F7290089C713059005EFE01FC7F5
:1024BC0093F94900638609001305A005EFE01FC6D8
:1024CC00630809029377190089C713052005EFE00B
:1024DC00FFC49377290089C713058004EFE01FC45C
:1024EC00137949006306090013053005EFE01FC39B
:1024FC00834784066386071EFD172304F40683476F
:10250C00740663870720FD17A303F4061305E00385
:10251C00EFE0DFC0EFE0FFC80545EFE04FA593F714
:10252C00840E6388072E0349C405139A8401135A39
:10253C008A41937739006399072A937789026385D7
:10254C0007288349E4059307F00363E13703EFD0D1
:10255C00BFD189472300F406930700026318F900E2
:10256C0063460A0093E909F8230F340593F7040432
:10257C0091CB9377090299E78347E40593E7070426
:10258C00230FF40493F7840099C7FD4763E52701F3
:10259C00C147230EF40493F70402638707242565CF
:1025AC0013058505EFE03FBE25651305050FEFE02C
:1025BC009FBDEFE05FDE8347E405139787016187DA
:1025CC00634E07200347C405930600046314D72009
:1025DC0013F7870011C78D9B93E72700230FF40493
:1025EC0093070004230EF404D5AA256513054507AB
:1025FC00EFE07FB969BB25651305C507D5BF830718
:10260C00E40563C00702256513050508EFE0BFB7B5
:10261C008347E405858BB1CB13050003EFE01FB0B6
:10262C00BDB3256513058508E1B725651305C508F8
:10263C00C1B725651305450965BF25651305C50992
:10264C0045BF25651305450AEFE0FFB38347E40555
:10265C001305300313F7870071F313F747001305C5
:10266C0020034DDF93F70702C5DB130510037DB77D
:10267C0025651305C50AADBF130B8443930A4102AC
:10268C00130A8101094C8D4B83254B0303258B02C7
:10269C00EF30801E23A0AA00AA85631789010325A9
:1026AC008447EF30601D2AD6639A090003250A007F
:1026BC0083A50A00EF3050542320AA000509137992
:1026CC00F90F110B910A110AE31079FDE39B09CC68
:1026DC0025651305C50BC9B97D1501B37D153DB332
:1026EC008347C405254793F7C70791C375478347AD
:1026FC0074062304E40681E78547A303F4062565E5
:10270C001305C50DEFE03FA84810EFE0DFC9C5BBCE
:10271C008347C405254793F7C70791C34D472565E4
:10272C001305450EA303E406EFE0FFA503453406AD
:10273C00EFE0BFA71305C002EFE05F9E0345440620
:10274C00EFE0BFA61305C002EFE05F9D0345540602
:10275C00EFE0BFA5B757004003C907001379190074
:10276C00630C0900B71700409387870A9C431397A3
:10277C00A700635307000949B71700409387870ADE
:10278C0083A90700B7070400B3F9F900B337300188
:10279C009A07B367F900E38B07D625651305C50EB9
:1027AC00EFE07F9E630B090085471305300563043A
:1027BC00F90013053004EFE07F96E38909D4130583
:1027CC006004EFE0BF9599B3E31209DA8547230F54
:1027DC00F40469BB93070008E314F7E08347E405AE
:1027EC0093E70702230FF40463510A020347C4055D
:1027FC0085476318F7008347E40593E75700230FD9
:10280C00F404930700F8230EF4041305800EEFD0A4
:10281C001FF693F72400B1CF93F78406A1EB03477F
:10282C00C40593070004631DF7008347E40513F701
:10283C00070219E713F7070163020726230E0404A6
:10284C008347C4056385072613F7070105C30347B0
:10285C00E405058B01CF4147639BE724834764065E
:10286C006387072493E787002303F4060945EFD019
:10287C001FF09188A1CC8347C4050307E40593F7A7
:10288C00070D638F07248347F405639B0724634B71
:10289C000724EFD07F9DB717002003C7376CB717FD
:1028AC000020A38BE76AEFD03FA08347040613F701
:1028BC00270019C70347E40513671700230FE40427
:1028CC00E59B2300F4061145EFD07FEAB7170020F3
:1028DC0083C6976B13F7F60FE5C2F32600307370BF
:1028EC000430A38C076A7390063093761700034567
:1028FC0034069307400691E2AA879376270081C697
:10290C00A90793F7F70F9376470081C6D91793F76A
:10291C00F70F9376870081C6850793F7F70F9376A9
:10292C00070181C6FD1793F7F70F1306800CBE86BF
:10293C006374F600930680FC13F6F60FA946B28773
:10294C006373D600A94713760702834544069306A2
:10295C00400611E2AE861376070419C293062003D3
:10296C006207618763530700E5466314F5006385CE
:10297C00B604A301F406B717002083C9376CB71748
:10298C00002083CA676BA56703AC07662302D406D5
:10299C00A3030406CE84130B040D130A4003C14B8E
:1029AC006391541923248443EFD01F8CB717002054
:1029BC00A38B376BEFD05F8FB717002003C7876BE4
:1029CC009374F70F63010720732700307370043082
:1029DC00238C076A7310073013F7140083465406D0
:1029EC009307400611E3B68713F7240001C7A90724
:1029FC0093F7F70F13F7440001C7D91793F7F70FA5
:102A0C0013F7840001C7850793F7F70F13F7040139
:102A1C0001C7FD1793F7F70F1306800C3E876374FD
:102A2C00F600130780FC1376F70F2947B287637300
:102A3C00E600A94713F7F70F6380E6020347C405C6
:102A4C00A302F40663170712832544440345144478
:102A5C00EFE09FE2A303040613F704028347C405C7
:102A6C00630F07144147639CE71483476406639C18
:102A7C00071289472303F4069307F00363E69710C4
:102A8C006644F640D6444649B649264A964A064B11
:102A9C00F25B625CD25C25616FE01FFB13F74700B1
:102AAC00E30007DA93E78700230FF40451BB2300FC
:102ABC000406EFD03F9F05C18347E40593F7070455
:102ACC0099EBA147230EF404230F0404EFE0DFF786
:102ADC00EFD08FEC61BB230F0404230E040479B3F5
:102AEC00635C070023000406EFE0DFE9EFE07FE022
:102AFC00EFD0FFBDEFD05FA68347E40513F70702C5
:102B0C0001CF93F7F70793E71700230FF40493070C
:102B1C000004230EF40445BB230F0404230E040409
:102B2C005DB3338544035A95EFD07F9AE2852A89A9
:102B3C00EF300050635CA002E2856285338C440365
:102B4C00EF30C059229C832C4C0F2324AC0EE6850D
:102B5C00EF30004E6354A00023249C0F850493F4A3
:102B6C00F40F6393740181444A8C1DBDCA854A8558
:102B7C00F1B78347040693E787002300F406D9BD19
:102B8C0081C793F78703A1C38347044413F7070452
:102B9C0093E4070419C393F4F70B2685EFD0AFDA4F
:102BAC00230094440DA013F7170009C793E74700BF
:102BBC002303F4069307F003E3E897FC29A013071B
:102BCC00F003E36F97FA0347C4058D4763F6E7F20A
:102BDC0045BD0111A5674AC82E8983A5476806CE55
:102BEC0022CC26CA4EC6EF30604FEF402058EF3053
:102BFC00707613140501B704002095694180938405
:102C0C004400938909E205C883C7D4058DE7631E88
:102C1C0009000D28930720034E877D177DFFFD17B4
:102C2C00E5FF7D1442044180F9BFEFF06FE483C7E8
:102C3C00E405898BE5D3F2406244D2444249B2495F
:102C4C0005618280011122CC06CE26CA4AC84EC626
:102C5C0052C456C237040020EFF08FE193074400B2
:102C6C0083C7E705638C070C13044400EFD09F83E4
:102C7C001DE5834414448347044403294444DD8CF8
:102C8C0083478404898B89C713050002EFD05FB397
:102C9C009309F003130A0008930A00048DA0B717D8
:102CAC0000409387870A8443834715010329050352
:102CBC00B18093F4040493F70703DD8CD1B7034779
:102CCC00D4052DEF13F717000DCB0347C40563F59F
:102CDC00E91093F6470085EA9305000001452303AC
:102CEC000406EFE07FB90145EFD0EFC58347E4055B
:102CFC00F59B93E74700230FF404EFF06FD783475E
:102D0C00E405D5FF25A8631747052565130585053B
:102D1C00EFE06FC725651305C50FEFE0CFC6EFE0F9
:102D2C008FE7930500000145EFE01FB50145EFD09B
:102D3C008FC1EFD09FCE8347D40591CBF240624434
:102D4C00D2444249B249224A924A05618280EFF04C
:102D5C002FD2D5B76316570193F7F7FD230FF40461
:102D6C008347E40513F7870049DB0347144409CF75
:102D7C00898B99EB83478404898BA1C7834704060D
:102D8C0093E787002300F4068347044491CF8347DD
:102D9C00E405898B91EB13F5040CEFD0CFBAA56742
:102DAC0003A5475B854535358347E40513F72700B5
:102DBC0029F793E707010945230FF404EFD01F9877
:102DCC002DBFCA8513F50403EFE01FABA56703A560
:102DDC0087688545FD3B4DBF83476406A5CF13F738
:102DEC00270009CF83471444A9CF93050000014560
:102DFC00EFE09FA885472303F40601B7B18BE38E60
:102E0C0007EE834714449DC7256513058505EFE040
:102E1C008FB7256513058510EFE0EFB6EFE0AFD760
:102E2C0083478404898B8DC38347040693E787000B
:102E3C002300F40683476406A18B81C70945EFD0B4
:102E4C00FF8F2303040655BDCA8513F50403EFE079
:102E5C00BFA2CDB783470406A18BE38007EACA85DE
:102E6C0013F50403EFE05FA183470406DD9B230009
:102E7C00F40661B5411122C43704002026C206C6EF
:102E8C0013044400EFD05F8DA1446D3B8347D40500
:102E9C0081EBEFD02FE175F98347C405E38797FEEB
:102EAC00B2402244924441018280B707002003C7FC
:102EBC000706011106CE2AC62EC489476309F700FE
:102ECC00553FA2453245F24005616FE0FF9AF24052
:102EDC0005618280411106C6713FB240B7070020E0
:102EEC0023860706410182801971D6D2B71A0020B9
:102EFC00A6DA83C46A6BCED693094003B389340334
:102F0C00A2DC37040020CAD813094400DAD0130B12
:102F1C00090DDECE2AC6AE8B4E9B130640038145AF
:102F2C005A85D2D4E2CC86DEE6CAEAC8EEC6EF50A9
:102F3C00300B83A74B0003CA8B004E99130444003B
:102F4C00A300490F2320F910137C2A003146930566
:102F5C00C44263140C009305044193094003B389E4
:102F6C0034036808EF5090050149814C8D4DA299AE
:102F7C00B30724019C433EC4B2472245CA978C43F5
:102F8C00EF30C015EF3050623C10CA9788C37C08F4
:102F9C00CA979C431D8D1357F541B347A700998FD2
:102FAC0033072B011CC303ADC90D6373FD003E8DAC
:102FBC0023AEA90DEF30500EA245EF20F04D930734
:102FCC0009018A9788C393050000EF30F02D635FE9
:102FDC000500854763870C00054689476383CC0051
:102FEC00914703C6090ED18F2380F90E93861C00DE
:102FFC0093FCF60F1109E39DBCF7014563050D1019
:10300C0013094003338924030808EFE07F9B0C0865
:10301C00AA8CB709002022992328A90E1305840134
:10302C00EFD0EFD42326A90E0C081305C400EFD063
:10303C000FD4232CA90E93771A0091EB137A8A00E4
:10304C0003A50B0063050A00E685EF302009930702
:10305C004003B387F402A29723AEA70EB717002044
:10306C0083C7376C63849700630E0C0A9307400385
:10307C00B387F40213070000A29723A2E70E23AA3A
:10308C00E70E63110C085A85EFD06FC48329844274
:10309C002A89AA854E85EF30302163570516CE85D7
:1030AC004E85EF30A00393074003B384F402A2943F
:1030BC0083A9440F23A4A40ECE85EF20707763540C
:1030CC00A00023A4340F31460C081305C44123245B
:1030DC002443EF50A06E31462C1013050441EF50E1
:1030EC00E06D371700208347276CC146238BFA6AA3
:1030FC00850793F7F70F6393D70081472301F76C8C
:10310C00EFD08F9A0545F6506654D6544659B659A9
:10311C00265A965A065BF64B664CD64C464DB64D27
:10312C0009618280130A04410149930B0000314D5F
:10313C00930709018A9703AC0700832CCA00110A74
:10314C00E2856685EF209079AA855E85EF30C02AEE
:10315C005C18AA8BE6856285B38D2701EF30C029F8
:10316C0023A0AD001109E315A9FDA56783A5C768C8
:10317C005E8513090000EF20B06B634BA006A567BA
:10318C0083A507695E85EF303012634B050648183E
:10319C00EFE01F834C181385C901EFD04FBD256A92
:1031AC00AA8903254A5BDE85EF300025A56783A538
:1031BC00075AEF20B072EF30B0480C5C2A894E856C
:1031CC00EF20D071CA85EF207071AA8903254A5B64
:1031DC00CA85EF306022AA854E85EF20F02B93052F
:1031EC0000002A89EF30500C6354050013090000CD
:1031FC0093074003B387F402A29723AA270F61B564
:10320C00A56703A90766EDB7CA854A8559BD0111A3
:10321C0022CC370400204AC84EC69307440006CE81
:10322C0026CA52C483C4C70583C78704AA892E89BA
:10323C0093F707021304440085C7930700026386C3
:10324C00F402EFD0EFC909CD8547A30FF404A147D1
:10325C006387F404EFD09F850945EFD04FD3DD325F
:10326C000347C40589476304F702B7140020371AD3
:10327C000020C93A8347D40599EB03C7346C8347C4
:10328C002A6C6309F702CA854E85B9391DC5F2400F
:10329C006244D2444249B249224A056182802145A6
:1032AC00EFD0CFC945328347D405DDFB8347C40536
:1032BC00F5FB4DB7EFD04FCA6DBF83478404898BA4
:1032CC00F9D783478900C18BF9D362448325490020
:1032DC00F240D2444249B249224A41450561F1B615
:1032EC00B7070020138747000347D7056312072849
:1032FC005971194702D62306E1022567DAC8032B58
:10330C004769A2D4A6D2CAD0CECED2CCDEC6E2C4F5
:10331C006EDE86D6D6CAE6C2EAC02A891384470076
:10332C0002D202D4138A4700938447008149930D3B
:10333C000000054C8D4B05476386090009476383E4
:10334C00890111475C08B38637012380E6003357A7
:10335C003941058B01CFC850DA85EF203058EE8506
:10336C00AA8AEF30607463430500D68D85099104F9
:10337C00E39379FD256783278769032B040591491E
:10338C008544930BC4420D4CB71C00203EC6DE8511
:10339C002808EFD08FAE83489404DE8A2C085E8810
:1033AC000145014D0146B356C940858A9DCAB3D625
:1033BC00C8400505858A1375F50F81CAEE8681C84C
:1033CC00B7060080B3C6B60119A0EE86F5D85C0826
:1033DC0094C1B386C70083C6060023200800336D52
:1033EC00DD00050611089105E31F86FBEF30007D1B
:1033FC00EF301025AA852301A4075A85EF20104E23
:10340C002AD24C102808CD3491472300F406EFE063
:10341C00AFE3EFC07FD88DC8EFD08F9C81475808A1
:10342C00B306F70083C6060033F6A60109CA335665
:10343C00F540058A09C693C6F6FF337DDD00850786
:10344C00E39F87FD2301A407EFE00FE083C71C6C0B
:10345C0093F74703638F070E83C71C6C13FBF70F9F
:10346C00C18B81C71945EFD08FB293770B0281C7FF
:10347C001D45EFD0CFB199C4137B4B00630C0B00EF
:10348C00254539A0EFD0CF953375250101C52145D0
:10349C00EFD0EFAFB717002083C7076C9DC3EFD0F9
:1034AC00EFE02654B65096540659F649664AD64A69
:1034BC00464BB64B264C964C064DF25D65616FF053
:1034CC006FF81145EFD0AFAAEFE0AFC2035544053A
:1034DC0093C41400EFD0EFD2D1C0B245284CEF20EA
:1034EC00F03F032BC404AA8DFD1993F9F90FE39057
:1034FC0009EA81448D49B3579940858B8DC7834721
:10350C009404032B0A00284CB3D79740858BA1CF8A
:10351C0083254A02EF204036DA85EF20303CEF302D
:10352C00B00823A0AA008504910A110AE39534FD82
:10353C0023000406B650265496540659F649664A9A
:10354C00D64A464BB64B264C964C064DF25D656101
:10355C00828093777D00E39007ECBDB7832D8405C3
:10356C00032B040551B7B7070080DA853D8D75B77D
:10357C008280011152C4370A002006CE22CC26CA02
:10358C004AC84EC6814737B3030013070A6A8566DB
:10359C0033886700834808003388E70085072300D9
:1035AC001801E397D7FE3A9581470147B386F5009A
:1035BC0083C60600034805006305D8002300D50028
:1035CC00054785070505E313F6FE51C30F003003CD
:1035DC007327003073700430371400401304040454
:1035EC009309700523003401B7140040130980FAC5
:1035FC002300240183C7440493844404FD8B93E784
:10360C0007062380F400230004007310073085663E
:10361C000146B7B503000545EF3000688566130613
:10362C000A6AB7B503000945EF300067732700300D
:10363C0073700430230034012300240183C7040079
:10364C00FD8B2380F4002300040073100730F2403C
:10365C006244D2444249B249224A0561828085675C
:10366C006377F504011122CC3304C50006CE130791
:10367C00140063EAE702814701473388E50093961B
:10368C0017009D83DD8E834708000507B69793F7D7
:10369C00F70FE314E6FEA307F100E13D05469305A1
:1036AC00F1002285F935F240624405618280828006
:1036BC00011122CC06CE2A842EC6EFF0AFFBB54703
:1036CC003305F4026244B245F240314605611305FC
:1036DC00052071B7411122C42E84B545B305B5023E
:1036EC0026C23146AA84228506C693850520EFD0D2
:1036FC00BFEF05E1268523200400232204002324A8
:10370C000400A28575370145B24022449244410120
:10371C0082800545D5BF01119305F100A9470546E7
:10372C00014506CEA307F100A935F240B7050020EC
:10373C001306C00593854500054505610DB70111BC
:10374C0022CC06CE26CA4AC8937715002A8489CF84
:10375C00A565370500201306C0059385C5AA13057A
:10376C004500EF50A005453F9377240091CF02C24E
:10377C0002C402C681442149268585044C0093F479
:10378C00F40F3D37E39A24FF937744008DCF054621
:10379C004C001305003023020100E13B05464C00B0
:1037AC001305103023020100E93305464C001305C4
:1037BC00103523020100753B05464C0013052035DE
:1037CC00230201007D33218819CC05464C001305DA
:1037DC00E03A23020100713B05464C001305F03A18
:1037EC00230201007933F2406244D244424905611C
:1037FC00828041119307100522C43304F50226C2BE
:10380C00B7040020938444004AC01389C460130693
:10381C0000054A8506C613040430A285EFD0DFDC10
:10382C000DE123860460EFF0EFE42285130600051A
:10383C00CA8535350145B2402244924402494101C2
:10384C0082800545CDBF7571E6D2B70C002022C52C
:10385C0013844C001306000481451305C46506C788
:10386C00D6DAE2D426C34AC1CEDED2DCDAD8DED632
:10387C00EAD0EECEEF40D0762D4693058443130567
:10388C00D465EF40B0738346C460370C0020B70A90
:10389C00002013074002938C4C00130C0C66938A87
:1038AC00CA43639EE6440547A38EEC64238F0C64E5
:1038BC000D470549A309E102256783274766256B58
:1038CC00814402C2014D014A81493EC4130B0B8F46
:1038DC0091AC9306F4FB93F6F60FE54763F4D7002F
:1038EC006F10C02305074C1813053103A309E1021F
:1038FC00EFD0BFD719E16F10C022D25B5E85EF30DD
:10390C003072EF302025937DF50F6E85EF20D07847
:10391C00AA855E85EF20502EA245EF20207CEF304B
:10392C00F068EF3020234205930770044181630156
:10393C00F4021306D0046307C4261304A4FB137407
:10394C00F40F5146636C86060A045A9410400286A2
:10395C009306D00363E6B6079306500263E1B60301
:10396C00F94663EDB605A54663E9B6038D4663E4F7
:10397C00B605638409006F10201B8949B1A8938692
:10398C00ADFD93F6F60F5D46636AD60225668A0690
:10399C0013064694B2969442828693866DFF93F6F4
:1039AC00F60F5146636CD60025668A061306469AB6
:1039BC00B2969442828691466388DD0A5144BDA832
:1039CC009306B00563E8B6059306900563EFB60D54
:1039DC0093060005E394DDFEA38EBC65130660021E
:1039EC008546639BCD041306C5FE4206418279478A
:1039FC00E366C7FC37071040130717403357C7005F
:103A0C00058B4DDF29473357E5021307A7F8A38E23
:103A1C00EC64BDA89306C0056382DD0493863DFA71
:103A2C0093F6F60F0546E36BD6F89306E00533875D
:103A3C00B641238FEC64954621CD5D44BA40228576
:103A4C002A449A440A49F659665AD65A465BB65BDA
:103A5C00265C965C065DF64D4961828011E56384B7
:103A6C0009006F10600C8549238EBC6593F6DD0F41
:103A7C0071466387C6001306C0058146E39ECDFAE6
:103A8C0001C5A946E31CD5F26E95238EAC64814624
:103A9C00924733D7D740058B2DCF554445B7138765
:103AAC00FDFEA380EC66894641BF19E513876DFACC
:103ABC002380EC668D46E9BFA946E311D5F0930649
:103ACC00A005E38DDDEE9146E1B7D5463387B641CF
:103ADC00A38FEC6499468DB7638409006F10C00402
:103AEC00930610036386DD002947E319E5EC85494D
:103AFC0023813C67A1468D4961BF1387ADFCA3812F
:103B0C00EC66A54615BFE31B05EAA94651B79D46D1
:103B1C0025B7924705473317D7005D8F93170701D9
:103B2C00C1833EC203473103B386EC0003C4C660B5
:103B3C00E31104DA63050A0063930900894913F75A
:103B4C00040219CB83A6CC67379798001307076834
:103B5C006354D7006F00F07E6306091A13F7140044
:103B6C006306071C83C6FC650547639BE600256757
:103B7C0003A58C668325076AEF20405623A4AC6608
:103B8C0013F7041009E703A74C4423A4EC6883C67D
:103B9C00CC651147639FE61A13F704046317071AE1
:103BAC00714469BDE31B05E82546636CB6039D466D
:103BBC0063E3B6070946637CB6039386DDFF93F691
:103BCC00F60FE36DD6DE1146930600026387CD0037
:103BDC009386BDFFB336D00092062383DC66B146D4
:103BEC0029A8F946E39CDDDC2382BC6731A0638005
:103BFC000D028546E39ADDFEAD46924733D7D7409A
:103C0C00058BE31C07E805473317D70039B70D4779
:103C1C002382EC66D5B781466386CD0083C65C668D
:103C2C0093E60604A382DC66B546C1BF23A47C6779
:103C3C00014433D78440058B19C36F00D06F130731
:103C4C00103633578740058B11CB930500005E85EA
:103C5C00EF209065635405006F00506E05473317D5
:103C6C008700458F93140701C1806DBD23A67C6727
:103C7C00136D1D00054475BF23A87C67136D2D00C3
:103C8C00094445BF23AA7C67136D4D000D4455B7FD
:103C9C00238CBC67114471BF5E85EF20F03823AED6
:103CAC00AC66154479B723A07C69194459B723A293
:103CBC007C691D44BDBF23A47C6921449DBF25663E
:103CCC008325C6695E85EF20A0366354A0006F0083
:103CDC0010662386BC692544A9BF23A87C69136A96
:103CEC001A002944B9B723AA7C69136A2A002D4407
:103CFC0089B723AC7C69136A4A0031441DBF014764
:103D0C0001494DBE83C6EC6505476393E60209473E
:103D1C00E398E9E603C7DC6593060005E302D7E602
:103D2C00E30007E613F71400E31C07E4594439B326
:103D3C0003C79C43E31607E413F71400E31407E2EC
:103D4C0003A78C4423A4EC6625BD93F4F4FBC204B6
:103D5C00C18003CB1C6663090B080547630AEB089B
:103D6C0002CA894B054B83C6FC6505476387E60889
:103D7C000D47639CE90083C62C6605476397E600F4
:103D8C0011476304EA006F00305C314693850C46A2
:103D9C002818EF40B0229247B706002013F70720EF
:103DAC00938746463ECC59E383CDCC65A9466380C8
:103DBC00DD0A9306C0056388DD168D466399D91C10
:103DCC00F9466384DD26930650036384DD28F146AF
:103DDC006399DD1A9385CC661945ED383DC5631A98
:103DEC000A2402C4814905A289473ECA854BA5BF56
:103DFC0085473ECA814B094BBDB7A56683A5066AAC
:103E0C006287814D0D46B356BA41858A99CA485B83
:103E1C003AC4EF20A02C2247A56783A5076A48DB8C
:103E2C000D46850D1107E390CDFE99B703C53C6691
:103E3C0019476374A700754411B103C7EC43E3053C
:103E4C00A7F62C18EFF01F8925F11D44C5BE63148D
:103E5C000A006944E5B613F70405E30307D403A588
:103E6C000C68EF30F01BEF20F04E1375F50F19476F
:103E7C00E363A7FC03C78C67D1466309D700894667
:103E8C00E31ED7B213F70408E31A07B259C57D1520
:103E9C009377F50F3EC422459385CC66EFF09F8354
:103EAC004DD583C78C67D68DE2863EC6814AB35505
:103EBC005A4185899DCDB247514703A8460363916A
:103ECC00E70683A54D0303A5CD0136C842CEEF20EE
:103EDC00A0527248C285EF202052C246894588CA3A
:103EEC006399BA0083A58C47EF200051C24623AAE0
:103EFC00AC66850A8D479106910DE39AFAFA93F414
:103F0C00F4FAC204C18083CADC6513070005639907
:103F1C00EA14630B0A207D4415B683C73C669DBF2B
:103F2C0023A80601F9B7E3060AF2568613088103A3
:103F3C00E28D814AB3555A418589B1C58325080064
:103F4C00484E42C632C4EF20204B83A54D03EF20D0
:103F5C00A04A23AAAD02894722463248639CFA0044
:103F6C0083A58C4732C642C4EF2000492248324612
:103F7C0023ACAC68850A8D4711061108910DE39BA3
:103F8C00FAFA02C449B74C5A23AABD02E5B7E309B1
:103F9C000AE23C185688E2863EC40146B355CA4034
:103FAC00858991ED8325C801CCDAA2470506110855
:103FBC0091073EC48D479106E312F6FE11B59307A7
:103FCC005003E384FDFEDC5A83C50C663EC6A9E1B2
:103FDC00A2478325480332D0884336CE42C8EF101F
:103FEC00B009B245EF105009F2460256AA85C8DA5C
:103FFC0009454248E31BA6FA03A58C4732CE36C6C8
:10400C00EF109007B2464248724623ACAC6871BFC1
:10401C00B2450325C80132CE36C842C6EF10D005D2
:10402C00C24672463248C8DA49B79385CC661D45FC
:10403C006DB3E28601478D453356EA40058A01E6A9
:10404C0003A6CA0190CA0507910A9106E316B7FEAA
:10405C000DBF83C6DC650547E375D7F27944F9BA21
:10406C0009476393E90C63960A00B339400186094A
:10407C0065A803A58C6693050000EF10F074E307A8
:10408C0005CA0D476389EA00636257090547E38E49
:10409C00EAFC13694900E30E0ADA854DB3967D01FB
:1040AC0033976D01558FB376EA003ACEE382062A38
:1040BC0093068B0013064B008A060A06E696669654
:1040CC008325464403A50667EF20003393868B00B7
:1040DC0013864B008A060A06E69666962AC6832540
:1040EC00464403A50667EF2020312AC893F604083E
:1040FC0072476386061E314693850C6913854C45C1
:10410C00EF40C06F79ED130410020DBA1307E008ED
:10411C006387EA2C6364570D1307C0086381EA2C8C
:10412C001307D008638BEA2A93761900638E062C4A
:10413C0093F4E4FDC204C180638609007977130708
:10414C00F73FF98CE392042282C482C66381062C69
:10415C00924793F767FBE39D072003C7CC65930653
:10416C0050036304D700E315072003A74C4483C610
:10417C000C4437050020BAC403C71C44930445699A
:10418C00558F1367470083A68C662306E10403C78B
:10419C008C04B6C21377070219C713054569EFC023
:1041AC002FD4E31A051CCC0013850C69EFF02F8675
:1041BC0003C7CC0501EFEFC0EFAE09C9130700022E
:1041CC00238EEC04EFD05F88EFB01FFD3146A6853F
:1041DC0013854C45EF40805E6FF05F861307F00847
:1041EC0091B703C7FC65631BB701256703A54C6832
:1041FC008325076AEF10906E23A2AC68B24583AD9D
:10420C004C682E85EF10906DC2452ACE2E85EF108E
:10421C00F06C2567832587682A8C6E85EF10106CEF
:10422C00EE85EF10B06BF245EF20001DE285EF201C
:10423C00A01C930500002A8DEF201007E34E0510FB
:10424C006A85EF20F03F2A8D7245E285EF10C0623F
:10425C00EF20103F37070080AA853345A701EF10E8
:10426C00B0238D462A8C370700806394DA00334CD8
:10427C00A700930500006E85EF201003635A05001C
:10428C0037070080334C87013347B70123A2EC6812
:10429C004245E285A56DEF107064AA853245131D69
:1042AC002B00669DEF20401583A50D5A93F4F4F76F
:1042BC00C204EF10B0622326AD663245E285139D31
:1042CC002B00EF10B061C245669DC180EF10C05A43
:1042DC0083A50D5AEF1090602326AD66B1B53377E8
:1042EC00A701E30F070603C7FC65C598C204C1808C
:1042FC00630DB70B13172B006697032CC76632455B
:10430C00E285EF20600F13972B006697032DC7668D
:10431C00AA8D4245EA85EF20200EEE852AC66E85D1
:10432C00EF10D05BB245AA8D2E85EF10305BAA85BD
:10433C006E85EF106054EF20B030E285AA8D628557
:10434C00EF10D0592A8CEA856A85EF103059AA856E
:10435C006285EF106052EF20B02EAA8523A2AC68C4
:10436C002A8D6E85EF2040092567131C15008325C7
:10437C00476A135C1C006285EF10904BE356A0DA81
:10438C0025678325075A6285EF10904AE34DA0D626
:10439C0025678325876A6A85EF105054AA85628544
:1043AC00EF101049E352A0D8B9BBA56683A5066AE5
:1043BC0062878D4D014CB3568D41858A91CA084B4D
:1043CC003ACEEF10B0517247A56783A5076A08CBA8
:1043DC00050C1107E311BCFF31BF136909011387E9
:1043EC002A071377F70F854663E4E6001369890003
:1043FC00E3010AA6314693850C6913854C45EF40C1
:10440C00E03FE31305D201B393F4E4CD25B303C726
:10441C008C04098B05C3FD1A93FAFA0F09476374D0
:10442C0057011369090463040A1C09476391E91CC9
:10443C001369090803A7CC6723A8EC4403C7EC65F0
:10444C00A38CEC4201C721472306E10403AC8C6624
:10445C0083A58C6803A54C4423A48C452EC2E2C2D0
:10446C00EF10903692459374090401E51377090215
:10447C0015C303C51C4419C9131789016187634708
:10448C00070099C093050000EFE03FA203A78C68DA
:10449C0023A2EC4481E403A74C44BAC403C7CC6800
:1044AC0003C56C662386EC4403C71C446309A70050
:1044BC00A645EFE09F9F03C76C66A380EC44034ABC
:1044CC00C10403C71C4403C55C66336AEA0003C716
:1044DC000C44230641052AC26300A70283C6CC05FF
:1044EC0009476387E600EFE0FF981245EFB0BFC5C0
:1044FC0003C75C662380EC4403C70C4483C6CC65BD
:10450C00336AEA002306410511476390E60283C62D
:10451C00CC050947638BE60003A50C682AC2EFE0C3
:10452C007F9512458145EFE0CFEA03C71C66238EC9
:10453C00EC4203C7FC65238DEC420D476397E902FF
:10454C0003C72C66A38EEC4209E71307000023ACCB
:10455C00EC6883A48C6903A58C47A685EF10D02644
:10456C0009C523AC9C46EFE0FF9603C73C6683C6A7
:10457C00EC43638BE600624531462C18238FEC42EA
:10458C00EF40C023EFE01F9503C70C66B704002073
:10459C0093066002A38DEC4203C7CC659384440060
:1045AC00630BD70E63ECE6069376D70F7146638CDC
:1045BC00C60AA9466304D70803C7DC659306000541
:1045CC00238CEC42630BD74289466398D942054A47
:1045DC006318470FCC0013850469EFE05FC33146C5
:1045EC009385046913854445EF40401D39A183C66A
:1045FC001C444147E390E6E403C78C430946937699
:10460C0009047D171377F70F6367E600E38406E26E
:10461C001369090205B5E39F06E0DDBF9306C005EB
:10462C006301D708930660066303D70893068002DC
:10463C00E314D7F893854C451D458DA022459385F1
:10464C00CC66EFF0EF8603C7EC43A247B706002019
:10465C0093850667E312F7F662453146EF40001684
:10466C00EFE05F8791BF136A1A0023064105638749
:10467C000900CC0013850C69EFE07FB9138AC4667E
:10468C00CC005285EFE0BFB83146D2851385444546
:10469C00EF40C01215B793854C451945EFF04F818B
:1046AC0021BF314693850C691385CC4645BF1387D2
:1046BC00CC462320070023220700232407004DB7F4
:1046CC0019EB0347C104CC0013850C691367170061
:1046DC002306E10419B779171377F70F6364EA2CF3
:1046EC0083A74C680A0B938DCC66938A4C45338D0B
:1046FC006D0183290D003EC2B3876A018C438A0B7E
:10470C004E853ED4DE9DEF102017B3877A0183AA25
:10471C000D008C432AC656853EC8669BEF10C0150B
:10472C00B2452ACE03250B69370A0080E69BEF10B1
:10473C00B04CF245B3493A01334A5A01AA8A03A54F
:10474C000B6913794900EF10304B2A8BD6854E85B7
:10475C00EF10D018AA8BDA855285EF103018AA8585
:10476C005E85EF106011DA85AA8B4E85EF1010175D
:10477C00D6852A8B5285EF107016AA855A85EF10B4
:10478C00B047DE85EF20C07CAA8A630A091825672A
:10479C008325C76AEF10D009634905002567832577
:1047AC00076B5685EF105045AA8A924503A9C4039E
:1047BC00256B2E85EF10400CCA85EF10F043CA858F
:1047CC00EF10D011EF20C06783250B5A2A8956852C
:1047DC00EF10D0109245EF1070100605CA850581B8
:1047EC00EF10804BEF20D028EF20C0369317050137
:1047FC00C1833EC4E38007DE834BC1043E85EF20BA
:10480C00A00913F78B002A8911CBAA856285EF10BA
:10481C00F00C93FB7BFFAAC223067105CA85568553
:10482C00EF108047D247138C44452AC213972700B8
:10483C00B30AEC0026970325076983A50A00EF103D
:10484C00B03BCA85EF10404592452AD62E85EF1015
:10485C00F0082567AA8503258760EF10F0392567D6
:10486C002A898325075F1245EF105007256783259A
:10487C008768AA8B4A85EF102000AA855E85EF1009
:10488C00F00583250B5A2ACA4A85EF1030052AD029
:10489C00814B0549A247131709014183E37CF7D2E9
:1048AC00B147638CFB085245CE85850BEF10100386
:1048BC002A8B0255D28593FBFB0FEF103002AA8591
:1048CC005A85EF00707B2A8B0255CE85EF101001B4
:1048DC00AA895245D2855A8AEF105000AA854E8576
:1048EC00EF109031AA893245CE850509EF00D078BA
:1048FC00A257D28588C37245EF001078C247B255D3
:10490C0088C303A50A00EF00307723A0AA00CC00CF
:10491C006285EFE0DF8F03C7D4052DDFC9B12567B2
:10492C008325476BEF204018E341A0E825678325DA
:10493C00076B5685EF00507485BD4A85EF10D07516
:10494C009245EF10A079AA89EF20D0092A8A4E85CA
:10495C00EF20905C832B0D00B70700802A8BB3CB24
:10496C00FB0083A70D00DE8552853ED2EF10007749
:10497C009255AA895A85EF106076AA854E85EF006C
:10498C00B06FDE85AA895A85EF10407592552A8B37
:10499C005285EF10A074AA855A85EF10F0252A8A4B
:1049AC00814B91B70347C104136747002306E10409
:1049BC0003C7CC05E30537C3EFE0CFCB03C7DC055A
:1049CC000DEF135539000589A3800C06EFB03FC5D8
:1049DC00371700401307470A1843B716002083C641
:1049EC00566B137707046386E6041145EFB03FDA84
:1049FC00EFE04FA50145EFB09FC203C74C66A38FF4
:104A0C00EC4219E36FF08F83EFE0CFC603C6FC4393
:104A1C000D4783C6CC05631FE60889476387F600FC
:104A2C002145EFB0BFD1EFE0EFA1A38F04426FF0AF
:104A3C00EF8013850C69CC00EFE06FFDB7190020F7
:104A4C0009452381496BEFB07FCFEFE0AF9F03C7E0
:104A5C00D40545F703C7C4056DFB83C6296A054712
:104A6C006397E60413790901630F090231469385B4
:104A7C00C44213850451EF30705401452381096AF7
:104A8C00EFB0FFB9EFE00F9CEFC0BFE6EFC09FEFB8
:104A9C00EFB09FACEFC0DFB103C71406E30107B45E
:104AAC00EFB0FFC299BF1545EFB07FCEF9B7A38029
:104ABC00E406E1B70547239CEC4213074006A381AB
:104ACC00EC06196713074746238E0C42A38D0C4244
:104ADC00238F0C4223900C442392EC06894763826B
:104AEC00F602E2450145EFE0FFBE630005B6EFE0DC
:104AFC006FBE014593050000EFC01FD80145EFB014
:104B0C008FE4256513058505EFC0EFE725651305D3
:104B1C00C511EFC04FE7EFC01F8801BF05446FE020
:104B2C00FFF109446FE09FF161446FE03FF1130422
:104B3C0060026FE0BFF065446FE05FF011446FE01E
:104B4C00FFEF6D446FE09FEF130450026FE01FEF17
:104B5C00130400026FE09FEE130420026FE01FEEBF
:104B6C00130430026FE09FED130440026FE01FED61
:104B7C0041446FE0BFEC3D446FE05FEC411122C457
:104B8C003704002026C206C64AC0814413044400E0
:104B9C002685EFE01FC60DE91305E003230604602C
:104BAC00EFC0CFD7EFC05FAA1305A003EFC00FD79C
:104BBC001D45EFC04FE799C4B240224492440249CC
:104BCC00410182808544E9B78347C460EDD7EFE0AB
:104BDC009FC72A891305E003EFC04FD4EFC0DFA6AF
:104BEC001305A003EFC08FD34A85E1B7370500202A
:104BFC00597113070500B707002086D6A2D4A6D298
:104C0C00CAD0CECED2CCD6CADAC8DEC6E2C4E6C290
:104C1C00EAC06EDE938707009306D7FF014663E672
:104C2C00D7008D07998F13F6C7FFA5659385C56BC4
:104C3C0013050500EF3090380F00300337050020C6
:104C4C0013074500B71700209387076A9306D7FF11
:104C5C00014663E6D7008D07998F13F6C7FF814590
:104C6C0013054500EF30D0370F0030037310408030
:104C7C009307C00093E7370073905730EFB07FEA8B
:104C8C00B71700409387870B214798C3B71700408D
:104C9C009387070A9843C166938606FC13678700BF
:104CAC0098C39843370400206D9B98C3B7170040F6
:104CBC009387470B98436D9B98C3B7170040938716
:104CCC00070B98431367470098C3B717004003D7E7
:104CDC00A701758F239DE700B73700401307100419
:104CEC002386E740A386074085462387D740238148
:104CFC00D7408D46A381D740A380E740B7E700E0BB
:104D0C003707000823A0E710B7B7030003C7070055
:104D1C00A947630DF7261D45EFC02FCF1305F00FE4
:104D2C00EFE0FFA1EFC02FF0B71700409387070A01
:104D3C009843916609461367077098C39843B70563
:104D4C00002037850300558F98C3984393860680BF
:104D5C00558F98C3B7060004372700402300C7407F
:104D6C00FD161307074054C785462303D7002301BC
:104D7C00070023A0D50091462300D700B7E600E03A
:104D8C003707000123A0E61037F700E010C32322F9
:104D9C0007001306001010CB23240700056723A07F
:104DAC00E61094433787FCFF7D17F98E94C3B71731
:104DBC0000409387470B9443758F98C3B7170040F7
:104DCC009387070B9843B7860300558F98C3EFB0B2
:104DDC00FFA0930744001387C74223200700232218
:104DEC000700232407007360043003C787043704CB
:104DFC000020256A1183058B238EE70413044400DD
:104E0C00256C130A8A9F2320040693074006A301EE
:104E1C00F406996723220406938747462312F40667
:104E2C009307045123A0070023A2070023A4070023
:104E3C00B71700202381076AB7170020A380076CDF
:104E4C00B71700202380076CB7170020A38C076AC4
:104E5C00B7170020238C076AB71A002083C74A6B48
:104E6C000347C4058145232E040493F7F70FB719A4
:104E7C000020130640041305844323240406232630
:104E8C000406230EE404A389F96AEF307015930528
:104E9C0004460145EFE01F8401E51D45EFC0EFB668
:104EAC00B7140040EFB0CF9E9384040A9C403707A0
:104EBC000400D98F9CC0B71700409387C70A98C3CA
:104ECC00EFB0BF979C40014593F7F7FB9CC0B71719
:104EDC0000409387470B98431377F7FB98C3B7179A
:104EEC0000409387070B98431367070498C3EFB0F0
:104EFC000FF3EFC03FA9EFC0DF9FEFB0EFE5EFB0CE
:104F0C000FFD256513054512EFC0EFA783478404F9
:104F1C00A18B9DC3EFB0CFEC05C12565854713056B
:104F2C008505230EF404EFC00FA625651305451463
:104F3C00EFC06FA5EFC02FC68347C40593F71708C2
:104F4C00A5C3256513058505EFC0EFA325651305DE
:104F5C004515EFC04FA3EFC00FC48547230EF404D3
:104F6C0001498144130B4002930B700483C7396BC6
:104F7C0083C64A6B13F7F70FE39ED708EFB0CFFD4C
:104F8C00EFD05FCC8347D405F5D3B5BD1306C00570
:104F9C00854513054400EFC02FE5E31705D8A5BBE5
:104FAC00230E0404E13E6DBF6399677D8547A30F13
:104FBC00F1008347D4606389770163EDFB02BDC7C1
:104FCC0013073004639E67030347E46063110748CB
:104FDC00930670046386D7080347C40563E3F6227F
:104FEC00930640026392D71E618B6310074EEFC08D
:104FFC008FC391A01307A0046384E70413078005F3
:10500C00E384E7FC0347C405854663E0E64C93065E
:10501C003002638AD720938787FB93F7F70FAD464F
:10502C0063E7F64A8A07D2979C4382872565130566
:10503C008516EFC04F952685EFC0EF9E6F0050038D
:10504C008347C40593F7F70D639107480347E46062
:10505C009307D003631DF73EEFE0EFFEAA84E1BF98
:10506C0025651305451BEFC00F9203458443930739
:10507C00B00863FDA70025651305C51BEFC0AF90F5
:10508C0003458443130565071375F50F2569EFC0B8
:10509C00CF911305091CEFC00F8F0345E443130593
:1050AC0065031375F50FEFC04F901305091CEFC086
:1050BC008F8D0345C44345051375F50FEFC0EF8E77
:1050CC001305091CEFC02F8C8347A44355451D8D38
:1050DC001375F50FEFC06F8D1305091CEFC0AF8A68
:1050EC000345B4431305A5051375F50FEFC0EF8BFE
:1050FC001305091CEFC02F89834794431305E00562
:10510C0025691D8D1375F50FEFC02F8A8347F44366
:10511C009DC71305491CEFC00F870345F4438D470A
:10512C00630BF500F9476305F50089476319F50032
:10513C00EFC0AF8729A013050003EFB03FFE1305A6
:10514C00491CEFC04F848347144441476383E706EF
:10515C00130700026384E706ADC71305491CEFC0B3
:10516C008F82834704441305800399E3130590034E
:10517C00EFB0DFFA25651305851CEFC0CF80034522
:10518C00C444EFC08F8225651305C51CEFB0BFFF6B
:10519C0003258444EFC0EF9D25651305051DEFB075
:1051AC009FFE032544448145EFC0AF88EFC0AF9EFE
:1051BC0059B513053003EFB07FF645B7130540031F
:1051CC00DDBF13055003C5BF8947631FF700EFB060
:1051DC00FF8D256513058505EFB0FFFA25651305D1
:1051EC00451DEFB05FFAD9B76311072E256513057E
:1051FC008505230EF404EFB01FF925651305051E74
:10520C00CDB78547E319F7E2256513058505EFB0A2
:10521C009FF725651305851EEFB0FFF6EFC0AF971E
:10522C00230E040409BD0349E46063120922194DDD
:10523C009D4DA14C4C104A85EFE0CFC909E51D45A9
:10524C00EFB0BFFCCDBBA5671385C71FEFB0BFF395
:10525C00630BA9016305B907130569031375F50FF2
:10526C00EFB0BFF431A0A56713850720EFB0BFF1F5
:10527C001305A003EFB09FEA050948101379F90F45
:10528C00EFC06F92EFC02F91E31699FB25651305C4
:10529C008520EFB05FEF1305C446EFC0CF90EFC091
:1052AC008F8F256513050521EFB0FFED032584478E
:1052BC00EFC0EF89EFC02F8EEFC08FAFADBB1305E2
:1052CC004C206DB783478404C18B638F074891478B
:1052DC00230EF4048347E460639B0716B717004062
:1052EC0003D70709C1669386C6FD758F2398E70817
:1052FC001145EFD0FFFE0D45EFD09FFEEFD09F94F0
:10530C008347D405E39907D2EFB06FBCEFB0CFA4BD
:10531C00EFB0AFD28347D405E39F07D0230E04042C
:10532C00EFB0AFEF8347E460E39707D0EFF01F8552
:10533C0019B30347E4609307C004631AF7100347DB
:10534C00F460930700056314F710834704616390BE
:10535C00071013050008EFB06FBEF1B98947A30F12
:10536C00F1008347E460B5E71309C4601306000538
:10537C009305E03A4A85EFC02FA711E91306000503
:10538C00CA851305E03A23060460EFE04FAD2565AE
:10539C0013058521EFB03FDFEFC00FABEFB0BFFFC0
:1053AC0025651305C522EFB01FDE13056005EFB0B0
:1053BC00FFD61305C002EFB07FD63D45EFB0FFDE40
:1053CC001305C002EFB09FD513050008EFB0FFDD49
:1053DC00F1BB0D47A30FE1001307D0036399E70658
:1053EC008D47B306F40003C7C660850793F7F70F24
:1053FC00A384E6607DF7130600059305C4601305CE
:10540C00E03AEFE0CFA505B90347E4609307300518
:10541C00631FF7020347F460930740056319F70213
:10542C00034704619307D0036313F7028347246196
:10543C0099EF8347146113074002638CE70013074D
:10544C00A002638CE702130730026386E7028D44E7
:10545C00DDB60545EFE0AFAE256513058505EFB06C
:10546C009FD2256513054523EFB0FFD1EFB0BFF2F6
:10547C00EFB0CFE3C9B60945F1BF1305F00FD9BFA3
:10548C000349E4608947A30FF100631E0902A56C70
:10549C004A85EFE00FB601E91D45EFB01FD7E31CBD
:1054AC0009B80549F5B713858C24EFB0DFCD4A85D3
:1054BC00EFB0BFCF1305D003EFB05FC6EFC0CF98EE
:1054CC00EFB03FCEE9BF054901C7A144ADB60149D4
:1054DC000C101305F101EFC04F9919E18944A1BEDD
:1054EC008347F10113871700A29783C6C760137710
:1054FC00F70FA30FE1009307D003E39AF6F4630FC1
:10550C000904BA87B306F40003C6C660B386E74045
:10551C00A29685072386C66093F7F70F65F6A30F4F
:10552C00F100EFE04FB2AA84E31705B00255EF206B
:10553C00202F2AC6EFD01F943245EF10A06193079D
:10554C0010051375F50F3305F502B7070020130688
:10555C000005938507611305053065B54C101305DF
:10556C00F101EFC08F903DD98347F101A29703CD94
:10557C00C760E31E0DEC0259A56783A5C7694A8570
:10558C00EF00102BE345A0EC4A85EF10A05C925C79
:10559C001379F50F930500006685EF10E050634812
:1055AC00051C9307300663F627099307C9F993F78F
:1055BC00F70F0947A54611466362F7066306ED022D
:1055CC000D476304ED0437070020130747008A07D3
:1055DC0085463E976307DD0023209701EFE0AF93EC
:1055EC0099BC23269701DDBF256D83258D6B6685C0
:1055FC0013894700EF00902E83258D6B0A092299A1
:10560C00EF00D02D2324A900D1BFA1078A073707AB
:10561C000080A29733479701D8C3C9B7050D137DF6
:10562C00FD0FE3F6F6E2E304CDE2D91793F7F70F9B
:10563C0061B76685EF20C01EEF10C05193070002C2
:10564C001375F50FE3E527E1A567938787A20A0990
:10565C003E99832709008287894763FDA710230899
:10566C00A402ADBFA309A40295BFA308A402EFA096
:10567C00BFB8ADB72309A402DDBF8347840411C5AD
:10568C0093E747002304F40491BFED9BE5BF8347E8
:10569C00840401C593E70704F5B793F7F7FBDDB76F
:1056AC00034784049377F70719C1936707080145EB
:1056BC002304F404EFA0BFF615B7230AA40239BFE4
:1056CC00232C940321BF232E940309BF0347840486
:1056DC009377E70F19C1936717002304F404EFD0F5
:1056EC006FFFEDBD8347840409C913F7070193E7E6
:1056FC00070249FBA9446FF01F9493F7F7FD59B7C4
:10570C00034784049377770F19C1936787002304A9
:10571C00F404EFB08F92D9B58347840401C593E7A5
:10572C0007018DB793F7F7FCB1BFA304A4047DB5B3
:10573C002326940565B5232894054DB5231AA40496
:10574C0071BD232C940559BD23209405EFA05F94C3
:10575C0071B523229405DDBF8347840401C593E70B
:10576C0027000DB7F59B39BF95446FF0DF8C914442
:10577C006FF07F8C99446FF01F8C8347C40593F7AF
:10578C00170289C72545EFB05FA8DDA0EFE0AF8B0E
:10579C006FF09F8A89CC130790026399E7FC93F70B
:1057AC002400638507FC93F4D40F6FF02FFC1307D0
:1057BC00F002638DE7FA6362F70413070002637764
:1057CC00F7FA130780026381E7041307E0046360B0
:1057DC0027051387F7F91377F70FE54663E5E6001E
:1057EC00811793F7F70FB3062401130719002386CB
:1057FC00F6601379F70F6FF06FF71307B003E396AA
:10580C00E7FC91446FF08FF689446FF02FF68544D6
:10581C006FF0CFF5B307E40005071377F70F930686
:10582C00100883C7C7516313D7000147A389E96ADE
:10583C001307F00F6384E7F429476385E7003547C6
:10584C00E39AE7F4EFD00FC08347D405639D07DAE2
:10585C00B30624012386066085882D458DF4834785
:10586C00C460639307F4A56713850704EFB0BF9179
:10587C00014981446FF08FEFB70680009386F6FFE5
:10588C00130101FF33F6A600135775012324810081
:10589C001354F5011315360013D67501B3F6B60083
:1058AC00232021011376F60F1379F70F232611000D
:1058BC002322910093D5F50193973600B306C94086
:1058CC006310B418635CD008631606026380070289
:1058DC009306F9FF63980600B387A700130910001D
:1058EC006F00C0041307F00F631EE9009307050057
:1058FC006F00C0101307F00FE30AE9FE370700042E
:10590C00B3E7E7001306B00113071000634ED6008F
:10591C001306000233D7D700B306D640B396D70090
:10592C00B336D0003367D700B307A70013975700DF
:10593C006356070C130919001307F00F630AE92CBF
:10594C003707007E93F617001307F7FF93D717005E
:10595C00B3F7E700B3E7D7006F00400A638606068B
:10596C0033072641631009026308050C9306F7FF01
:10597C00E38406F69305F00F6310B7021309F00FDA
:10598C006F00C0079306F00FE30AD6FEB7060004BB
:10599C003365D500930607009305B001130710007B
:1059AC0063CED500130700023307D7403317E50049
:1059BC00B355D5003337E00033E7E500B387E70094
:1059CC00130906006FF09FF6130719009376E70F83
:1059DC00639C06046312090463020502E38807F062
:1059EC00B387A70013975700635A0700370700FCCB
:1059FC001307F7FFB3F7E7001309100013F777004D
:105A0C00630A072013F7F700930640006304D720BE
:105A1C00938747006F000020E30205F66396071694
:105A2C00930705006FF09FF59306F00F6300D71EE8
:105A3C00B307F50093D71700130907006FF01FFC8D
:105A4C00635ED00663120606E38207EA9306F9FF4B
:105A5C0063980600B307F540130910006F0040036C
:105A6C001307F00FE304E9E81306B0011307100065
:105A7C00634ED6001306000233D7D700B306D640C8
:105A8C00B396D700B336D0003367D700B307E540E1
:105A9C0013975700E35407F6B70400049384F4FFFC
:105AAC00B3F497006F0080101307F00FE300E9E4E4
:105ABC0037070004B3E7E7006FF01FFB638E0606A1
:105ACC003307264163160902630E051A9306F7FF86
:105ADC0063980600B387A740138405006FF0DFF7C7
:105AEC001308F00F631007031309F00F6F00C019B0
:105AFC009306F00FE30AD6FEB70600043365D50013
:105B0C00930607001308B00113071000634ED8006A
:105B1C00130700023307D7403317E5003358D5007D
:105B2C003337E0003367E800B387E740130906001A
:105B3C00138405006FF0DFF5130719001377E70FD7
:105B4C00631C0704631C090263180500639E07129B
:105B5C00130400006F00000CE38A07D83307F540EC
:105B6C0093165700B387A74063C00612930707002C
:105B7C00E31607E8930700006FF09FFDE31005EABA
:105B8C0013840500E39C07DE13040000B707000232
:105B9C001309F00F6F000008B304F540139754007D
:105BAC0063540704B384A7401384050013850400D1
:105BBC00EF00D06A1305B5FFB394A400634E250320
:105BCC003305254113051500130700023307A740C1
:105BDC00B3D7A400B394E400B3349000B3E79700B8
:105BEC00130900006FF09FE1E39204FC930700009F
:105BFC00130900006FF0DFF5B70700FC9387F7FF80
:105C0C003309A940B3F7F4006FF05FDF1309F00F0D
:105C1C009307000013975700635E070013091900E0
:105C2C001307F00F6306E906370700FC1307F7FFAD
:105C3C00B3F7E7001307F00F93D737006318E900A9
:105C4C0063860700B7074000130400008320C100DF
:105C5C00131779011315F401B706807F0324810013
:105C6C00939797003377D70093D79700B367F700D4
:105C7C00832441000329010033E5A700130101012E
:105C8C006780000013090700138405006FF01FD70D
:105C9C00930700006FF01FFA130101FE232A9100F5
:105CAC00935475012328210123263101232441011A
:105CBC0093199500232E1100232C810023225101CE
:105CCC0093F4F40F138A050093D999001359F50135
:105CDC00638604089307F00F6382F40A93993900E2
:105CEC00B7070004B3E9F900938414F8930A000091
:105CFC0093577A0113149A0093F7F70F13549400E7
:105D0C00135AFA01638C07081307F00F6388E70A2C
:105D1C0013143400370700043364E400938717F836
:105D2C0013070000B384F44093972A00B3E7E7000D
:105D3C009387F7FF1306E000B34649016360F60A48
:105D4C00173600001306C61A93972700B387C700AF
:105D5C0083A70700B387C70067800700638A09021F
:105D6C0013850900EF00904F9307B5FF9304A0F83B
:105D7C00B399F900B384A4406FF05FF79304F00F6C
:105D8C00930A2000E38609F6930A30006FF05FF661
:105D9C0093040000930A10006FF09FF5630A04024D
:105DAC0013050400EF00904B9307B5FF3314F40078
:105DBC009307A0F8B387A7406FF09FF69307F00FF7
:105DCC0013072000E30004F6130730006FF09FF573
:105DDC0093070000130710006FF0DFF41316540044
:105DEC0063F289129384F4FF930700009355060124
:105DFC0033D8B90237070100130707FE3377E600E3
:105E0C0093D70701B3F9B90213040800330507034C
:105E1C0093990901B3E7370163FEA700B307F600B6
:105E2C001304F8FF63E8C70063F6A7001304E8FF48
:105E3C00B387C700B387A74033D5B702B3F7B70210
:105E4C00930505003307A7029397070163F2E70256
:105E5C003388C700B338F8009305F5FF93070800A3
:105E6C00639808006376E8009305E5FFB307C80064
:105E7C0013140401B387E7403364B400B337F00064
:105E8C003364F4001387F4076358E00C93777400C1
:105E9C00638A07009377F400130640006384C700FD
:105EAC00130444009317440063DA0700B70700F8A3
:105EBC009387F7FF3374F400138704089307E00FFC
:105ECC0063CAE706935734008320C1010324810180
:105EDC00939797001317770193D797003367F700C1
:105EEC001395F60183244101032901018329C10083
:105EFC00032A8100832A41003365A70013010102A4
:105F0C00678000009397F90193D919006FF01FEE89
:105F1C00930609001384090013870A0093073000C5
:105F2C006306F70893071000630AF708930720002D
:105F3C00E31AF7F4930700001307F00F6FF0DFF884
:105F4C0093060A006FF09FFD370440009306000093
:105F5C00130730006FF09FFC93071000B387E740E6
:105F6C001307B001634CF7049384E409B357F400AE
:105F7C003314940033348000B3E7870013F77700B1
:105F8C00630A070013F7F700130640006304C70009
:105F9C00938747001397570093D737006352070234
:105FAC0093070000130710006FF01FF2B7074000B3
:105FBC001307F00F930600006FF01FF1930700001A
:105FCC00130700006FF05FF093567501B707800060
:105FDC009387F7FF13D6750193F6F60F9308F00F1E
:105FEC0033F8A7001357F501B3F7B7001376F60F84
:105FFC0093D5F50113051000639A1601631608007A
:10600C006314D600638A070067800000E30E16FF56
:10601C00E39CC6FEE31AF8FE13050000E306B7FE88
:10602C0013051000E39206FE333500016780000073
:10603C00B70780009387F7FF9356750133F6A700D7
:10604C001357F50193F6F60F13D575011308F00FDE
:10605C00B3F7B7001375F50F93D5F50163940601EB
:10606C00631206041308F00F63140501639C070206
:10607C00639A0604631C0502631806046382070412
:10608C0013051000639E05021305F0FF67800000E6
:10609C00E3C8A6FE63E2C702130500006372F602B2
:1060AC006FF01FFE1305E0FF67800000E30A06FC9B
:1060BC00639EE500E35ED5FC1305F0FF638C0500E1
:1060CC0067800000E31605FEE39407FE1305F0FF5E
:1060DC00E31807FE1305100067800000130101FE92
:1060EC002328210113597501232A910023263101FC
:1060FC002322510193149500232E1100232C81008F
:10610C00232441011379F90F938A050093D4940049
:10611C009359F501630809109307F00F6304F91202
:10612C0093943400B7070004B3E4F400130919F88E
:10613C00130A000093D77A0113949A0093F7F70F80
:10614C001354940093DAFA01638E07101307F00FBF
:10615C00638AE71213143400370700043364E40035
:10616C00938717F8130700003309F90093172A00D7
:10617C00B3E7E7001306A000930619006342F61E6E
:10618C0013062000B3C95901634EF6109387F7FF2D
:10619C0013061000637AF612370801001305F8FF96
:1061AC0013D6040193570401B3F4A4003374A40070
:1061BC00B3059402330486023306F602B3879702C2
:1061CC003387870093D70501B387E70063F4870013
:1061DC003306060133F7A70013170701B3F5A50023
:1061EC003307B70093D7070113146700B387C700B1
:1061FC001357A70193976700333480003364E4008E
:10620C001397470033E48700635A07009357140031
:10621C001374140033E487001389060093060900F5
:10622C006F00000C638A040213850400EF00100356
:10623C009307B5FF1309A0F8B394F4003309A940F0
:10624C006FF01FEF1309F00F130A2000E38404EE24
:10625C00130A30006FF01FEE13090000130A100030
:10626C006FF05FED630A040213050400EF00007F7A
:10627C009307B5FF3314F4009307A0F8B387A74036
:10628C006FF05FEE9307F00F13072000E30E04ECA2
:10629C00130730006FF05FED930700001307100039
:1062AC006FF09FEC13061000B317F60013F60753AC
:1062BC006310060C13F607246312061293F7870873
:1062CC00E38C07EC93890A00930720006302F71014
:1062DC00930730006304F710930710006308F7105E
:1062EC001387F607635CE00893777400638A0700F2
:1062FC009377F400130640006384C7001304440032
:10630C009317440063DA0700B70700F89387F7FF89
:10631C003374F400138706089307E00F63CAE70A87
:10632C00935734008320C101032481019397970074
:10633C001315770193D797009399F9013365F500FD
:10634C008324410103290101032A8100832A41008E
:10635C00336535018329C1001301010267800000F8
:10636C001306F000638CC7061306B000E38CC7F469
:10637C001384040013070A006FF01FF59307100035
:10638C00B387E7401307B0016342F7069386E6092B
:10639C00B316D400B357F400B336D000B3E7D7002C
:1063AC0013F77700630A070013F7F7009306400012
:1063BC006304D700938747001397570093D7370090
:1063CC006358070293070000130710006FF09FF546
:1063DC00930700001307F00F6FF0DFF4B7074000CE
:1063EC001307F00F930900006FF0DFF39307000021
:1063FC00130700006FF01FF3B70680009386F6FFBB
:10640C00130101FF33F6A6001357750123248100F5
:10641C001354F5011315360013D67501B3F6B600F7
:10642C0023202101232611001379F70F2322910039
:10643C001376F60F1307F00F93D5F50193973600EB
:10644C006314E6006394070093C51500B306C940B6
:10645C0063908518635CD00863160602638007029C
:10646C009306F9FF63980600B387A7001309100081
:10647C006F00C0041307F00F631EE90093070500BB
:10648C006F00C0101307F00FE30AE9FE3707000492
:10649C00B3E7E7001306B00113071000634ED600F4
:1064AC001306000233D7D700B306D640B396D700F5
:1064BC00B336D0003367D700B307A7001397570044
:1064CC006356070C130919001307F00F630AE92C24
:1064DC003707007E93F617001307F7FF93D71700C3
:1064EC00B3F7E700B3E7D7006F00400A63860606F0
:1064FC0033072641631009026308050C9306F7FF66
:10650C00E38406F69305F00F6310B7021309F00F3E
:10651C006F00C0079306F00FE30AD6FEB70600041F
:10652C003365D500930607009305B00113071000DF
:10653C0063CED500130700023307D7403317E500AD
:10654C00B355D5003337E00033E7E500B387E700F8
:10655C00130906006FF09FF6130719009376E70FE7
:10656C00639C06046312090463020502E38807F0C6
:10657C00B387A70013975700635A0700370700FC2F
:10658C001307F7FFB3F7E7001309100013F77700B1
:10659C00630A072013F7F700930640006304D72023
:1065AC00938747006F000020E30205F663960716F9
:1065BC00930705006FF09FF59306F00F6300D71E4D
:1065CC00B307F50093D71700130907006FF01FFCF2
:1065DC00635ED00663120606E38207EA9306F9FFB0
:1065EC0063980600B307F540130910006F004003D1
:1065FC001307F00FE304E9E81306B00113071000CA
:10660C00634ED6001306000233D7D700B306D6402C
:10661C00B396D700B336D0003367D700B307E54045
:10662C0013975700E35407F6B70400049384F4FF60
:10663C00B3F497006F0080101307F00FE300E9E448
:10664C0037070004B3E7E7006FF01FFB638E060605
:10665C003307264163160902630E051A9306F7FFEA
:10666C0063980600B387A740138405006FF0DFF72B
:10667C001308F00F631007031309F00F6F00C01914
:10668C009306F00FE30AD6FEB70600043365D50077
:10669C00930607001308B00113071000634ED800CF
:1066AC00130700023307D7403317E5003358D500E2
:1066BC003337E0003367E800B387E740130906007F
:1066CC00138405006FF0DFF5130719001377E70F3C
:1066DC00631C0704631C090263180500639E071200
:1066EC00130400006F00000CE38A07D83307F54051
:1066FC0093165700B387A74063C006129307070091
:10670C00E31607E8930700006FF09FFDE31005EA1E
:10671C0013840500E39C07DE13040000B707000296
:10672C001309F00F6F000008B304F54013975400E1
:10673C0063540704B384A740138405001385040035
:10674C00EF00C0311305B5FFB394A400634E2503CD
:10675C003305254113051500130700023307A74025
:10676C00B3D7A400B394E400B3349000B3E797001C
:10677C00130900006FF09FE1E39204FC9307000003
:10678C00130900006FF0DFF5B70700FC9387F7FFE4
:10679C003309A940B3F7F4006FF05FDF1309F00F72
:1067AC009307000013975700635E07001309190045
:1067BC001307F00F6306E906370700FC1307F7FF12
:1067CC00B3F7E7001307F00F93D737006318E9000E
:1067DC0063860700B7074000130400008320C10044
:1067EC00131779011315F401B706807F0324810078
:1067FC00939797003377D70093D79700B367F70039
:10680C00832441000329010033E5A7001301010192
:10681C006780000013090700138405006FF01FD771
:10682C00930700006FF01FFA3706800013577501AD
:10683C009307F6FF1377F70F9305E007B3F7A7005D
:10684C009356F50163D6E5049305D00963DAE500A8
:10685C00370500801305F5FF3385A600678000001F
:10686C0033E5C7009307500963DCE7001307A7F66D
:10687C003315E500638006023305A04067800000F5
:10688C0093076009B387E7403355F5006FF09FFE1F
:10689C001305000067800000130101FF232611007F
:1068AC002324810023229100930705006300050E29
:1068BC001357F5413344A7003304E4409354F501D6
:1068CC0013050400EF0080199307E009B387A74074
:1068DC00130760096340F70413078000630EE50A91
:1068EC00130585FF3314A40013149400135494005F
:1068FC00939777018320C100B3E7870003248100BD
:10690C001395F40133E5A700832441001301010121
:10691C0067800000130790096354F70613075000B3
:10692C003307A7409306B5013357E4003314D40062
:10693C003334800033678700370400FC1304F4FF02
:10694C009376770033748700638A06001377F70019
:10695C00930640006304D70013044400131754003B
:10696C00635C0700B70700FC9387F7FF3374F400F0
:10697C009307F009B387A740135434006FF0DFF688
:10698C001307B5FF3317E4006FF01FFB93040000EF
:10699C00130400006FF05FF5930760096FF0DFF4EC
:1069AC00130101FC130300002326B1016F00C0008A
:1069BC00130101FC130300FF2328A101232A9101D9
:1069CC00232C8101232E71016F00C000130101FCE7
:1069DC00130300FE232061032322510323244103CC
:1069EC002326310323282103232A9102232C8102FD
:1069FC00232E11023301614067800200130101FF55
:106A0C00232021012322910023248100232611001D
:106A1C0067800200832DC10013010101032D0100C9
:106A2C00832C4100032C8100832BC1001301010135
:106A3C00032B0100832A4100032A81008329C10012
:106A4C001301010103290100832441000324810067
:106A5C008320C1001301010167800000B70701000A
:106A6C00637AF5029337051093B7170093973700A5
:106A7C00130700023307F7403355F5009727000042
:106A8C009387C74AB387A70003C507003305A74000
:106A9C00678000003707000193078001E37AE5FC6B
:106AAC00930700016FF0DFFCB70780009387F7FFB7
:106ABC009356750133F6A7001357F50193F6F60FAD
:106ACC0013D575011308F00FB3F7B7001375F50F55
:106ADC0093D5F50163940601631206041308F00FB5
:106AEC0063140501639C0702639A0604631C050288
:106AFC00631806046382070413051000639E0502E5
:106B0C001305F0FF67800000E3C8A6FE63E2C7022E
:106B1C00130500006372F6026FF01FFE13052000D0
:106B2C0067800000E30A06FC639EE500E35ED5FC8B
:106B3C001305F0FF638C050067800000E31605FE6B
:106B4C00E39407FE1305F0FFE31807FE130510008E
:106B5C0067800000B7058000935775019386F5FF99
:106B6C0093F7F70F1306E007B3F6A6001357F501DA
:106B7C006352F604134617001306E6091305F7FFD4
:106B8C0063DCC702130500006318070213075009E2
:106B9C0033E5B6006358F7009387A7F63315F50075
:106BAC006780000013076009B307F7403355F50001
:106BBC00678000001305000067800000130101FFCF
:106BCC002324810023261100130405001307000061
:106BDC0063040502EFF09FE81307E0093307A740B1
:106BEC009307600963CAE702930780006302F50A02
:106BFC00130585FF3314A40013149400135494004C
:106C0C00131577018320C1003365850003248100AF
:106C1C0013010101678000009307900963D4E70614
:106C2C009307B50193065000B317F400B386A64042
:106C3C00B337F0003354D400B3E78700370400FCBB
:106C4C001304F4FF93F6770033F48700638A06008D
:106C5C0093F7F700930640006384D70013044400B5
:106C6C009317540063DC0700B70700FC9387F7FF0A
:106C7C001307F0093374F4003307A740135434009E
:106C8C006FF09FF79307B5FFB317F4006FF01FFB7E
:106C9C00130760096FF05FF601112A8706CE2E8567
:106CAC0026CCB2854ACA368622C637240040B7E7BE
:106CBC0000E0FD5603A90700C44323A0D71823A264
:106CCC00D7189307F7FF93F7F70F09486364F80891
:106CDC00B717004083C75704B7C80300F95763724E
:106CEC001505B306C50063EED802631207050982C9
:106CFC00EF208067AA8737170040930670052300A2
:106D0C00D704930680FA2300D70483464704C18A2C
:106D1C002302D70437E700E0232027112322971002
:106D2C003244F240E24452493E85056182808547F7
:106D3C00631DF7008567FD173E96E98F3E96FD773C
:106D4C007D8E7D8DEF20406875B7EF20006F930727
:106D5C00150055B7B5476318F7001305900BEF20D6
:106D6C00C072814749BFB1476315F7001305B00ADC
:106D7C00FDB799476315F700EF204072DDB79D47CB
:106D8C006319F70023A0050023A20500EF20A076CD
:106D9C00C9BF91476315F700EF20C079D9B7814778
:106DAC0039DBF15789BF00009357750193F7F70F43
:106DBC0013060500138717F8635805069306E001C0
:106DCC0063D6E60037050080678000001305F0FFEE
:106DDC00635A07009307F0FF6302F70613050000E0
:106DEC0067800000B70580009386F5FFB3F6C600F8
:106DFC0013066001B3E6B600635AE6009387A7F664
:106E0C00B397F6003305F50267800000B707400022
:106E1C00B3D7E740B387D700930670013387E640BA
:106E2C00B3D7E7006FF01FFE9306E00113051000C7
:106E3C00E3D0E6FA370500801305F5FF6780000004
:106E4C00EFF2DFBB13171500135717003706807FBF
:106E5C00130101FF93050500636EC7026350050221
:106E6C002326A100EF0050238325C10063080500F1
:106E7C0013850500EF00D01E6F00C00013850500C0
:106E8C00EFE09F9F93050500138505001301010199
:106E9C006FF05FBBE30A07FEE34E05FC1357750169
:106EAC001377F70F9307050093557541631007028D
:106EBC00130700009397170093968700930507001C
:106ECC0013071700E3D806FEB305B0403707800060
:106EDC009306F7FF938515F8B3F7D700B3E7E700F0
:106EEC0013F71500630407009397170093D515400B
:106EFC0093971700130590011307000093080000E7
:106F0C00370600013388C8009386070063C8070161
:106F1C00B308C800B38607413307C7001305F5FF54
:106F2C009397160013561600E31E05FC63860600A5
:106F3C00130717001377E7FF13571740B707003FE6
:106F4C003307F70093957501B385E5006FF0DFF318
:106F5C00EFF2DFAA370700801307F7FFB376B7000D
:106F6C003706807F930705006368D6003377A70048
:106F7C00130805006378E60013850700EFE0DF8F48
:106F8C006F0000013703803F63986500EF1080436A
:106F9C00930705006F00800213D5E541137525009A
:106FAC0013D3F701B36465006314070413072000BF
:106FBC00638AE400130730006380E4021385070042
:106FCC006FF05FA8B797000083A50756B79700002E
:106FDC0003A547566FF09FFAB797000083A5075695
:106FEC00B797000003A58756EFF00FC16FF05FFA5B
:106FFC0063940602B797000083A5075663580800F0
:10700C00B797000003A5C7566FF01FFEB797000097
:10701C0003A507576FF09FF6639AC60893072000E5
:10702C006318D706379400006388F4029307300086
:10703C006382F40493071000832504566388F400DC
:10704C00B797000003A547576FF05FF3B7970000A1
:10705C0003A587576FF05FF9B797000083A5C75753
:10706C00B797000003A54757EFF04F8783250456C9
:10707C006FF0DFF0B797000083A50758B7970000B3
:10708C0003A54757EFF08F85832504566FF0DFF586
:10709C00E38AF4F293073000E380F4F493071000D2
:1070AC006380F40C930700006FF05FF1E304C7F406
:1070BC003307D740135777419306C00363D6E604D2
:1070CC00B797000083A54758B797000003A507574B
:1070DC00EFF08FB29307050013071000638CE404E4
:1070EC0013072000638EE404E38A04EC3797000056
:1070FC008325875813850700EFE00FF8B79700003A
:10710C0083A547566FF05FEE63D60500930640FCEF
:10711C00634ED70013850700EFE01FB81315150059
:10712C0013551500EF10002A6FF0DFFA93070000DB
:10713C006FF09FFA37070080B347F7006FF01FE836
:10714C00379700008325875813850700EFE0CFF2AF
:10715C00B79700009305050003A547566FF0DFE8CD
:10716C00B797000083A7C7556FF05FE5931715001D
:10717C0013D7170093D78701938717F893066001ED
:10718C009305050063CAF6049306050063D0070255
:10719C00B705008063480500B705803F63140700FE
:1071AC0093050000138505006780000037068000FA
:1071BC001307F6FF3357F7403375A700E30405FEBA
:1071CC006356B0003356F640B386C5001347F7FF3D
:1071DC00B375D7006FF01FFDB707807FE364F7FC32
:1071EC006FE08FE9EFF29F81370400809307F4FF83
:1071FC003717493FB3F7A700130787FD130101FFAA
:10720C00930500006370F7043707807F63E8E7009D
:10721C00EF000065130101016FF0DF82930581001F
:10722C00EF00800C93773500130710008325C10005
:10723C0003258100638CE700130720006380E702BD
:10724C0063920702EF00006A6FF0DFFC1306100078
:10725C00EF1040033345A4006FF0DFFBEF008068B4
:10726C006FF05FFF13061000EF10C0016FF09FFA74
:10727C009317150013D7170093D78701938717F827
:10728C00930660019305050063CAF6049306050096
:10729C0063D007029305000063580500B70580BF53
:1072AC0063140700B7050080138505006780000094
:1072BC00370680001307F6FF3357F7403375A700E6
:1072CC00E30405FE63D605003356F640B386C500CD
:1072DC001347F7FFB375D7006FF01FFDB707807F1B
:1072EC00E364F7FC6FE04FD9EFF28FEC93141500C9
:1072FC00B717493F93D41400938787FD130101FFFF
:10730C00930A05001384050063EC97002320A40066
:10731C009307000023A2F500130900006F0000077B
:10732C00B7D71640938737BE930B050063EE9710C3
:10733C00B7070080938707FFB3FAA700B797000041
:10734C0083A5C7586354A008EFF00F8BB717C93F3C
:10735C00938707FD130905006380FA04B7990000B1
:10736C0083A50959EFF04F89930505009304050097
:10737C0013050900EFF04F8883A50959EFF0CF876B
:10738C002322A400232094001309100013050900E4
:10739C00130101016FF08FE8B797000083A54759DF
:1073AC00B7990000EFF04F8583A5895913090500A3
:1073BC00EFF08F8493050500930405001305090075
:1073CC00EFF08F8383A589596FF05FFBEFE0CFCA95
:1073DC00B717C93F938707FD13090500638CFA02A1
:1073EC00B799000083A50959EFE00FC99305050073
:1073FC009304050013050900EFF00F8083A50959CC
:10740C00EFE08FC72322A400232094001309F0FF80
:10741C006FF0DFF7B797000083A54759B7990000C5
:10742C00EFE08FC583A5895913090500EFE0CFC4A0
:10743C00930505009304050013050900EFE0DFFB3D
:10744C0083A589596FF0DFFBB7174943938707F87A
:10745C0063E0971EB797000083A5C75913850400F6
:10746C00EFE0DFC7B797000083A5075AEFE0CFC066
:10747C00EFF08FBB13090500EFF00FC2B7970000B8
:10748C0083A5C758130B0500EFE05FC593050500F6
:10749C0013850400EFE05FF6B797000083A507594A
:1074AC00130A050013050B00EFE05FC393050500FD
:1074BC009309050013050A00EFE01FF49307F00190
:1074CC0063C627039306F9FF3797000093962600AF
:1074DC00130787B03307D700B707008003270700CF
:1074EC00938707F0B3F75701639EE7009357750135
:1074FC0093D4744193F7F70FB387F44013078000CC
:10750C006346F7002320A4006F004008B7970000E3
:10751C0083A5475913050B00EFE05FBC93090500E9
:10752C009305050013050A00EFE01FED9305050018
:10753C00930A050013050A00EFE01FEC9385090080
:10754C00EFE09FEBB797000083A5875993090500DF
:10755C0013050B00EFE09FB893850900EFE0DFE91E
:10756C00930505009309050013850A00EFE0DFE899
:10757C009357750193F7F70FB384F4409307900179
:10758C0063C497042320A400138A0A0083240400F4
:10759C0013050A0093850400EFE01FE693850900AC
:1075AC00EFE09FE52322A400E3D20BDEB7070080B7
:1075BC00B3C49700B3C7A700232094002322F40080
:1075CC00330920416FF09FDCB797000083A5475A21
:1075DC0013050B00EFE09FB0930405009305050025
:1075EC0013850A00EFE05FE1130A0500930505001F
:1075FC0013850A00EFE05FE093850400EFE0DFDF26
:10760C00B797000083A5875A9304050013050B0058
:10761C00EFE0DFAC93850400EFE01FDE930905007B
:10762C009305050013050A00EFE01FDD6FF09FEDD9
:10763C00B707807F63ECF40093050500EFE0DFDB18
:10764C002322A4002320A4006FF01FCD13D9744172
:10765C001309A9F793177901B384F4401385040037
:10766C00EFF08F9CEFF04FA3930505002322A100B0
:10767C0013850400EFE05FD8379A00008325CA5ABF
:10768C00EFE0DFA593090500EFF00F9AEFF0CFA024
:10769C00930505002324A10093040500138509001C
:1076AC00EFE09FD58325CA5AEFE05FA39305000056
:1076BC002326A100EFE05F9193063000631C0500C8
:1076CC009305000013850400EFE01F90B336A00073
:1076DC0093861600B797000013060900938787B8A6
:1076EC00130720009305040013054100EF004035FB
:1076FC0013090500E3DC0BC883270400370700805F
:10770C00B3C7E7002320F40083274400B3C7E70086
:10771C002322F4006FF0DFEAEFF24FAE3704008063
:10772C009307F4FF3717493FB3F7A700130787FDFB
:10773C00130101FF636AF7001306000093050000B4
:10774C00EF0050346F0000013707807F63E8E700DB
:10775C00EF000011130101016FF0CFAE9305810012
:10776C00EFF09FB893773500130710008325C10005
:10777C0003258100638CE70013072000638CE7006E
:10778C0063920702130610006FF09FFBEF00801549
:10779C006FF05FFC13061000EF00D02E3345A400F1
:1077AC006FF05FFBEF0000146FF05FFF93577501F4
:1077BC0093F7F70F938717F81307600193050500EC
:1077CC00634AF70463D20702B70500801307F0FF82
:1077DC00B375B5006396E700B707803FB3E5F500D6
:1077EC001385050067800000370780001307F7FF3B
:1077FC003357F7403376A700E30406FEB705400085
:10780C00B3D5F540B385A5001347F7FFB375B700A3
:10781C006FF01FFD13070008E394E7FC6FE0CF85C2
:10782C009357754193F7F70F938717F813070008D1
:10783C00930505006394E7006FE00F843707008021
:10784C0063CC07001307F0016354F7009307F001B2
:10785C00370780FF3357F7403375B7006780000058
:10786C00EFF2CF99130101FF2326A100EF00C00214
:10787C008325C100631A050013850500EFD0DFFFD7
:10788C00130101016FF00F9C930500001385050097
:10789C00EFE08FC06FF0DFFE131515009357150046
:1078AC00630E0502370780FF3387E700B706007FBA
:1078BC00130540006366D702370780009386F7FFF5
:1078CC001307E7FF13053000637CD7003707808070
:1078DC00B387E70013B5170067800000130520007D
:1078EC0067800000EFF28F8E1314150013541400F0
:1078FC00B7070032130101FF379A0000636EF412D0
:10790C00938A05009305050013090500EFE00FFDB0
:10791C00B797000083A5075A93040500EFE00FFC0E
:10792C00B797000083A5875B9309050013850400B6
:10793C00EFE0CFFAB797000083A5C75BEFD0DFF37A
:10794C0093850400EFE08FF9B797000083A5075CDF
:10795C00EFE09FAA93850400EFE04FF8B797000083
:10796C0083A5475CEFD05FF193850400EFE00FF740
:10797C00B797000083A5875CEFE01FA893850400F0
:10798C00EFE0CFF5B797000083A5C75CEFD0DFEE33
:10799C0093850400EFE08FF493850400EFE00FF47F
:1079AC009304050093850A0013050900EFE00FF31B
:1079BC009305050013850400EFE01FA4B7A7993EBB
:1079CC00938797999304050063E28702930505005A
:1079DC0013850900EFE05FA29305050003254A5BC0
:1079EC00EFE09FA1130101016FF08F84B707483FAF
:1079FC0063EE8702B70700FFB305F40003254A5B6B
:107A0C002326B100EFE05F9F8325C100130405001E
:107A1C0013850900EFE05F9E93850400EFE0DF9D86
:107A2C0093050500130504006FF09FFBB79700004A
:107A3C0083A5075B6FF09FFC03254A5B6FF09FFAF1
:107A4C00EFE21FF6130101E8130B07003797000054
:107A5C00938C0600232AF10093162B00930707EA58
:107A6C00B387D700130707EA83AB07002328A100CD
:107A7C009307C0FF2324E102138A0500130C0600B0
:107A8C00138DFCFF930D00006348F600930DD6FF99
:107A9C0093078000B3CDFD0293871D0093973700A9
:107AAC00B389AD412326F1003309FC40B38AAB0105
:107ABC009304010913840900B307344163D6FA0215
:107ACC00938A0C009307011333879A4163CAEB081E
:107ADC0093942A0013070109B384E40013040000F3
:107AEC00930900006F00400613050000634C04006E
:107AFC000327410193172400B307F70003A50700E0
:107B0C00EFE09FD923A0A400130414009384440035
:107B1C006FF09FFA232CF1008327010113972900A2
:107B2C0083A504003387E700032507009389190018
:107B3C00EFE0CFDA9305050013050400EFD0DFD397
:107B4C0083278101130405009384C4FFE3543DFD96
:107B5C0023A08700938A1A00938747006FF0DFF603
:107B6C0093972B0093870704B38727002320F102F8
:107B7C0093972D00232EF100B797000083A7075D84
:107B8C0013840B002326F102B797000083A7C75A72
:107B9C002328F102B797000083A7475D232AF1023F
:107BAC00B797000083A7875D232CF102B7970000DD
:107BBC0083A7075A232EF1029317240013070104FD
:107BCC00232CF10093870714B387E70083A907FBE5
:107BDC00930D070093040700930A0400634E501999
:107BEC009305090013850900EF00102B8325410331
:107BFC0093040500EFE08FCEEFF08FE78325810330
:107C0C00EFE0CFCD9305050013850400EFE0CFFE28
:107C1C0093040500EFE05FC1930A0500EFE0DFC7B6
:107C2C009305050013850400EFE00FFD9309050093
:107C3C006352201B9307F4FF93972700130701044B
:107C4C0093870714B387E70083A407EC930680009F
:107C5C00B386264133D7D440B38AEA003317D70012
:107C6C00B384E44023A097EC93077000B3872741BB
:107C7C00B3D4F440635A9006938A1A00930600001A
:107C8C00130700001306F00F9305001063C286184B
:107C9C00635A2001930710006304F91A930720001C
:107CAC006302F91C930720006390F404B79D000055
:107CBC0003A54D5B938509002322E102EFE0CFF38E
:107CCC0003274102930905006300070203A54D5BDE
:107CDC0093050900EF00501C93050500138509005E
:107CEC00EFE08FF19309050093050000138509005F
:107CFC00EFE08FAD631C05269307F4FF130700001C
:107D0C001386070063D07719630607201304060057
:107D1C009317240093870704B387270083A70700D2
:107D2C00130989FF63800724B797000003A5475BFD
:107D3C009305090013090400EF001016B797000013
:107D4C0003AC075D93090500635A092C93090400E1
:107D5C0063CC093483278102939C2900130C000007
:107D6C00938DC70093070113B38CFC00130D000017
:107D7C00330934416F0000318325C102138509009A
:107D8C00938AFAFFEFE08FB5EFE01FAAEFE0DFB0C8
:107D9C00832501032322A10293844400EFE00FB456
:107DAC009305050013850900EFE00FE5EFE0DFA771
:107DBC009307011313972A003387E70023AEA4FE21
:107DCC008325070003254102EFD01FAB9309050063
:107DDC006FF0DFE0631209029307F4FF939727001B
:107DEC009387071413070104B387E70083A407ECF8
:107DFC0093D474406FF01FE88325C10393040000F3
:107E0C00EFE00FA3E34205EE930420006FF0DFE6F2
:107E1C0083A70D006312070263880700B387F54040
:107E2C0023A0FD009307100093861600938D4D0040
:107E3C00138707006FF09FE5B307F6406FF05FFE06
:107E4C009307F4FF93972700930601049387071475
:107E5C00B387D70083A607EC93F6F60723A0D7ECDD
:107E6C006FF05FE49307F4FF9397270093060104E8
:107E7C0093870714B387D70083A607EC93F6F60312
:107E8C006FF0DFFD9396270093860604B3862600D9
:107E9C0083A606009387F7FF3367D7006FF09FE642
:107EAC00938717008326C7FF1307C7FFE38A06FED5
:107EBC00B30994019399290013070109930A14003B
:107ECC00B30937013304F400E34854CF8327C101CD
:107EDC000327410193942A00B3879700B307F70057
:107EEC0003A50700930D0000EFE01F9B23A0A90042
:107EFC0093870900930600006354BD039307011395
:107F0C00B384970023A0D400938A1A009389490064
:107F1C006FF09FFB03270102930710006FF09FF88F
:107F2C002322D1028326010113972D0083A507007C
:107F3C003387E60003250700232CF100938D1D00E9
:107F4C00EFE0CF99832641029305050013850600C7
:107F5C00EFD09F9283278101930605009387C7FF7B
:107F6C006FF09FF91304F4FF6FF09FDA8327C100C1
:107F7C0013850900B3858741EF000072B7970000A5
:107F8C0083A9C75A930C050093850900EFE04F8A2B
:107F9C00634A0506B797000083A5075D13850C009F
:107FAC0013041400EFE08F93EFE01F88EFE0DF8EF7
:107FBC008327810113070104938509009387071414
:107FCC00338DE700130C0500EFE04F91930505008E
:107FDC0013850C00EFE04FC2EFE01F8593192400CE
:107FEC0093870914130701042320ADEC13098900AE
:107FFC00B389E70013050C00EFE01F8323A0A9EC65
:10800C006FF09FD2832781011307010413850C00A5
:10801C0093870714B389E7006FF01FFE1307011352
:10802C0093172900B30CF70093870704B387270035
:10803C0003A507001309F9FFEFE01F8693850900DC
:10804C00EFE0CF8923A0AC0093050C001385090049
:10805C00EFE0CF88930905006FF01FCF83A50C00CC
:10806C0003A50D00130D1D00938D4D00EFE00F8740
:10807C009305050013050C00EFD01F80130C0500B1
:10808C00938C4C0063C4AB01E35AA9FD131929006E
:10809C0093070914130701043389E700232089F798
:1080AC009389F9FF6FF0DFCA9307200063CE670155
:1080BC00634260111305000063020B0813F57A008C
:1080CC00130101186FE01F9593073000E318FBFEB6
:1080DC00131924009307010E338927019309090012
:1080EC00930B04009389C9FF6344700F130B0400B6
:1080FC00930C10001309C9FF63CA6C11130500001F
:10810C0013091000634289148326010E0327410EC4
:10811C00639A04142320DA002322EA002324AA0001
:10812C006FF0DFF9931724001307010EB307F70064
:10813C0083A507001304F4FFEFD00FF4E35404FEFF
:10814C0063860400B707008033C5A7002320AA006C
:10815C006FF0DFF6931729001307010EB307F70032
:10816C0083A507001309F9FFEFD00FF1E35409FEC3
:10817C009307050063860400B7070080B3C7A70008
:10818C00930505000325010E2320FA001309010EA7
:10819C00EFE08FA6930910001309490063523403D2
:1081AC0063860400B707008033C5A7002322AA000A
:1081BC006FF0DFF013090400130500006FF01FFBD4
:1081CC008325090093891900EFD00FEB6FF0DFFCCA
:1081DC0083AC090003AC4900938BFBFF13850C00A7
:1081EC0093050C00EFD04FE993050500130B050028
:1081FC0013850C00EFE04FA093050C00EFD0CFE7F8
:10820C0023A2A90023A069016FF0DFED032C090064
:10821C00832B4900130BFBFF13050C0093850B00FC
:10822C00EFD08FE5930505009309050013050C00AD
:10823C00EFE08F9C93850B00EFD00FE42322A90075
:10824C00232039016FF01FEB931724001307010E45
:10825C00B307F70083A507001304F4FFEFD0CFE1B9
:10826C006FF05FEAB7070080B3C6D70033C7E700EB
:10827C00B3C7A7002320DA002322EA002324FA0044
:10828C006FF0DFE3EFE28FF49317150093D717002D
:10829C00370700321304050063ECE70A93890500E5
:1082AC0093050500930A0600EFD05FE393040500E5
:1082BC009305050013050400EFD05FE2B7970000AB
:1082CC0083A5C75D1309050013850400EFD01FE1DA
:1082DC00B797000083A5075EEFE00F92938504002B
:1082EC00EFD0DFDFB797000083A5475EEFD0CFD884
:1082FC0093850400EFD09FDEB797000083A5875EBF
:10830C00EFE08F8F93850400EFD05FDDB79700000F
:10831C0083A5C75EEFD04FD6130A0500639E0A02F1
:10832C009305050013850400EFD05FDBB7970000C1
:10833C0083A5075FEFE04F8C93050900EFD01FDAA0
:10834C009305050013050400EFD00FD313040500AB
:10835C00130504006FE0CFEDB797000083A5075A13
:10836C0013850900EFD09FD7930A050093050A00E7
:10837C0013050900EFD09FD69305050013850A005D
:10838C00EFE08F8793850400EFD05FD593850900CC
:10839C00EFE08F86B797000083A5475F9304050035
:1083AC0013050900EFD09FD3930505001385040036
:1083BC00EFE08F849305050013050400EFE0CF83F5
:1083CC006FF0DFF8EFE28FE09314150093D41400F4
:1083DC00B70780501304050063E2F404B707807FED
:1083EC009305050063EC9700B797000083A5875FA2
:1083FC00635EA000B797000003A5C75FEFD0CFC79F
:10840C0013040500130504006FE08FE2B79700001A
:10841C0003A50760EFD05FFE6FF09FFEB707E03E4D
:10842C009309050063F8F402B707003163F0F40216
:10843C00B797000083A54760EFD00FC4B797000033
:10844C0083A5475BEFD0DFBEE34EA0FA9304F0FFA9
:10845C006F004005B707983F63FCF418B707303F2F
:10846C003799000063FCF414938504001385040011
:10847C00EFD08FC08325495BEFD01FF8B797000072
:10848C0083A587601304050013850400EFD0CFBECD
:10849C009305050013050400EFD01F80130405009D
:1084AC00930400009305040013050400EFD01FC3D0
:1084BC009305050013090500EFD05FC2B7970000C4
:1084CC0083A54761130A0500EFD05FC1B797000081
:1084DC0083A58761EFD04FBA93050A00EFD01FC078
:1084EC00B797000083A5C761EFD00FB993050A00B9
:1084FC00EFD0DFBEB797000083A50762EFD0CFB7F0
:10850C0093050A00EFD09FBDB797000083A5476283
:10851C00EFD08FB693050A00EFD05FBCB797000081
:10852C0083A58762EFD04FB593050900EFD01FBB31
:10853C00B797000083A5C7621309050013050A004D
:10854C00EFD0DFB9B797000083A50763EFD0DFEA60
:10855C0093050A00EFD09FB8B797000083A5476337
:10856C00EFD09FE993050A00EFD05FB7B7970000F3
:10857C0083A58763EFD05FE893050A00EFD01FB6A1
:10858C00B797000083A5C763EFD01FE793050A00D8
:10859C00EFD0DFB49305050013050900EFD0CFAD84
:1085AC0093050400EFD09FB39307F0FF93050500EC
:1085BC006394F40A130504006FF0DFE58325495B2F
:1085CC0013850400EFD05FE38325495B130405009A
:1085DC0013850400EFD04FAA930505001305040082
:1085EC00EFD08FEB13040500930410006FF09FEB9A
:1085FC00B7071C4063F4F404379900008325C96065
:10860C0013850400EFD05FDF8325C96013040500D8
:10861C0013850400EFD09FACB797000083A5475B90
:10862C0093042000EFD04FA593050500130504001B
:10863C00EFD08FE6130405006FF0DFE6B79700006C
:10864C0003A507619385040093043000EFD0CFE4B9
:10865C00130405006FF01FE5B7970000938787EDB3
:10866C0093942400B384970083A50401EFD0DFD842
:10867C0093050400EFD05FD89305050003A5040013
:10868C00EFD09FD713040500E3DE09D6B7070080AF
:10869C0033C4A7006FF01FD7EFE24FB613171500C6
:1086AC009356170013578701930705001384050091
:1086BC00631C070263840608B797000083A5076450
:1086CC00EFD0DFA113577541B746FFFF1377F70FB4
:1086DC00938606CB130777FE635CD4001355F50124
:1086EC00EF00C0096F00C0029306F00F630ED700B5
:1086FC00B7C700009387073563D087021355F50180
:10870C00EF00C0096F00C00093050500EFD0CF96B5
:10871C00930705006F008002B305E4009307E00F98
:10872C00E3CEB7FC6350B002B70780809387F7FFA6
:10873C003375F50093957501B367B5001385070084
:10874C006FE04FB0930780FE63D6F5001355F5012B
:10875C006FF01FF9370780801307F7FF938595019A
:10876C003375E500379700009397750183254764AF
:10877C0033E5A700EFD09F966FF09FF9B7970000F5
:10878C00630A0500379700000325876483A5C76437
:10879C006FD0DF9403A5C7646FF05FFFB79700003D
:1087AC00630A0500379700000325076583A5476515
:1087BC006FD0DF9203A547656FF05FFF13030500D1
:1087CC00630E060083830500230073001306F6FF77
:1087DC001303130093851500E31606FE6780000053
:1087EC0013030500630A06002300B3001306F6FF0B
:1087FC0013031300E31A06FE678000001307000042
:10880C006316E6001305000067800000B307E5005F
:10881C0013071700B386E50083C7070083C6F6FF6E
:10882C00E380D7FE3385D74067800000B01000008E
:10883C00B6100000960F0000960F0000960F000077
:10884C00960F0000960F0000960F0000960F000088
:10885C00960F0000960F0000960F0000CC10000041
:10886C00D4100000D8100000DC100000E010000054
:10887C00E4100000EA100000F0100000960F000059
:10888C00F6100000FE10000002110000061100009E
:10889C000A1100000E110000960F000014110000C8
:1088AC00F62500003E260000462600009A23000014
:1088BC00362600009A2300009A2300009A23000019
:1088CC00022600009A2300009A2300009A2300003D
:1088DC009A2300009A2300009A2300009A23000098
:1088EC000A260000383C0000C8390000C8390000D6
:1088FC00783C0000843C0000903C00009C3C000054
:10890C00C8390000A43C0000C8390000B23C00008B
:10891C00C8390000BA3C0000C23C0000CA3C000050
:10892C00C8390000C8390000C8390000E63C000016
:10893C00F23C0000FE3C00007E390000C83900000B
:10894C001A3B0000C8390000C8390000E43A0000A6
:10895C00C8390000C8390000C8390000C839000007
:10896C00C8390000E43A0000C8390000C8390000DA
:10897C00C8390000743A0000063B0000063B0000BA
:10898C00063B0000063B0000063B0000063B0000D7
:10899C00C8390000123B0000683A0000C8390000DA
:1089AC00C8390000C8390000C8390000C8390000B7
:1089BC00C8390000AA3A0000AA3A0000AA3A0000FE
:1089CC00D63A0000D63A0000C8390000C839000079
:1089DC00C8390000C8390000C8390000C839000087
:1089EC00683A0000C8390000683A0000D052000014
:1089FC0068530000DA540000DA540000DA54000026
:108A0C00DA5400008C540000DA540000DA540000F0
:108A1C00DA540000145400003E5300006456000069
:108A2C0070560000765600008056000086560000F6
:108A3C009A560000AC5600005A5400005A540000DC
:108A4C005A540000C6560000CC560000D256000006
:108A5C00D85600005A5400005A5400005A540000D2
:108A6C005A5400005A5400005A540000F0560000AA
:108A7C000C57000024570000365700003C570000EC
:108A8C0042570000485700004E5700005A5400004F
:108A9C005A540000545700005E5700006457000001
:108AAC0000007A4300007A4300007A430000FA4346
:108ABC000000FA430000FA4300A00C4700A00C474A
:108ACC0000A00C47000048C3000048C3000048C386
:108ADC000A000019010000000AD7233C6F12033B67
:108AEC0000007A4400000000000000000000C841B3
:108AFC000000FA43FA0000000000803F000FC93F5D
:108B0C00000F494000CB9640000FC9400053FB407A
:108B1C0000CB164100ED2F41000F4941003162415D
:108B2C0000537B41003A8A4100CB9641005CA34143
:108B3C0000EDAF41007EBC41000FC94100A0D54102
:108B4C000031E24100C2EE410053FB4100F203420E
:108B5C00003A0A420083104200CB164200141D4218
:108B6C00005C234200A5294200ED2F42003636421C
:108B7C00007E3C4200C74242000F4942A200000066
:108B8C00F9000000830000006E0000004E000000A1
:108B9C00440000001500000029000000FC0000004B
:108BAC002700000057000000D1000000F500000075
:108BBC0034000000DD000000C0000000DB000000FD
:108BCC006200000095000000990000003C000000CD
:108BDC00430000009000000041000000FE00000077
:108BEC005100000063000000AB000000DE0000003C
:108BFC00BB000000C500000061000000B7000000D1
:108C0C00240000006E0000003A000000420000004A
:108C1C004D000000D2000000E00000000600000043
:108C2C00490000002E000000EA00000009000000CE
:108C3C00D1000000920000001C000000FE000000AB
:108C4C001D000000EB0000001C000000B100000043
:108C5C0029000000A70000003E000000E800000012
:108C6C008200000035000000F50000002E0000001E
:108C7C00BB0000004400000084000000E90000007C
:108C8C009C0000007000000026000000B4000000F2
:108C9C005F0000007E000000410000003900000071
:108CAC0091000000D6000000390000008300000095
:108CBC005300000039000000F40000009C0000008C
:108CCC00840000005F0000008B000000BD0000006D
:108CDC00F9000000280000003B0000001F0000000D
:108CEC00F800000097000000FF000000DE0000000C
:108CFC0005000000980000000F000000EF000000CD
:108D0C002F000000110000008B0000005A00000032
:108D1C000A0000006D0000001F0000006D00000044
:108D2C00360000007E000000CF000000270000008D
:108D3C00CB00000009000000B70000004F0000004D
:108D4C00460000003F000000660000009E0000008E
:108D5C005F000000EA0000002D000000750000001C
:108D6C0027000000BA000000C7000000EB00000064
:108D7C00E5000000F10000007B0000003D00000059
:108D8C000700000039000000F70000008A00000016
:108D9C005200000092000000EA0000006B0000008E
:108DAC00FB0000005F000000B10000001F0000008D
:108DBC008D0000005D00000008000000560000005F
:108DCC00030000003000000046000000FC00000022
:108DDC007B0000006B000000AB000000F000000006
:108DEC00CF000000BC000000200000009A00000032
:108DFC00F4000000360000001D000000A900000077
:108E0C00E300000091000000610000005E00000023
:108E1C00E60000001B0000000800000065000000D8
:108E2C0099000000850000005F00000014000000A5
:108E3C00A000000068000000400000008D00000051
:108E4C00FF000000D8000000800000004D00000072
:108E5C007300000027000000310000000600000035
:108E6C00060000001500000056000000CA000000BB
:108E7C0073000000A8000000C900000060000000A2
:108E8C00E20000007B000000C00000008C0000002D
:108E9C006B00000004000000070000000900000047
:108EAC000000C93F0000F0390000DA370000A2339F
:108EBC000000842E0000502B0000C2270000D0229E
:108ECC000000C41F0000C61B000044173863ED3EB1
:108EDC00DA0F493F5E987B3FDA0FC93F6937AC31F7
:108EEC0068212233B40F14336821A23348D0FFFF1A
:108EFC00D0D0FFFF54D0FFFFD0D0FFFF5CD0FFFFDE
:108F0C00D0D0FFFF54D0FFFF48D0FFFF48D0FFFF69
:108F1C005CD0FFFF54D0FFFF24D0FFFF24D0FFFF15
:108F2C0024D0FFFF5CD0FFFF000102020303030308
:108F3C0004040404040404040505050505050505DD
:108F4C0005050505050505050606060606060606BD
:108F5C0006060606060606060606060606060606A5
:108F6C00060606060606060607070707070707078D
:108F7C000707070707070707070707070707070775
:108F8C000707070707070707070707070707070765
:108F9C000707070707070707070707070707070755
:108FAC00070707070707070708080808080808083D
:108FBC000808080808080808080808080808080825
:108FCC000808080808080808080808080808080815
:108FDC000808080808080808080808080808080805
:108FEC0008080808080808080808080808080808F5
:108FFC0008080808080808080808080808080808E5
:10900C0008080808080808080808080808080808D4
:10901C0008080808080808080808080808080808C4
:10902C0008080808080808080D0A00006572726F25
:10903C00723A00006F6B0D0A000000005B50524248
:10904C003A000000414C41524D3A00005B4D5347F1
:10905C003A000000526573657420746F20636F6E64
:10906C0074696E756500000049646C650000000051
:10907C0052756E00486F6C643A0000004A6F6700CE
:10908C00486F6D6500000000416C61726D0000005E
:10909C00436865636B000000446F6F723A00000018
:1090AC00536C6565700000007C4D506F733A000086
:1090BC007C57506F733A00007C42663A0000000007
:1090CC007C46533A000000007C506E3A00000000D1
:1090DC007C57434F3A0000007C4F763A000000006A
:1090EC007C413A00436865636B20446F6F720000EB
:1090FC00536C656570696E6700000000526573748F
:10910C006F72696E67207370696E646C6500000025
:10911C0050676D20456E64000D0A4772626C2031F9
:10912C002E3168205B27242720666F722068656CBF
:10913C00705D0D0A00000000436865636B204C698C
:10914C006D69747300000000272448277C2724587D
:10915C002720746F20756E6C6F636B005B484C50EE
:10916C003A242420242320244720244920244E2040
:10917C0024783D76616C20244E783D6C696E6520B8
:10918C00244A3D6C696E652024534C5020244320A6
:10919C002458202448207E2021203F206374726CA8
:1091AC002D785D0D0A0000005B47433A4700000034
:1091BC0033382E0020470000204D000020540000C2
:1091CC00204600002053000044697361626C6564A2
:1091DC0000000000456E61626C656400436175744B
:1091EC00696F6E3A20556E6C6F636B65640000009E
:1091FC005B47000032380000333000005B473932E7
:10920C003A0000005B544C4F3A0000005B5645524C
:10921C003A312E31682E32303139303833303A0011
:10922C005B4F50543A000000526573746F72696E54
:10923C00672064656661756C74730000244E0000D1
:10924C00230304801547A2872303E4800100010057
:10925C002302A48003C7678062076187E34C07FE83
:10926C002382A780228783476780E207E187E3CCCC
:04927C0007FE8280E7
:109280002303048015472303E48001000100230227
:04929000A4808280B4
:0E92940083076480E3CE07FE230304808280FC
:0E92A20083076480E3CE07FE0345448082808C
:0E92B00083076480E3CE07FE2302A480828041
:1092BE00411126C44AC24EC006C61377F50BAD4700
:1092CE00AA892E8995446306F70019455D37653FD7
:1092DE008D444E85793FFD59FD1463983401B2409B
:1092EE00A244124982494101828013550901137526
:0892FE00F50F453F2209CDB731
:10930600011126CC06CEB704080051371545B537EE
:10931600713769372AC6A53F32459377150089EB21
:10932600136515001375F50FF240E244056182805E
:08933600FD14E9FC0145CDBF67
:10933E00411106C6B7170040130770052380E704D6
:10934E00130780FA2380E70403C747041305F00FC1
:10935E001367070E2382E70491472303F480C53574
:06936E00B24041010DB701
:10937400011126CC4ACA4EC852C606CE2A89AE89E5
:10938400B284554A5D3F91E82137F240268552491F
:10939400E244C249324A05618280CA850945313FA7
:1093A400910903A7C9FF91472320E4800307648040
:1093B400E34E07FE23034481FD17EDFBFD14110961
:1093C40081C49377F90FE9FF2D3F55FDFD5475BF17
:1093D400011126CC4ACA4EC852C656C45AC206CE39
:1093E4002A89328A8D49913FC164C16A056B93878A
:1093F400F4FFB3F7270199E363719A02FD19918091
:10940400E39709FE71350145F240E2445249C249ED
:10941400324AA24A124B056182801305800D63888B
:109424005401130500026384640113051008CA85FE
:109434006935C13D09C52699330A9A4075BF7D55E2
:02944400E1B78E
:10944600011106CE26CC4ACAB2844EC82AC62E8937
:10945600E5353245FD14FD59AA852D45B13D639A82
:1094660034013535F24026855249E244C249056148
:1094760082802D3593F7340091EB832604800327F1
:10948600090093074900E39EE6FC3E89FD14C1BF2F
:10949600011106CE2AC64D353245C533F240056167
:0294A600FDB314
:1094A800011106CE26CC4ACA4EC852C6AA8956C44D
:1094B8002E895135CE852D45FD3B81448D4A214A63
:1094C800E93B63965401832704802320F90085042F
:1094D800E39844FF8327048013972901635C0700FE
:1094E8002312F900F240E2445249C249324AA24AE0
:0A94F800056169BB2322F900F5B7F6
:10950200411106C626C44AC24EC0AE89053D8145F8
:109512001305B0046533BD447D59593393F7740084
:10952200CE9703C70700FD14398D2380A700E39669
:0E95320024FFB240A24412498249410199BB74
:10954000411106C6ED3B130560061D3BA133130513
:0A95500090093D33B240410135BBE4
:10955C00000000806042A20DDB0F4940DB0F49C0C8
:10956C00DB0FC9BFDB0FC93FDB0F493FDB0F49BF27
:10957C0000004040000040C02EBD3B332EBDBB332D
:10958C00800FC93F434435370044353708A3852E37
:10959C0084F9223F0000003F00A3852E32318D2438
:1095AC00000080430000903E0000803F4ED747AD46
:1095BC00F6740F317CF29334010DD037610BB63A4F
:1095CC00ABAA2A3D0000803B0000003E0000004199
:1095DC00D3C92E2F342FD7321BEF3836010D50390B
:1095EC008988083CABAA2A3EABAA2ABE6821A233C2
:1095FC00DA0FC93FDA0FC9BFCAF249710000004047
:10960C000000C03F000080BFD769853C59DA4B3D54
:10961C00356B883D6E2EBA3D2549123EABAAAA3E4B
:10962C0021A215BD6BF16E3D95879D3D388EE33DB6
:10963C00CDCC4C3E0000004C00000033000080807C
:10964C0000008000FFFF7FFFFFFF7F7F00007E4355
:10965C000AD7233C9976967E0000C8420000204130
:10966C008B42213D00006145CDCCCC3D3EC32E3913
:10967C000000A03FA493564F0000A0410000804082
:10968C00EFFF7F3FEFFF7FBF0000C0BF0000A04097
:10969C0000007F433333CB410AD7A33B6F12833A8D
:1096AC00BD3706B5DB0FC940BD370635000070422B
:0496BC0001000000A9
:00000001FF
