:1000000017110020130101ACEF40B0653A0B00005E
:100010003A0B00003A0B00003A0B00003A0B0000CC
:100020003A0B00003A0B00003A0B00003A0B0000BC
:100030003A0B00003A0B00003A0B0000F80D0000EC
:100040003A0B00003A0B00003A0B00003A0B00009C
:100050003A0B00003A0B00003A0B0000340E00008F
:100060003A0B00003A0B00003A0B00003A0B00007C
:100070003A0B00003A0B00003A0B00003A0B00006C
:100080003A0B00003A0B00003A0B0000DC0E0000B7
:100090003A0B00003A0B00003A0B00003A0B00004C
:1000A0003A0B0000400B00003A0B00003A0B000036
:1000B000B7370140938707C0C8DB985301E5799BA8
:1000C00098D3828013671700E5BFB7070020138716
:1000D0000700034717009387070009EF137505040E
:1000E000371701409306000819E1B706800014CBCA
:1000F000A38507008280370700209307070083C786
:10010000C70513070700918B9DCFB71701409306D2
:10011000000494CB83464704B707002083C7E76AEF
:10012000F916230FF70693971600B69792078D835B
:10013000B307F040A30EF706370700405C4793E78C
:1001400017005CC78280B7170140B7064000D1B7DF
:10015000B707002093870700B70600203706002066
:1001600003C5570403C367042387066A2306066A88
:1001700081478D453357F540058B11CF054791C712
:100180008542094763835700114783C2E66A336794
:1001900057002387E66A3357F340058B11CF054795
:1001A00091C7854209476383570011478342C66A56
:1001B000336757002306E66A8507E39DB7FA828016
:1001C000511122C23704002026C08324846A06C449
:1001D0009DC0B70700209387070003C7970983A531
:1001E000470B13671700A38CE7082E85EF60C01E2E
:1001F000C8C82324046AA240124482443101828088
:10020000B707002083C7276B797106D622D426D280
:1002100002C83EC4BE8691E3C146B707002003C4AE
:10022000376BFD1693F6F60F6303D416139716007B
:10023000B307D7008A0737060020B6979305060054
:100240008A07AE9783A5C70E3ACA36C62E8583A401
:10025000870E3EC0EF501008824783A5070FEF605E
:10026000A017AA852AC22685EF60503C37060020D9
:10027000930706003EC09245B246524763530500BD
:10028000A685B307D70002468A07B6978A07B297B2
:1002900023A2B70EC14791C2B687FD1737060020CB
:1002A00093F4F70F9307060D3EC26302940A369744
:1002B0000A0736970A07BA973ECAD247139714001F
:1002C00026973ECC0A07924726970A07BA973ECA56
:1002D000A68691E0C1449387F4FF93F4F70FB70724
:1002E000002003C7F76B6315970036C6D13DB246B1
:1002F00013971600369782470A0736970A073E97E4
:100300008327870E0325470E3ACEBE853EC6EF50A3
:10031000707B1DC972478325C70E2E85EF50807BE9
:1003200072478325070FEF60200BE247CC4BEF505D
:10033000607AAA852ACC3245EF50507F7247635DC0
:10034000A004E2452322B70EE31994F601A8B707EB
:10035000002083C7F76B639387009D351317140044
:10036000229792470A07229705040A071374F40F8D
:10037000C1463E976313D40001448144A247639170
:10038000870291C44247B7070020A389E76AB250A9
:100390002254925445618280B2472322F70E6DB7F2
:1003A00093171400B38687008A069247A2968A069E
:1003B000B6973ECE5C4B3AD03EC682473245B697A2
:1003C0003ECC83A7470EBE853ECAEF603026635BF6
:1003D000050202574C4F2E85EF50C06F02570C5349
:1003E000EF50907FB245EF50E06EAA852AC6524585
:1003F000EF50D0736358A000E247B24522C885444D
:1004000023A2B70E93171400338787000A07824789
:1004100022970A073E978325870E0325470EEF5044
:10042000706A19E122C885449307140013F4F70F8A
:10043000C1476313F4000144724789B7B70700202E
:1004400003C7F76BB707002083C7276B0145638D90
:10045000E70093171700BA978A0737050020BA9765
:100460008A071305050D3E958280511126C006C4EA
:1004700022C283471501445513F7170021C3B7075C
:10048000002003C58700EF602075A96783A5C7809A
:10049000EF509074A685EF5030742A84A56783A42A
:1004A00087762285A685EF5070686343A000268476
:1004B000A24022851244824431018280918B2A8499
:1004C0008DE3B707002003C57700EF60E070A967F0
:1004D00083A5C780EF505070AA852685EF50D06F56
:1004E000AA840054A6852285EF605014E34805FADB
:1004F00026846DB7B707002093870740D85798CB5D
:10050000985BD8CBD85B98CF8280296783270781F7
:100510001111370700803EC09307F7FF22CA06CCAF
:1005200026C82AC22EC401443EC6A2479305000035
:100530003387870004432685EF50D05815C1924772
:10054000A685338787000843EF50D01AB24782450B
:10055000B3F4A7002685EF50705D6343A00026C06A
:100560001104B147E313F4FCE24052440245C24493
:1005700071018280B7170140370700200347C70584
:10058000938707409C47137707049D8B19E393C714
:100590007700014581CF13F7270013F5170019C322
:1005A00013652500918B99C3136545008280370739
:1005B00000200307C705B7070020A388076A634523
:1005C00007000547A388E76A19C503C7176B1347D8
:1005D0001700A388E76A8280B7170140938707C096
:1005E00088471345F5FF9377F50F1375850311CDF4
:1005F00013D5370013F78700098919C31365150050
:1006000093F7070299C3136545008280211126C61E
:10061000B704002022C806CA2A87AE870144938403
:100620004401B38587008841330687003AC432C24B
:100630003EC0EF60605AB38584008C411104EF50D6
:10064000700B1246B146824708C22247E31BD4FC16
:10065000D2404244B2446101828037050020130534
:1006600005009305C542130545454DB73111B70740
:10067000002022C626C406C82AC29384470101442A
:10068000924793050000B38687009C423E853EC09A
:10069000EF50D0496343A002CC500245EF6000798F
:1006A000634D05001104B1479104E31BF4FC0145BF
:1006B000C2403244A244510182800545D5BFF32691
:1006C000003073700430370700208347D76B5D8D8F
:1006D000A30EA76A739006308280511106C4B93BFD
:1006E00009C5A24009453101D9BFA240310182802C
:1006F000F326003073700430370700208347D76B30
:100700001345F5FFE98FA30EF76A739006308280D8
:10071000F32700307370043037070020230EA76AD8
:10072000739007308280F3260030737004303707EF
:1007300000208347576B5D8DA30AA76A739006302C
:100740008280F3260030737004303707002083471F
:10075000476B5D8D230AA76A73900630828001473C
:100760003D4385422146B3D7E500858B99CF83234E
:10077000050093162700B317D30093C7F7FFB3F70D
:100780007700B396D200D58F1CC10507E31DC7FCC7
:100790008280371501405111A1451305058006C41B
:1007A00022C2753FB71602409C4E0567130757805B
:1007B000D98F9CCEB7060140DC4671771307F73F0F
:1007C000F98F0567D98F37150140DCC61305058001
:1007D0001C4145777D17F98F2567D98F3734014044
:1007E0001CC1130404C0232004009307F00B1CD485
:1007F0009307F00F5CD4930780061CCC23200402DF
:10080000A1677CC0232A040285475CC81CC09305ED
:100810000002B137B707002093870700AC4FE84BC1
:10082000EF509071A967AA8503A54781EF50806CAE
:10083000B707002023ACA76A1C50A240F99B1CD02C
:1008400012443101828001473D4391422146B3D792
:10085000E500858B99CF8323050093162700B317F6
:10086000D30093C7F7FFB3F77700B396D200D58FC5
:100870001CC10507E31DC7FC828001473D4321469B
:10088000B3D7E500858B99CF832205009316270007
:10089000B317D30093C7F7FFB3F75700B316D600CB
:1008A000D58F1CC10507E31DC7FC0CC98280B71793
:1008B0000140938707800146630FF500B717014099
:1008C000938707C005466308F500371701400946BE
:1008D0006303E5000D46371702401C4F814637057C
:1008E000014093E717001CCFB70701408D42938763
:1008F00007408543214333D7D500058B25E785067F
:10090000E39B66FEB7E700E03707100023A0E7107F
:10091000828033D7D500058B0DCB04451394160088
:10092000339782001347F7FF33148600658F418F9A
:1009300018C580473397D300598C80C7C047598C5E
:10094000C0C7D8CB8043418F98C38506E39366FC2C
:100950001244B7E700E03707100023A0E7108244F5
:1009600021018280611122C226C045BF3715014096
:1009700051119D451305054006C4F1353715014059
:100980009D4513050540D53DB707002083C7C70522
:10099000A18B89CBA240371501409D451305054029
:1009A000310131B7B7070140938707409843A24010
:1009B000619B98C331018280371702401C4393E743
:1009C00017001CC3B71702409843098B75DFB72681
:1009D00002409842719B1367270098C2D843C176A2
:1009E0009386F6F0758FD8C39843B7060001558FEC
:1009F00098C3371702401C4393966700E3DD06FE59
:100A00005C43B7160240F19B93E727005CC3214784
:100A1000DC42B18BE39EE7FE8280511106C4EF6099
:100A2000A04B09C5120519C17D157DFDA2403101FC
:100A300082809167938707E801C93E877D177DFF14
:100A40007D1542054181CDBF8280B7070040D84760
:100A5000511122C206C4799BD8C723A40702B70745
:100A60000020A386076AB707002013870700034505
:100A700077049306F00F0347070013840700631CF5
:100A8000D502B707002083C7C76B95E79307000817
:100A90006307F70281470347C405118B19C393C746
:100AA00017008DC3B717014013070004A24012447A
:100AB00098CB3101828091468147E30ED7FC953F68
:100AC0008547D1BFB717014037074000C5B7B70703
:100AD000002083C7D76BC18BA5E35111414506C4E4
:100AE000F93EB7370140938707C09853799B98D355
:100AF000B71701403707800098CBB70700209387CE
:100B0000070003C7070083C747009376C702998B86
:100B1000D58F85C39147631BF700B707002083C7B4
:100B2000C76B194589C7A240310105B70D45CD36C0
:100B3000DDBFA2403101828082800100FDBFADBDDA
:100B4000797126CC36C43EC006D616D41AD21ED031
:100B500022CE2ACA2EC832C63AC2B706004023A8FF
:100B60000600B704002083C7D46A639207263704BF
:100B70000020130704008347F707371601404C464F
:100B80008E0793F7870393F575FCCD8F5CC65C46A3
:100B90008345E707E19BCD8F5CC60346D707B7F7D0
:100BA00000E090C790431366160090C38547A38664
:100BB000F46A736004308327470913040400C5E70F
:100BC000B7070020B705002003C6676A83C5556ACA
:100BD000638AC51C83C7676A1307C4478E073E979D
:100BE000232AE4083307F4000356E747D0D6835698
:100BF000C7472316D408834607480347E40863051C
:100C0000D7021397260036970A071306C44A23070C
:100C1000D408B306E60022970327874B2328D4087D
:100C2000058338DC78D838D813070408144BB70587
:100C3000002083C5C56A03C60601A29703C52748DD
:100C40002D8EA30FC4068C4203C61748B3D5C5002A
:100C50000CC3CC429446B3D5C500B3D6C6004CC332
:100C600014C7EFF0EFC4370700208346E7698547D4
:100C7000639FF602B7170140938707809C47B7062A
:100C8000002083C6166B858B6383F602314693057D
:100C9000C44213050451230F0768EF70307F3707F4
:100CA00000208347D76B93E70704A30EF76A130767
:100CB000040814433C58184B230F0406B6975447B6
:100CC0003CD863F1F6020546230FC406034607012C
:100CD000958F3CD8058A8327C44263090610FD1707
:100CE0002326F4427C5803264408B2977CD863F349
:100CF000F6020346E407958F7CD813662600230F7F
:100D0000C4060346070183270443098A75C2FD17F9
:100D10002328F4423C5C03268408B2973CDC63F34E
:100D2000F6020346E40703470701958F1366460062
:100D30003CDC230FC406118B8327444345CFFD17AA
:100D4000232AF4420347040091476319F70003473D
:100D5000E40783476400F98F230FF4068357C40820
:100D6000FD17C207C1832316F4088DE3370700205F
:100D70008347676A232A04089946850793F7F70F84
:100D80002303F76A6394D7002303076A3707002019
:100D90008347E4070347E76AA386046AB98F230FF2
:100DA000F40635A05D31B7070020138707008327BD
:100DB000070983C7170191CBB7370140938707C055
:100DC00023AA07029853799B98D31145CD387244D2
:100DD000B250A25212538253E2445245C2453246A7
:100DE000A246124782474561730020308507CDBD7A
:100DF000850739BF8507A9B7411132C636C43AC243
:100E00003EC037F700E02322070037160140B7073E
:100E10000020544683C7E76AE19A9D8BD58F5CC654
:100E20001C433246A246F99B1CC31247824741012C
:100E300073002030130141FD3EC0B7070140938786
:100E4000074022CCC04B06D416D21AD01ECE2ACAD6
:100E50002EC832C636C43AC2C0CB9377740085C35D
:100E6000B707002003C707008547630AF700B707E5
:100E7000002083C7C76B81E7993905455138137442
:100E8000840315CCEFF04FF52A8415C9937715002C
:100E900091C335399377440089CB370700208347C6
:100EA000D76B93E72700A30EF76A098809C83707AD
:100EB00000208347D76B93E78700A30EF76A62444D
:100EC000A25092520253F2435245C2453246A246C4
:100ED000124782471301C10273002030130181FDC4
:100EE0003EC0B7470140938707803AC2984306D275
:100EF00016D01ACE1ECC2ACA2EC832C636C41377D4
:100F0000070229CFD4431307F00393F7F60F638F3B
:100F1000E70A13F7060C15EB61476380E704130734
:100F2000100221456388E7021397860161876355A4
:100F300007109387C7F771476362F70225678A072F
:100F40001307C7CFBA979C4382871307E007094569
:100F5000E39CE7FCEFF0AFF611A0953E3747014068
:100F6000130707805C4793F70708B9C31C4393F73F
:100F700007089DCF37060020B70500208346D669B5
:100F800083C5C56993F7F60F6388B60EB7060020D0
:100F900093860600BE9683C6065A850793F7F70F19
:100FA00054C3130790066393E7008147A30EF668C6
:100FB000925082527243E2435245C2453246A246A3
:100FC000124782471301810273002030054559B74B
:100FD0001305000241B7B707002083C707001305B8
:100FE000000493F70702BDDBB5B70545EFF0AFF39B
:100FF000B5B70945E5BF1145D5BF2145C5BF414539
:10100000F5B713050002DDB713050004C5B71305D6
:101010000008E9BF0545EFF0CFF289B70945E5BF04
:101020001145D5BF2145C5BF4145F5B713050002A0
:10103000DDB713050004C5B7370600208347066BEC
:1010400013071008850793F7F70F6393E7008147AD
:10105000370700200347F76AE302F7F08345066B82
:1010600037070020130707002E97230ED7500F00D5
:1010700030032308F66ADDB55C4793F7F7F75CC7E2
:1010800005BF370600200347C6699307900605078A
:101090001377F70F6313F7000147B7470140B70510
:1010A00000209387078029A0D44793E60608D4C779
:1010B00083C6D569E38AE6FED44793F6F6F7D4C72C
:1010C0008345C669B706002093860600AE96238046
:1010D000A65A230EE668D84713670708D8C7828048
:1010E000511122C206C42A8403450400050409E5FF
:1010F000A2401244310182806937FDB7256513058E
:10110000854FF9BF411106C622C426C21307300617
:10111000AA876372A704A9452AC0EF5030468247C8
:1011200013040503A9453E85EF50D0401374F40F16
:101130009377F50FA9453E853EC0EF503044824776
:1011400093040503A9453E85EF50D03E93F4F40F78
:101150009377F50F31A0254701448144E36CA7FC48
:10116000138507031375F50F293F99C02685113F95
:1011700019C422852244B2409244410119B7B240B9
:101180002244924441018280511122C22A84256561
:101190001305C54F06C4A9372285AD371244A240B6
:1011A0003101A9BF09E525651305455015BFE9BF04
:1011B0001301C1FD26CCAE849305000022CE06D0DB
:1011C0002A84EF50B046635805001305D002553D00
:1011D000B70700803D8CA687A966054783A5868151
:1011E000636CF70893F7140081CBA96783A5C781C7
:1011F0002285EF50601E2A84A56783A54775228546
:101200000144EF40300DEF503016AA87C1E333B7E9
:101210008400B38784409346170093F7F70F014685
:1012200011E33E863EC29307840093050003338595
:10123000270036C0EF70D0278246014799C29247F7
:101240003E873A941374F40F639E840093870401DD
:1012500034001384140013070003B6972388E7FEB5
:101260001374F40F930784008A9729EC8250724418
:10127000E24413014102828022853EC0EF50C01536
:1012800082472A84F91793F7F70FB9B713071400A9
:101290001377F70F34003AC2A945130704013E85BE
:1012A0003304D7003EC0EF50702D8247130505036D
:1012B0002308A4FEA9453E85EF50D0271247AA87F0
:1012C0003A84A9B7631794001305E0023EC0553B6A
:1012D000824703C5F7FF3EC07D1465338247137410
:1012E000F40FFD1759B7B707002083C7C7058D4511
:1012F000858B99CBA96783A50782511106C4EF504E
:10130000A00DA2409145310165B5B707002083C704
:10131000C7058145858B99CBA96783A507825111A4
:1013200006C4EF50600BA2408545310151B5511103
:101330001305D00506C4B133A2403101C1B3511128
:1013400022C22A84084106C4793F1305C002153B16
:101350004840513F1305C0022D3308441244A240B7
:10136000310151B7511126C0AA841305400206C4A9
:1013700022C22E843933268571331305D0031133ED
:101380001375F40F41331244A24082443101BDB3BE
:10139000411126C2AA841305400206C622C432C0E7
:1013A0002E84C5312685B93B1305D003D939824532
:1013B0002285FD3B2244B2409244410181B3211178
:1013C00026C6B704002006CA22C813840400834539
:1013D00044040145413F8345740405456137834515
:1013E000540409454137834564040D45A53F8345B1
:1013F000C405114589818589B5378345C4051545DF
:101400009981858985378305C4051945FD81993FF3
:10141000834584042945B9376C440D462D458D3FDD
:101420002C480D463145AD378345C4053545858982
:10143000153F8345C40551459581858925378345E9
:10144000C40555458D818589313F8345C40559457E
:1014500091818589013F8345D4055D4521372C5015
:101460000D46614535376C500D466545153783553A
:1014700084066945C53D6C540D466D45113F6C4869
:101480000146794531372C4C01467D45113783455E
:10149000C40513050002014485818589E135930760
:1014A00040063EC2938704003EC4A247938447018E
:1014B00092473EC00947630EE4040D476304E40607
:1014C00005470D466305E4048C4002459104C93587
:1014D0008247138717009377F70F3EC0B7070020A6
:1014E00093870702E398F4FC924705041374F40F02
:1014F0009384A70093F7F40F3EC212479307C008E6
:10150000E315F7FAD2404244B24461018280CC44F0
:101510006DBFA96783A54782884CEF40B01DAA859F
:101520000D4665B7CC50370700800D46B98D71BFA9
:101530002111256522C81305C5503704002006CAAD
:1015400013040400713E930504510A85EFF00F8CDB
:101550000A85F5331305A0032D36034554005D3687
:101560004244D2406101E1B3372702405C47858B9A
:10157000F5FF8280372702405C4793F7070281C757
:10158000930700025CC78280B7F700081301C1ED22
:1015900093870740232C911023201112232E8110B2
:1015A0002AC22EC4B2843EC6324792479306001028
:1015B000BA9713F707F093F7F70F3AC03384F64062
:1015C00063F3840026840147930500108246338527
:1015D000E6000343050093068701338526002300B8
:1015E00065000507E314B7FEE1078A9701478145C7
:1015F000A24603C307003385E600034505006305E3
:10160000A3002380A700854505078507E312E4FEB4
:10161000638E0510B7270240984B1377070819CB44
:101620003707674513073712D8C33797EFCD13072E
:10163000B79AD8C3B7270240984B9315070163DCCC
:1016400005003707674513073712D8D33797EFCD13
:101650001307B79AD8D3093FB7270240984BB7056D
:1016600002004D8F98CB0247D8CB0F003003984B28
:101670001367070498CBCD3DF53DB7270240984B43
:101680008175FD156D8F98CBC535B7270240984BF6
:10169000C1654D8F98CB984BB70508004D8F98CBFF
:1016A000E135C93D380881458347170003452700C8
:1016B0003ACAA2074205C98F034507002EC8C98F41
:1016C0000345370002476205C98F3305B7001CC1C7
:1016D0000F003003B7270240884B370304003365FF
:1016E000650088CB5135C24552471305001091055E
:1016F0001107B7270240E399A5FA0247D8CB0F009C
:101700003003984B1367070498CBB93DA535B7272D
:101710000240984BC175FD156D8F98CB984BA16514
:101720004D8F98CB984B1367070898CB9247818CC5
:10173000A2973EC2A247A2973EC4E39704E6832045
:1017400001120324C11183248111130141128280EB
:101750009307F03F63E9A704411122C43304C50095
:1017600006C6130714009307004063EAE7028147A7
:1017700001473383E500939617009D83DD8E8347F1
:1017800003000507B69793F7F70FE314E6FEA301EE
:10179000F100DD3B0546930531002285F533B2406B
:1017A0002244410182808280411193053100A94782
:1017B0000546014506C6A301F100F933B240B7055D
:1017C00000201306C005938545010545410149B731
:1017D000B7F200082E96AE8701479303F03F93823D
:1017E00002401303F00F63E8F300B386570003C30E
:1017F00006001373F30FB386B740AA9623806600E2
:10180000931617001D83558F1A9785071377F70FC7
:10181000E399C7FC1306F03F9306F00F636BF600E5
:10182000B7F6000893860640B69783C6070093F67E
:10183000F60F3305D740133515008280511122C2AF
:101840003704002006C41304C4600345040009E5FE
:10185000A2401244310182800504EFF09F82F5B767
:10186000111106CC22CA26C803470500B70700207D
:101870009387C760BA9703C707002AC22EC493068E
:10188000D002631BD70403C71700138427008547C2
:101890003EC00146814681440145A5451303E00F42
:1018A000A142130707FD1377F70F63EAE5048506E6
:1018B00093F6F60F63EED20211C69387F4FF93946A
:1018C0008701E18493132500AA93860333057700EB
:1018D00005040347F4FFF1B79306B0021384170021
:1018E0006316D70003C717001384270002C055B73B
:1018F00065F29387140093948701E184D1BF631547
:10190000670019E20546E9B7B1CAEF506063930575
:1019100000002AC6EF40101B324705C12966832507
:10192000C680FD5663C2D404639ED404A96783A510
:1019300087823A85EF40502A2A87824781C7B707B6
:1019400000803D8FA247854698C3B7070020938744
:10195000C7601D8C92477D1423808700E24052446B
:10196000C2443685710182803A85EF40F026938724
:10197000240093948701A96783A5C7802A87E184FF
:10198000FD564DB7DDD8A96683A5C6813A85EF40DF
:10199000B0249387F4FF93948701E184A96783A51A
:1019A000C7812A87E5F451BF111122CA37040020EC
:1019B00026C806CC9304040083C794002AC63EC4FC
:1019C000BC4C3EC0FC480245BE853EC2EF401016EE
:1019D000635105042245EF50202029678325C780E5
:1019E000EF40901FB245EF40301FAA852A84124570
:1019F000EF50C043B707002093870700634EA00055
:101A000012471305F00F98CBE2405244C2447101D3
:101A1000828093070400EDB70245A285EF401011C4
:101A200063400502930500002285EF40B00909E5F7
:101A3000930700009CC8C9BF824705459CC8E9B709
:101A4000824580C82285EF40304FB707002083A52C
:101A5000876BEF407018EF503029A56783A5877614
:101A6000EF404007EF5040471375F50F71BF51111C
:101A700022C23704002006C41307040003471700DE
:101A80000DE3AA87130404000DE1930700001CC8AE
:101A9000B7370140938707C09853799B98D3A30524
:101AA0000400A24012443101828037170140C14630
:101AB0002E85130707806393D702B706200014CB47
:101AC0000347C405098B19C7130700026394E70095
:101AD00013050000D13DEFE0AFDDD1B79306000262
:101AE000F9BF511122C23704002006C413040400B8
:101AF000EFE0BFF513068003814513058409EF70FD
:101B0000201B13068002814513050407EF70401A5D
:101B1000B707002023A4076AB70700202383076ABA
:101B2000B70700200547A382076AB7070020238272
:101B3000E76AB7070020A386076AEFE06FE1B707FF
:101B4000002083C6C76A3717014037060020A30F5D
:101B5000D4065C470346E66AA240E19BD18F5CC78E
:101B60005C4712448E0693F777FCD58F5CC7310132
:101B700082803705002051117146814513050541CA
:101B800006C4EF70E012B7070020A38F076AB707FB
:101B90000020A2402389076A0547B7070020238F4A
:101BA000E76AB7070020A389076A31018280211103
:101BB0009307C5003EC49307000022C826C606CA84
:101BC0002A84AA843EC09C40930500003E853EC204
:101BD000EF40406F11C992452E85EF40E07FAA8506
:101BE0000245EF30306F2AC0A2479104E39DF4FC18
:101BF0000245EF50204CA567AA84AA8503A58776E5
:101C0000EF40402FAA852AC00840EF40E07C824583
:101C100008C04840EF40407C824548C00844EF403F
:101C2000A07B08C4D24042442685B2446101828030
:101C3000370700209307070083C74700858BE3948D
:101C40000706130141FAA6C886CCA2CA930407006E
:101C5000370700200347476AB707002083C7676A32
:101C60003ADE6380E72083C744003ED0B7070020F8
:101C700083A7876ADDEF8257918B3EC2638A071C78
:101C8000370700208346276B9387040D13971600B0
:101C900036970A0736970A07BA9737070020232492
:101CA000F76A825603C6940903C78409898A1374A4
:101CB000160036C4630D041AA38C0408D84F3EC026
:101CC000A56703A5477513040000BA8523A8840AF5
:101CD0003ACCEF40202282472AC698533AC0224786
:101CE0006308072809472386E40ADC4BBE853EC209
:101CF000EF40806EAA850245EF401024A2852AC4D9
:101D0000EF50C012A24763500526E2452E85EF3002
:101D1000705C8245EF40406CAA851245EF40D021AF
:101D2000EF50403923AEA40A825793E787002382FD
:101D3000F400B707002083C7576A03C7840983A547
:101D4000840A8E073ED6A6972380E748B70700206F
:101D500083A7876A3EC89C533E853ED8EF40D01D7E
:101D600093050000AAC2EF50600C6355050093076D
:101D70000000BEC283A7840B3ECA83A7040C3ECEDC
:101D800083C7C40A72453EC683A7440C3EDAD255C7
:101D900083A7440B3EC0EF40E052894711C18547FD
:101DA000BEC683A7040B014402D43ED083A7C40B54
:101DB000BEC4C2573ECCA96783A7C7823EC2930761
:101DC00000003ED292473EDCA56783A74775BEC0A0
:101DD000B2470547638FE74632478D476309F734BB
:101DE0006306073CC2471245CC4FEF40E05E824598
:101DF0002A84EF50A0036357050286452285EF40F1
:101E0000A05DAA850245EF4030139245EF40C05CCB
:101E1000AA856245EF40501282552AC4EF40005116
:101E20006341A03882556245EF401011AA85EF301A
:101E3000704A82452A842645EF30D049AA852285FA
:101E4000EF40400BA6472AC23EC082573EC401A1C4
:101E5000EFE0CFDE370700202324A76AAA87E3122A
:101E600005E4E6405644C6441301C10582800507D7
:101E70001377F70F95456303B7003A8413172400CF
:101E800022970A079385C44ABA9537050020232074
:101E9000B56A83C50701238C84082697230EB74AA9
:101EA0008C4313070748C8478E054CD7CC4332C62E
:101EB0003EC08E050CDB8C478E054CDB9315350040
:101EC0000CDFEF50E007824723A0A40A8C53EF40B9
:101ED00060022967AA8523A2A40A03250783EF408D
:101EE00060013246A2471307000023AEE4081377CF
:101EF00086005D8F23A4A40A824731CF83A5C40B3B
:101F000023AAB40A2E85EF40204D324682475D9ABF
:101F1000C8CBA38CC408131724003A9403C7C40584
:101F20000A042694A30E044A098BE30907D803C7C1
:101F3000170113770702E30307D82567CC5703255A
:101F400087763EC0EF30107B0547824723A4A40C60
:101F5000A30EE44AA5B3C84B3EC0EF50A01582477C
:101F600023AAA40A4DBF23A8F40A23AE840A6DBB9A
:101F700002472386040A23A0E40C124769E73707C7
:101F800000200347F76BC14605071377F70F63037C
:101F9000D7003AC2930600003707002036C4034733
:101FA000276B9246630CD7001397160036970A07E3
:101FB00036970A0726970327470E3AC422453EC2A2
:101FC000EF50400F92472A843E853EC223AE840ADA
:101FD000EFE0AFC9AA852ACEEF40004092472AC859
:101FE000DC4BBE853EC2EF40706463520508C245BB
:101FF0001245EF406074B245EF40003EAA850245AD
:10200000EF40807323A0A40C93050000EF40106202
:10201000634FA002E24589472386F40A2E85EF30FC
:10202000702B8245EF40403BAA851245EF40C070BF
:10203000EF50400883C7940923AEA40A93E78700B2
:10204000A38CF408D5B11304000022C4B5BFA24587
:102050004245EF40606EB245EF400038F24723A2A0
:10206000A40C23ACF40A8D472386F40A75B9A24563
:102070001245EF40606CB245EF4000368245EF30CC
:102080007025A56783A54775EF40003593050000CF
:102090002ACAEF40A0296355A00882455245EF4067
:1020A000F058635D0506A2454245EF40E068B24541
:1020B000EF408032AA8523A2A40C5245EF400027AE
:1020C000635AA002F2479245424523ACF40AEF401E
:1020D000601F19E1854749BF92454245EF40C06501
:1020E000B245EF40602FAA850245EF40E06423A08F
:1020F000A40C1DB9D247E24523A0F40C23A2F40C92
:102100002E85EF30301DD245EF40002DA245EF3037
:10211000701CEF40307A23ACA40A39B18947A9B7C3
:102120009307000023A0F40C23AC840AF5BEC24739
:102130001245CC4FEF40402AD2452A840245EF4059
:10214000A05FAA852285EF40601E634C0502F24520
:102150004255EF40605EAA85EF30D01782452A8451
:102160005245EF303017AA852285EF30B058D2475C
:102170002AC205443EC0F2473EC485473ED43EC60F
:1021800051A886452285EF402025AA850245EF40CB
:10219000A05A9245EF404024AA856245EF40C059BD
:1021A0002AC40245A285EF4020594DA0C2471245DE
:1021B000CC4FEF40602286452A84EF40E0218245E3
:1021C000EF3050119245EF402021AA856245EF4043
:1021D000A0562AC4AA857245EF4040156354A00654
:1021E000F2454255EF404055AA85EF30B00E82458A
:1021F0002A845245EF30100EAA852285EF30904F89
:10220000D2472AC205443EC0B6473EC6F2473EC446
:1022100085473ED492451255EF30D00BE2552AD275
:10222000EF40D0406353050692556255EF40C050D1
:102230002AC2A2450255EF40703F635E0504A247E3
:102240003ECC79B60245A285EF30D0082AC00544BD
:10225000D1B7D2451245EF402018AA856245EF401C
:10226000A04DD2552AC4EF40703CE35505FAD25533
:102270006245EF40604CD245EF30D047D2572AC27A
:102280003EC485473ED48947DDBD96452245EF4093
:10229000E009634DA00A01C4824723AAF40AA257A9
:1022A00081C7B2472386F40AB707002083A7076ACD
:1022B00003C7170183C74400A18BD98F95CFC247AD
:1022C00003C517011375050359C9805B01CF83A5A9
:1022D000840C03A5440BEF402010AA852285EF4013
:1022E000A00F2A842285EFF02FEC83C744002386B9
:1022F000A40CDD9B2382F400B25783A5440A224537
:102300003384F40083C7C40C2301F448EF40C00CAD
:102310002AC2EF50E00C2AC003A5040AEF50400C7B
:1023200082452AC6EF404041EF40103B131705019C
:102330004183231EE44605EB83C7440093F6270040
:102340009DC293E717002382F40021BEA96783A5ED
:10235000C7826255EF30007892552ADCC1BD9307E1
:1023600000009CC859B783A5C40912553ACAEF307A
:1023700060762A8492453245EF40003CAA8522854A
:10238000EF305037A96783A547832A84EF40C00404
:10239000EF500005EF40503485679387F77652473A
:1023A00063EAA700B257A697A380074893160501D2
:1023B000C18225A88D669386F6ED854763F8A60051
:1023C00099679387F7DBB3B7A7008907B25633172E
:1023D000F7003355F500A696A380F648239EE646FF
:1023E000C1679386F7FFE363F5FCF2571387170085
:1023F0001377F70F99476313F7000147B2579245D8
:10240000A697239FD746F256B7070020A382D76A24
:10241000B70700202382E76A2247C24798D3824742
:1024200023A0F40A3E85EF402031A285EF30D07A18
:1024300023AEA408A2450255EF30D068E31A058008
:1024400022459305000003C44400EF30306E63570B
:10245000A000136414002382840021B49377440005
:10246000EDFB370700202324076A370600203707D3
:1024700000208346F66B0347276B630BD7FC13875B
:1024800016001377F70FC1456303B700BA87370704
:1024900000208345376B6394D500A309F76AA30F27
:1024A000F66A6FF0EFFA8280130181FB26DEB70433
:1024B000002083C7C46BA2C086C213F7F70F37048E
:1024C00000203AC013040400A9C32565054713057D
:1024D00045512300E400EFE0BFC00245EFE09FC29A
:1024E000EFE0DFC11305401FEFE0AFD4824705479F
:1024F000FD1793F7F70F637FF702F3270030737030
:102500000430238E046A73900730B707002083C716
:10251000D76B13F7F70F3AC06384075E9374070114
:10252000A1C08547A300F40096400644F25413016D
:102530008104828025651305C551EFE07FBA2565CA
:1025400013054552EFE0DFB9EFE07FDE4145EFE0F4
:102550002F9AB707002083C7D76BC18BFDDB71BFF4
:102560008247858B3ECA638D071C31469305C44262
:102570002808EF60A0712C084810EFE02F891305A0
:10258000C003EFE01FB08347040041476369F700D1
:1025900025678A07130707D7BA979C4382871307D3
:1025A00000046384E72C130700086387E72E1307F2
:1025B0000002638CE72883478404858B3EC86381CF
:1025C000072E8347C400638D072C256513058557A7
:1025D000EFE01FB14810EFE09FD683478404898B5A
:1025E000B9CF256513058558EFE09FAFB7070020E9
:1025F0003707002083C7276B0345F76B63EAA730D3
:102600003D051D8D1375F50FEFE0DFAF1305C0021B
:10261000EFE03FA7B70700203707002083C6076B0E
:102620000347F76A93F7F60F1375F70F63E4E62E87
:10263000130505F81D8D1375F50FEFE0BFAC25658B
:1026400013050559EFE0DFA98347040013050000D7
:1026500093F7C70799C30325440BEFE01FCB13057E
:10266000C002EFE01FA208488145EFE07FB4EFD041
:102670007FF0AA84EFD05FF6B717014093870780F9
:102680009847B707002083C6176B058BB3E7A400F4
:102690003346D700D18F2AC293F7F70FBDCB2565FC
:1026A0001305855936C63AC4EFE09FA32247B246C8
:1026B0006306D70013050005EFE0BF9C8DC493F7B8
:1026C000140089C713058005EFE0BF9B93F7240032
:1026D00089C713059005EFE0DF9A918889C4130537
:1026E000A005EFE01F9A92478DC7858B89C7130518
:1026F0002005EFE01F999247898B89C71305800455
:10270000EFE03F989247918B89C713053005EFE0C2
:102710005F978347C40063810720FD172306F400F9
:102720008347B40063820722FD17A305F400130555
:10273000E003EFE01F95EFE07F9C0545EFD05FFBE6
:10274000824793F7870E638E072E83470400830426
:10275000010013F737006311072C13F78702630D8D
:102760000728034724009306F00363E3E6023AC414
:102770003EC2EFD0FFA4924789462302D4009306BD
:10278000000222476396D700136707F863D904262F
:1027900002471377070411CB13F7070219E7034722
:1027A0002400136707042301E4000247218B19C7A3
:1027B0007D476365F700C1472300F400824793F724
:1027C0000702638B072425651305C551EFE05F9170
:1027D00025651305455BEFE0BF90EFE05FB58347EC
:1027E000240013978701618763420722034704008F
:1027F000930600046318D72013F7870011C78D9B39
:1028000093E727002301F400930700042300F4005A
:10281000F5AA256513058553EFE09F8C69BB2565F7
:1028200013050554D5BF8307240063C0070225653F
:1028300013054554EFE0DF8A83472400858BB1CB35
:1028400013050003EFE0FF83BDB325651305C554F1
:10285000E1B7256513050555C1B7256513058555F0
:1028600065BF25651305055645BF256513058556C6
:10287000EFE01F87834724001305300313F7870019
:1028800071F313F74700130520034DDF93F7070299
:10289000C5DB130510037DB7256513050557ADBFCF
:1028A000930784433EC21C183EC65C103EC4924748
:1028B000CC5B8857EF300022B247AA8588C389478E
:1028C0006397F40003258447EF30C0202ADCC24719
:1028D00089EBB2478C43A2478843EF30F065A247AB
:1028E00088C39387140093F4F70F924791073EC271
:1028F000B24791073EC6A24791073EC48D47E39871
:10290000F4FAC247E39307CC256513050558C9B10E
:102910007D15C5B97D1539BB83470400254793F75D
:10292000C70791C375478347B4002306E40081E7D6
:102930008547A305F40025651305055AEFE04FFA16
:102940000818EFE0DF9FE9BB03470400A5461377B3
:10295000C70711C3CD4625651305855A3EC2A30599
:10296000D400EFE0EFF703457400EFE0AFF9130593
:10297000C002EFE00FF103458400EFE0AFF813056C
:10298000C002EFE00FF003459400EFE0AFF73737F8
:102990000140130707C018539247058B19CBB7178F
:1029A000014093870780D847D2471377070211C3A6
:1029B00089473717014044473EC293F40408333730
:1029C00090001A075D8FE30407D625651305055BA4
:1029D000EFE00FF1924791CB054713053005638473
:1029E000E70013053004EFE0CFE9E38204D41305D8
:1029F0006004EFE00FE925BBE39C07D805472301FE
:102A0000E40079B393070008E310F7E0834724005C
:102A100093E707022301F40063D104020347040093
:102A200085476318F7008347240093E75700230185
:102A3000F400930700F82300F4001305800EEFD094
:102A40003FCB8247898BB9CF824793F78706A1EBAB
:102A50000347040093070004631DF7008347240025
:102A600013F7070219E713F70701630B0724230085
:102A7000040083470400638E072413F7070105C38E
:102A800003472400058B01CF41476394E724834724
:102A9000A4006380072493E787002305F400094519
:102AA000EFD01FC58247918BA1CF83470400030756
:102AB000240093F7070D638707248347340063934B
:102AC000072463430724EFD0AFEFB707002003C705
:102AD000F76BB7070020A389E76AEFD06FF283474F
:102AE000440013F7270019C7034724001367170092
:102AF0002301E400E59B2302F4001145EFD05FBF02
:102B0000B707002083C6576B13F7F60FF9CEF326ED
:102B1000003073700430A38A076A7390063093768E
:102B20001700834574009307400691E2AE879376C1
:102B3000270081C6A90793F7F70F9376470081C650
:102B4000D91793F7F70F9376870081C6850793F718
:102B5000F70F9376070181C6FD1793F7F70F13065A
:102B6000800CBE866374F600930680FC13F6F60FA5
:102B7000A946B2876373D600A947137607020345B7
:102B800084009306400611E2AA861376070419C250
:102B9000930620036207618763530700E546639449
:102BA000F5006384A604A303F400B707002083C7DD
:102BB000F76B2967832507813EC2B707002083C7CB
:102BC000276B2304D400A30504003EC49247224788
:102BD000639BE7162324B442EFD08FDE1247B7077A
:102BE0000020A389E76AEFD0AFE1B707002003C751
:102BF000476B9374F70F630D0720732700307370D2
:102C00000430238A076A7310073013F714008346D1
:102C100094009307400611E3B68713F7240001C719
:102C2000A90793F7F70F13F7440001C7D91793F7D4
:102C3000F70F13F7840001C7850793F7F70F13F712
:102C4000040101C7FD1793F7F70F1306800C3E87A9
:102C50006374F600130780FC1376F70F2947B287D9
:102C60006373E600A94713F7F70F6380E602034793
:102C70000400A304F40063130714832544440345AC
:102C80001444EFE0DFDEA305040013F704028347DA
:102C90000400630B071641476398E7168347A400B7
:102CA0006398071489472305F4009307F00363E250
:102CB000971206449640F254130181046FE05FF7C7
:102CC00013F74700E30707DA93E787002301F400CF
:102CD0004DB323020400EFD06FF605C183472400F3
:102CE00093F7070499EBA1472300F40023010400A4
:102CF000EFE01FF4EFD02FC05DB3230104002300E9
:102D0000040071BB635C070023020400EFE07FE670
:102D1000EFE03FDDEFD07F94EFD0CFFD834724007D
:102D200013F7070201CF93F7F70793E71700230183
:102D3000F400930700042300F400C1B3230104004E
:102D4000230004005DBB939417003385F4000A054B
:102D50003E953EC6B70700209387070D0A053E95AE
:102D60002EC8EFD08FF0C2452AC0EF30205CB247AA
:102D70006353A004C2452E85EF300066B247BE946F
:102D80008A04BE948A04A29483A5440F23A4A40EAB
:102D90003EC82EC6EF308059C2476355A000B245E9
:102DA00023A4B40E850793F7F70F41476393E70019
:102DB0008147824529BD82453EC675BF8347440091
:102DC00093E787002302F4007DBD81C793F7870353
:102DD000A1C38347044413F7070493E4070419C30A
:102DE00093F4F70B2685EFD04FAE230094440DA04B
:102DF00013F7170009C793E747002305F40093076B
:102E0000F003E3E897FC29A01307F003E36F97FAB8
:102E1000034704008D4763F9E7F061BD4111A967DD
:102E20002EC083A5878306C622C426C2EF30C05AAF
:102E3000EF40005BEF40400A131405014180B704E6
:102E4000002039C09387040003C7170015EF02471D
:102E500015E38120116793072003130707E8BA865B
:102E6000FD16FDFEFD17E5FF1305F4FF1314050124
:102E70004180C1BFEFF04FE3B70700209387070001
:102E800083C72700898BF9D7B2402244924441017D
:102E90008280411106C622C426C2EFF0EFE0B707D8
:102EA0000020138707000347270071C7938407009A
:102EB000EFD0CFD83DE503C4144403C7044483A72F
:102EC0004444598C03C7C4053EC0098B09C7130588
:102ED0000002EFD01F8703C7240051CF83C6140020
:102EE000D9EA937617009DCA83C604001306F0033F
:102EF000637FD6101376470031E293050000014549
:102F000023850400EFE0BFB60145EFD00F9C03C757
:102F10002400759B136747002381E400EFF0CFD8AE
:102F20005DBF371701404047034715011C59058015
:102F30001374040413770703598C69B71306000848
:102F40006393C60425651305C551EFE06F992565A8
:102F50001305055CEFE0CF98EFE06FBD930500002F
:102F60000145EFE0DFB00145EFD02F96EFD0FFAD88
:102F700003C7140011C7B240224492444101828029
:102F8000EFF08FD2F5B7130600046396C6001377EF
:102F9000F7FD2381E40003C7240093768700BDDE9C
:102FA00083C6144489CE098B19EB03C7C405098B6A
:102FB00021C703C74400136787002382E40003C7C7
:102FC000044411CF03C72400098B11EB1375040CC3
:102FD000EFD0AF8F2567032587768545813503C7F9
:102FE0002400937627009DFA136707010945238182
:102FF000E400EFD0CFEC1DB7824513750403EFE07A
:103000001FA729670325C7838545093D4DBF03C712
:10301000A40025CF9376270089CE03C7144429CF77
:10302000930500000145EFE09FA405472385E400D8
:10303000F5B5318BE30407EE03C714441DC72565BE
:103040001305C551EFE0CF8925651305C55CEFE099
:103050002F89EFE0CFAD03C7C405098B0DC303C7AC
:103060004400136787002382E40003C7A400218B78
:1030700001C70945EFD0AFE42385040045B582457B
:1030800013750403EFE0BF9ECDB703C74400218B47
:10309000E30607E8824513750403EFE05F9D03C76D
:1030A00044005D9B2382E40095BD511122C2370488
:1030B000002006C413040400EFD02FE2D93B83475D
:1030C000140089EBEFD08FB775F903470400A147CF
:1030D000E306F7FEA240124431018280B7070020C8
:1030E00003C70700311106C82AC22EC089476309E9
:1030F000F700653F82451245C24051016FE03F979E
:10310000C24051018280411122C406C62A842EC0C9
:10311000693F93171400A2978A07338587002244DA
:103120008245B24031461305052041016FE04FE270
:10313000211122C806CA26C6937715002A8491CF8A
:10314000A565370500201306C005938505F713050F
:103150004501EF50B033EFE02FE59377240091CF96
:1031600002C002C202C4814426858A85693F850463
:1031700093F4F40FA147E399F4FE93774400A9C3B5
:1031800005468A851305003023000100EFE0CFBF1C
:1031900005468A851305103023000100EFE0CFBEFD
:1031A00005468A851305103523000100EFE0CFBDE9
:1031B00005468A851305203523000100EFE0CFBCCA
:1031C00021880DC005468A851305E03A23000100D9
:1031D000EFE08FBB05468A851305F03A2300010016
:1031E000EFE08FBAD2404244B24461018280511173
:1031F00022C22E8493151500AA958A05AA9526C089
:103200003146AA8493850520228506C4EFE04FDC71
:1032100005E1268523200400232204002324040042
:10322000A285D5350145A2401244824431018280F5
:103230000545D5BF511106C48D3DA240B7070020FA
:103240002386070031018280511122C21314250008
:103250002A9412042A94B707002026C013040430CD
:1032600093840700B707002013060005A285138585
:10327000C76006C4EFE0CFD51DE123860460353575
:10328000B70700202285130600059385C760EFE08D
:103290002FCC0145A2401244824431018280054571
:1032A000D5BFB707002083C7276B130141F9370744
:1032B00000203EC2930707009386070D92471247EE
:1032C000A2D286073384E7000A043A940A043EC473
:1032D000B3878600A6D02ACEAE84130640033E856F
:1032E00081453EC886D4EF50B01C83C78400D440CB
:1032F00031463EC63247B707002093870700A297A2
:10330000A380E70E23A0D71093772700370700206C
:103310003ECA930707003EC0D247638A0720824710
:103320009385C7426818EF5070161247A24742466D
:103330008146BA978A07BA9702478A07BA973ED654
:1033400082471397260032D4B385E700DC4936D292
:103350003AD03ECCF2476245B385E7008C41EF306E
:10336000A007EF30B04B0257BC002256B385E700F0
:103370007C1888C1B385E7008C41B25792560D8DF9
:103380001353F541B345A300B38565400CC203A4B4
:10339000C70D6373B4002E8423AE870C32D436D2AB
:1033A0003AD63ED0EF305003E245EF20B0343257EA
:1033B00093050000930707033387270008C3EF3006
:1033C000F026825792562256635E0500054791C645
:1033D000854509476383B600114783C5070E4D8FA6
:1033E0002380E70E85060D471106E39AE6F40145B2
:1033F000630904120818EFE08FFB924622472ACC9B
:103400000C183304D7000A04024736940A043A948D
:103410002328A40E1305C702EFD02F8F824723263F
:10342000A40E0C1813850702EFD02F8EB247232C61
:10343000A40E13F7170009EB13F78700884009C79C
:10344000E247BE85EF2050791247A247BA978A0714
:10345000BA9702478A07BA9723AEA70EB70700208C
:1034600083C7F76B12476384E700D247E9C7124767
:10347000A247BA978A07BA9702478A07BA971307EB
:10348000000023A2E70E23AAE70ED247D1EB424564
:10349000EFC0BFFD82472A84AA8583A48742268580
:1034A000EF30D01863570518A6852685EF20D07217
:1034B0001247A247B384E7008A048247BA948A0479
:1034C000BE9483A5440F23A4A40E2EC2EF20106641
:1034D0006355A000924523A4B40E824731460C18D0
:1034E0001385C74123A48742EF50407A8247314673
:1034F000AC0013850741EF50607937070020834700
:10350000E76BB70600202389F66A850793F7F70F64
:10351000C1466393D7008147230FF76AEFC05FCEA0
:103520000545A650165486541301C1068280824771
:1035300093850741C5BB82470144B14413870741C6
:10354000930700003EC65C473AD03ECA9307040387
:10355000338627001C425245BE853ECCEF20D06703
:10356000AA853245EF30401D2AC6D2456245DC08A7
:103570003386870032CEEF30201C7246025711048A
:1035800008C21107E31194FCA96783A5078432459B
:1035900093040000EF209059634EA006A96783A50D
:1035A00047843245EF30900863410508C808EFE0D2
:1035B0000FE08247CC081385C702EFC01FF5A5674F
:1035C000B245AA8403A58776EF30001725678325C7
:1035D0004775EF207060EF30F02D82472A842685F2
:1035E000EC47EF20705FA285EF20105FA567AA84EB
:1035F00003A58776A285EF302014AA852685EF20C3
:10360000700F93050000AA84EF3050026354050048
:10361000930400001247A247BA978A07BA97024755
:103620008A07BA9723AA970E9DB5A96783A4078135
:10363000D5B7A28522859DBD311122C63704002051
:1036400026C49307040006C803C7070083C7C7053D
:103650002AC0AE8493F70702130404009DC79307A2
:1036600000023AC26308F702EFD04F8019CD12472B
:103670008547A301F400A1476306F704EFD02FC5E7
:103680000945EFD0EF88EFF0DF800347040089475A
:103690006305F702EFF0EFFF8347140099EFB707D8
:1036A000002003C7F76BB707002083C7E76B6307EA
:1036B000F7020245A685F5360DC5C2403244A24444
:1036C000510182802145EFC09FFFEFF08FFC8347BF
:1036D0001400C5FF83470400EDFB4DB7EFC0FFFFAB
:1036E00055BF8347C405898BE9DB83C78400C18B41
:1036F000E9D73244CC40C240A24441455101F9BA15
:103700001301C1FB22DE3704002086C026DC9307AC
:10371000040083C717002AC463910726994713043E
:10372000040002DA230AF1022966930744013EC22B
:10373000BE868327868402D602D801479304000000
:1037400085423EC00D43054609C70946630357003D
:1037500011469307C701B3852700A2472380C50000
:1037600033D6E740058A1DC2C85282453ACA36C8D8
:10377000EF209046A6852AC6EF30406BC2465247DE
:103780000D438542634405003246B2840507910625
:10379000E31B67FA7C50370700203EC891473EC6BE
:1037A00085473EC09307C7423ECA9305C4420810EE
:1037B000EFC0DFE58343D405B70700209385C742F8
:1037C000130301020145014701468D42A247B3D6CA
:1037D000C740858A8DCEB3D6C3400505858A13754B
:1037E000F50F81CA8247A68681CBB7060080A58ED9
:1037F00021A08247A686F5DB9307C6012320D300CC
:10380000B386270083C6060023A00500558F050652
:1038100091051103E31C56FA3ACCEF306072EF3099
:1038200070096247AA8542452303E400B7040020DB
:10383000EF20903A6C102AD60810A5349147230245
:10384000F400EFE0EFBEEFC01F8B624782479DCBD5
:103850003AC8EFC03FD2424781478D459386C701A2
:103860008A9683C6060033F6E60001CA3356F54051
:10387000058A01C693C6F6FF758F8507E390B7FEEC
:103880002303E4003AC8EFE0AFBA83C7D46B4247E2
:1038900093F747036389070E83C7D46B93F4F70F3D
:1038A000C18B81C71945EFC0BFE693F7040281C7FA
:1038B0001D45EFC0FFE5824789C7918899C8254516
:1038C00039A0EFC03FCBA2477D8D01C52145EFC098
:1038D0003FE4B707002083C7C76B91CBEFD02F9F82
:1038E00072548640E254130141046FF08FDA11459F
:1038F000EFC01FE0EFE0EF9E03558406EFD06F931B
:10390000824793C717003EC0C1C7A96783A5C78474
:103910006854EF20702C3C50AA843EC8B2471387ED
:10392000F7FF9377F70F3EC6E39107E88144A2477C
:1039300033D79740058B0DCB92470347D405685486
:103940009C4333579740058B3EC031C79247CC53B9
:10395000EF2040188245EF203028EF30206CD2470E
:10396000139724003E9708C3924785040D4791079B
:103970003EC2E39EE4FA2302040086407254E254FD
:1039800013014104828093777700E39107EC9DB7A0
:1039900064547C5059B7370700808245398D65BF24
:1039A0001971A6DAB7040020A2DC13840400130600
:1039B000000481451305C46586DEEF50602F2D4657
:1039C000930584431305D465EF50402C370600203F
:1039D0009307C6658346C460370600203ED693072A
:1039E0008643130740023ECA6392E648054785476F
:1039F000A30EE464230F04640D473EC4A30BE1044B
:103A000002C802CE02D002C202C6A1AC82476546FD
:103A10009386F7FB93F6F60F6374D6006F10A0370A
:103A20000507AC0813057105A30BE104EFD05FE3B4
:103A300019E16F10A03666473A853ACCEF40400B4B
:103A4000EF3080499374F50F2685EF30E018624718
:103A5000AA853A85EF20504EA96783A58781EF207C
:103A6000B017EF406001EF302047824742059306D0
:103A7000700441816386D7029306D004638AD726F7
:103A80008247514662479386A7FB93F6F60F636021
:103A9000D60825668A06130646DBB29694428286CD
:103AA0001307D003636797061307500263629702F8
:103AB0007947636E97042547636A97020D476365EC
:103AC0009704B24799C36F10C02D89473EC6B1A86D
:103AD0001387A4FD1377F70FDD4663EAE602A566B8
:103AE0000A07938686E0369718430287138764FF98
:103AF0001377F70FD14663ECE600A5660A079386B5
:103B000086E63697184302871147638DE408D1474C
:103B100041A01307B005636A970413079005636318
:103B2000970C13070005E394E4FEA30E9464930638
:103B300060020547639CD4041306C5FE42063AC0E2
:103B40004182F946E3E5C6FCB7061040938616406D
:103B5000B3D6C600858AC5DEA945EF30A01D130582
:103B6000A5F8A30EA464054795A01307C0056384B8
:103B7000E402138734FA1377F70F8546E3E9E6F892
:103B80001307E005058F230FE464154721C1DD47C6
:103B90003EC06F00300119E5B24799C36F10602035
:103BA00085473EC6230E946413F7D40FF14663078E
:103BB000D7009306C0050147E39AD4FC01C5294705
:103BC000E317E5F42695230EA4640147F247B3D624
:103BD000E740858AB5CED54765BFBD14A30094667E
:103BE00009476DB719E5938464FA230094660D477D
:103BF000F1BF2947E31DE5F01307A005E389E4F0D1
:103C00001147E9B75547058FA30FE4641947BDBFB6
:103C1000B24799C36F10E018130710036387E400DD
:103C20002947E316E5EE85473EC6B2472147230103
:103C3000F4668D473EC659BF9384A4FCA3019466E5
:103C40002547A9B7E31505EC294749B71D473DBFEF
:103C5000F24785463397E6005D8F93170701C183CE
:103C60003ECE03477105B306E40083C7C6603EC07D
:103C7000E39E07D8924789C7B24799E389473EC672
:103C8000C24713F7070219CB8326C46737979800FA
:103C9000130707686354D7006F104012A247638A66
:103CA000071CC24713F71700630B071E8346F46512
:103CB0000547639BE60029670325846683254785BE
:103CC000EF2080712324A466C24713F7071009E789
:103CD000032744442324E4688346C465114763975B
:103CE000E61EC24713F70704631B071CF1474DB5D7
:103CF000E31F05E8A54663EC96021D47636297063D
:103D0000894663FC96021387D4FF1377F70FE3E02D
:103D1000E6E09146130700026387D4001387B4FFDF
:103D20003337E00012072303E466B14621A8794740
:103D3000E39FE4DC2302946629A099CC0547E39B2A
:103D4000E4FEAD46F24733D7D740058BE31507E8CD
:103D500005473317D70009B70D472302E466D5B7E7
:103D600001476386D4000347546613670704A30220
:103D7000E466B546C1BF2324E4668144C247B3D696
:103D80009740858A99C26F10A00293061036B3D669
:103D90009640858A91CA930500003A85EF30000964
:103DA000635405006F102001C24705473317970081
:103DB0005D8F93170701C1833EC865B582572326DF
:103DC000E466854493E717003ED04DBF8257232811
:103DD000E466894493E727003ED04DB78257232AF3
:103DE000E4668D4493E747003ED049BF230C9466B8
:103DF000914469B73A853AC0EF201057232EA46644
:103E000095440247A5BF2320E468994485BF232237
:103E1000E4689D44A5B72324E468A14485B7A96656
:103E200083A506853A853AC0EF2040506354A00030
:103E30006F00907723069468A544E1B79247232842
:103E4000E468A94493E717003EC20DBF9247232AB6
:103E5000E468AD4493E727003EC20DB79247232C98
:103E6000E468B14493E747003EC209BF014702C47A
:103E700071B68346E46505476395E602B247094794
:103E8000E394E7E40347D46593060005E30ED7E225
:103E9000E30C07E2C24713F71700E31707E2D9471D
:103EA000C5B903479443E31107E2C24713F717006C
:103EB000E31E07DE032784442324E46631B5C247AA
:103EC00013F7F7FB93170701C1833EC883471466B6
:103ED0003ECC91CB05476382E70A89473ED202DC9C
:103EE00085473ECC29A089473EDC85473ED28346A4
:103EF000F46505476388E608B2470D47639DE70010
:103F00008346246605476398E60092471147638419
:103F1000E7006F00106B314693050446E808EF4058
:103F2000F056F247B706002013F70720938706469E
:103F30003EDE59E38344C465A9466380D40A9306F0
:103F4000C0056381D418B2478D466393D71EF946E6
:103F50006380D428930650036381D42AF146639486
:103F6000D41C9305C4661945EFF06FA82DC5924780
:103F70006394072602D402C625A285473EDC02D2FE
:103F8000894785B72967B2548325478581478D4680
:103F900012473357F740058B19CBC8583ED4EF2052
:103FA000A0432967A25783254785C8D88D46850732
:103FB0009104E39FD7FC89B70345346619476374BE
:103FC000A700F547F1B60347E443E305A7F6EC087D
:103FD000EFF0EFA125F19D4765BE924799E3E947D0
:103FE00045BEC24713F70705E30207D0032504685F
:103FF000EF301030EF20506E1375F50F1947E36264
:10400000A7FC03478467D146630AD7008946E310BB
:10401000D7B0C24713F70708E31B07AE51CD7D1594
:104020009377F50F3ED422559305C466EFF02F9C8D
:104030005DD183478467B25652463ED88144924749
:10404000B3D597408589A1C1C257514703A3460301
:104050006397E7064C5A484E36DA32CA9AC0EF20C8
:10406000A06D06439A85EF20206DD25689455246B1
:1040700088CA639AB40083258447EF20E06B5246D8
:10408000D256232AA46685048D4791061106E3982B
:10409000F4FAC24713F7F7FA93170701C1833EC832
:1040A0008347D465130700053ECA639FE714924710
:1040B000638F0722FD47E9BC83473466A5B723A871
:1040C0006600D1B7924781DF5246B2561303C1054D
:1040D00081449247B3D597408589A1C983250300C0
:1040E000484E1AD832D436CAEF200065D246CC5A90
:1040F000EF208064D24689472256C8DA4253639D36
:10410000F4008325844732D81AD4EF20E062D246E7
:1041100022534256232CA46885048D4711061103AF
:104120009106E398F4FA02D4A5BF4C5ACCDAEDB765
:104130009247E38E07E05243B256FC083ED4014654
:104140009247B3D5C740858991ED8325C301CCDA69
:10415000A2570506110391073ED48D479106E3113E
:10416000F6FEF5B393075003E384F4FEDC5A83456F
:1041700004663ED8A9E1A25783254303B2C288430F
:10418000B6C01ADAEF101015C255EF10B0148646FB
:104190001646AA85C8DA09455253E31BA6FA032539
:1041A0008447B2C036D8EF10F012C25652530646BA
:1041B000232CA46871BFC2550325C301B2C036DAEF
:1041C0001AD8EF103011D25606464253C8DA49B712
:1041D0009305C4661D4549BB5246B25601470D457D
:1041E0009247B3D5E740858999E14C4E8CCA0507C3
:1041F00011069106E316A7FE3DB78346D465054731
:10420000E373D7F2F94769B2B24709476391E70E02
:10421000D24781EB92473337F000931717003EC621
:10422000F9A00325846693050000EF20A009E308A8
:1042300005C6D2470D47638BE700636BF708054758
:10424000E38AE7FCA24793E747003EC49247E3882E
:1042500007D8E24712578544B397F4003397E40038
:10426000D98F1247BEC07D8FE3010736E24713871F
:104270008700938647000A078A062297A29683A59D
:10428000464403250767EF20204B92572AD813870F
:104290008700938647000A078A062297A29603257D
:1042A000076783A54644EF202049C2472ADA13F75F
:1042B00007088647630A07203146930504691305FA
:1042C0004445EF40B0206319050E93071002C9B0B2
:1042D000D2471307E0086385E730636BF70C1307D9
:1042E000C008638FE72E1307D0086387E72EA24725
:1042F00013F61700C24713F7E7FD19E213F7E7CDEE
:10430000B2474207418389C7F9769386F63F758F96
:10431000E319072C82D682D8630D062EF24713F7D5
:1043200067FBE314072C0347C4659306500363043B
:10433000D700E31C072A0327444483460444370577
:104340000020BAD60347144493040569558F1367B8
:104350004700832684662308E1060347C405B6D4D4
:104360001377070219C713050569EFC02FB0E311D2
:104370000528AC1013050469EFF00FAC03470400E7
:1043800001EFEFC0AF8B09C9130700022300E4005F
:10439000EFD01F8AEFB03FD63146A68513054445BE
:1043A000EF40D00EF65066540245D6540961828023
:1043B000D2471307F00815BF0347F465631B970046
:1043C00029670325446883254785EF20E0002322E1
:1043D000A468C255832744682E853ED0EF10D07F55
:1043E000D2552AD62E85EF10307F29678325C783C3
:1043F000AAC00255EF10507E8255EF10F07DB255E5
:10440000EF2080338645EF20203393050000AA84F7
:10441000EF20D021E34F051A2685EF20B0498645CD
:10442000AA843255EF10006BEF20D0483707008088
:10443000AA8533459700EF10F02B52468D46AA8788
:10444000370700806314D600B347A70002559305D1
:1044500000003ED6EF20901DB257635905008256EA
:1044600037070080B98F358F2322E46842475255C1
:10447000BE851377F7F7420741833AC862473ED0BB
:1044800093142700EF105075AA854255A294EF208F
:10449000A02A256783254775EF101074925723A62D
:1044A000A4664255939427008257A294BE85EF10CC
:1044B000B072D255EF100062256783254775EF1063
:1044C000B07123A6A46625B50257F98FE3870710BC
:1044D000C24713F717FF931707010347F465C1831A
:1044E0003EC86301970CE247425513972700229775
:1044F0008327C766BE853ED0EF20002492572AD876
:1045000052551397270022978327C766BE853ED64C
:10451000EF208022C255AA842E85EF10F06BA6856D
:104520002AD82685EF10506BAA854255EF10805A85
:10453000EF20503882552AD82E85EF10F069B255F9
:10454000AA842E85EF105069AA852685EF10805821
:10455000EF205036AA852322A468AA844255EF2072
:10456000A01D9317150085833ED029678325878575
:104570000255EF10B05BE35CA0D625678325477535
:104580000255EF10B05AE342A0D429678325C785AE
:104590002685EF107064AA850255EF103059E35854
:1045A000A0D425B32967B2548325478581478D461A
:1045B00002573357F740058B19CB88483ED6EF108A
:1045C000B0612967B2578325478588C88D4685071E
:1045D0009104E39FD7FC01BFA24793E707013EC4C4
:1045E000D2478546138727071377F70F63E6E60060
:1045F000A24793E787003EC49247E382079E314675
:104600009305046913054445EF40406CE31105CE62
:104610006DB90347C405098B05CBD247894613877B
:10462000F7FF1377F70F63F6E600A24793E7070457
:104630003EC49247638D071CB24709476399E71C44
:10464000A24793E707083EC40327C4672328E4442E
:104650000347E465A30CE44201C721472308E106B0
:104660008327846683258468032544442324F444F3
:104670003ECEBED42EC2EF10F044A247924593F432
:10468000070401E513F707020DC30345144411C9DC
:10469000030781006347070099C093050000EFE01E
:1046A000FFA3032784682322E44481E403274444CE
:1046B000BAD60347C468034564662306E444034747
:1046C00014446309A700B655EFE05FA10347646691
:1046D000A300E44483470107034714440345546699
:1046E000B3E4E70003470444230891062AC26300A9
:1046F000A7028346040009476387E600EFE0FF9ABC
:104700001245EFB09F9C034754662300E4440347DF
:1047100004448346C465D98C2308910611476390ED
:10472000E602834604000947638BE600032504681C
:104730002AC2EFE09F9712458145EFE02FEE034735
:104740001466B247230EE4420347F465230DE442A6
:104750000D476398E70203472466A30EE44209E786
:1047600013070000232CE46883258469032584470C
:104770002EC2EF103035924509C5232CB446EFE028
:104780007FAB034734668346E443638BE600725590
:104790003146EC08230FE442EF40404FEFE09FA981
:1047A000034704663706002093070600A30DE44282
:1047B0000347C465930660023EC26302D71063E1FB
:1047C000E6089376D70F71466381C60CA946630944
:1047D000D7080347D46593060005230CE44263021F
:1047E000D748B2478946639ED7468544631E970ED5
:1047F0009247AC1013850769EFE01FE492473146FA
:104800009385076913854745EF40404899A983463A
:1048100014444147E39AE6E203478443A24709462A
:104820007D171377F70F93F607046367E600E38DB0
:1048300006E093E7070201BDE39806E0A247D5BF73
:104840009306C0056303D708930660066305D7087F
:1048500093068002E31FD7F6930544451D459DA0AE
:1048600022559305C466EFE01F8A0347E443A2572D
:10487000B70600209385C666E31DF7F472553146EE
:10488000EF40C040EFE01F9BA9B793E71400230857
:10489000F106B24791C7AC1013050469EFE0DFD908
:1048A0009247AC109384C7662685EFE0FFD8924705
:1048B0003146A68513854745EF40403D19BF930516
:1048C00044451945EFE03F8429B731469305046913
:1048D0001305C44675B71307C446232007002322D7
:1048E00007002324070079BF19EB03470107AC1029
:1048F00013050469136717002308E106F5BD79174E
:104900001377F70F63E3E430832744689306444545
:104910001307C4663ED0E24793942700B3879600FE
:104920003ED4B307970090433ED6A257328532C695
:104930008C43A294EF10001A925737070020930679
:1049400047458A073387F6003AD237070020130716
:10495000C7663E973ECC92573ADA18438C432AD822
:104960003A853AC8EF10001732464247B706008032
:10497000C255AAC003A50469B3C7C6003EC6B3C7E3
:10498000E6003EC8EF10505BE24786452ACAA29770
:1049900003A50769EF10505AD2452ACC3245EF10D3
:1049A000B023E245AA844245EF101023AA8526854C
:1049B000EF104012E245AA843245EF10F021D245B3
:1049C0002ACC4245EF105021AA856245EF10D056FF
:1049D000A685EF20207FA2472ACA13F7470063036A
:1049E000071A296783250786EF10501463490500CD
:1049F0002967832547865245EF1010542ACA9247EB
:104A00008255A44B2E85EF10E00CA685EF10D052F6
:104A1000A685EF10701CEF20E06925678325477598
:104A2000AA845245EF10501B8255EF10F01A06056C
:104A3000A6850581EF10004CEF20102BEF20C04918
:104A400093170501C1833ECCE38407DA8344010751
:104A50003E85EF2060182AD013F7840009CBAA8581
:104A60007245DD98EF105017AAD42308910682559D
:104A70005245EF102048E2572AC413972700924767
:104A800093864745B387E6003ECE92473E97F2476E
:104A9000032507698C43EF10304A8255EF1080459B
:104AA000A245AAC82E85EF1030132567AA850325D5
:104AB000C77BEF10704825678325477A2ACA2245AD
:104AC000EF10901129678325C783AA845245EF1000
:104AD0006000AA852685EF10301025672AD083252F
:104AE000477552458144EF10300F85472ADC3ECA96
:104AF00003574101E247E37DF7CE31476382E40A81
:104B0000B2450255850493F4F40FEF10F00CC24542
:104B1000AAC26255EF10500CAA851645EF00907B93
:104B2000B245AAC26255EF10300BC2452AC60255E3
:104B3000EF10900AAA853245EF10104016472AC69A
:104B40003AC8B2454255EF00F078A257C24588C333
:104B50000645EF0030789257C64588C3F247884330
:104B6000EF005077F247AC1088C392471385474552
:104B7000EFE09FACD24785073ECA924703C71700B4
:104B800025DBADB9296783258786EF20202AE348F6
:104B9000A0E62967832547865245EF00B073B9BD6B
:104BA0005245EF206003A245EF101003AA84EF20C6
:104BB000F00A2AC82685EF20F062B2573707008036
:104BC000AAC29C434245B98FBEC4D257A6459C4356
:104BD000BEC6EF107000AA84B6451645EF10C07F20
:104BE000AA852685EF00106FA6452AC61645EF1048
:104BF000A07EAA84B6454245EF10007EAA85268590
:104C0000EF1090332AC881442DBF03470107B247F4
:104C1000136747002308E10603470400E300F7BEDB
:104C2000EFE0AFC8034714000DEFA247A302040052
:104C300013D537000589EFB09F9737170140130749
:104C400007801847B706002083C6166B058B63865E
:104C5000E6041145EFB0DFABEFE0AFA30145EFB0E5
:104C60001F9503474466A30FE442630D07F2EFE08C
:104C7000CFC30346F4430D47834604006318E60A96
:104C800089476387F6002145EFB07FA3EFE06FA06F
:104C90009247A38F07426FF0EFF013050469AC1041
:104CA000EFE09F99B70700200945238F9768EFB081
:104CB0001FA1EFE00F9E924703C717005DF303C7E4
:104CC000070065FBB707002083C6E7690547639BBC
:104CD000E604A24713F7070131C392473146938593
:104CE000C74213850751EF30707AB707002001459E
:104CF000238F0768EFB0BF8BEFE0AF99EFC07FDE87
:104D0000EFC03FE7EFB00FFFEFC09F82924703C7AE
:104D10005700E30507AEEFB05F94A1B71545EFB0BC
:104D20003F9FE1B79247A382E700C1B70547231C25
:104D3000E44213074006A303E4001967130747463C
:104D4000230E0442A30D0442230F04422310044403
:104D50002314E40089476383F602F2550145EFE02E
:104D60000FC919E16FF02FA7EFE0CFCC01459305F4
:104D70000000EFC0DFCF0145EFB02FB5256513056B
:104D8000C551EFC0EFB525651305055EEFC04FB502
:104D9000EFC0EFD9F5BD85476FE09FDF89476FE032
:104DA0003FDFE1476FE0DFDE930760026FE05FDE29
:104DB000E5476FE0FFDD91476FE09FDDED476FE076
:104DC0003FDD930750026FE0BFDC930700026FE006
:104DD0003FDC930720026FE0BFDB930730026FE0F8
:104DE0003FDB930740026FE0BFDAC1476FE05FDA55
:104DF000BD476FE0FFD9411122C43704002026C20D
:104E000006C68144130404002685EFE0EFC305E9DC
:104E10001305E00323060460EFC0AFA6EFC01FA296
:104E20001305A003EFC0EFA51D45EFC0AFB791C4B8
:104E3000B24022449244410182808544F1B78347C5
:104E4000C460F5D7EFE0DFB52AC01305E003EFC07B
:104E50004FA3EFC0BF9E1305A003EFC08FA2024572
:104E6000E9B737050020130141FD13070500B70717
:104E7000002006D422D226D0938707009306D7FFBE
:104E8000014663E6D7008D07998F13F6C7FFA96522
:104E90009385058713050500EF30505F0F00300341
:104EA0003705002013070500B70700209387C7695F
:104EB0009306D7FF014663E6D7008D07998F13F657
:104EC000C7FF814513050500EF30905E0F003003EA
:104ED0009307C00093E7370073905730EFB03FC699
:104EE000B71602409C4E116713071702D98F9CCE4C
:104EF000B7170140938707409843B70610FFFD1688
:104F0000758FB7069000558F98C39843B70600F188
:104F1000FD16758FB7060008558F98C31307000458
:104F200098CBB7470140938707801307101A98C79B
:104F30001307C002D8C7D847896637040020558FA9
:104F4000D8C7B7E700E0054723A2E710B7F7000886
:104F500003C70740A94713040400630AF7241D454B
:104F6000EFC08FA21305F00FEFE08F9CEFC02FC5AD
:104F70009D4537150140EFB08FFE930500043715AE
:104F80000140EFB0CFFD9305800337150140EFB02E
:104F90000FFD371702405C4F89463715014093E7F4
:104FA00017005CCFB707004023A00700416723A488
:104FB00007027D17D8D70547D8CB23A8070023A61B
:104FC000070098C337E700E0930700042322F71097
:104FD000B7F700E094C323A207009306001094CB18
:104FE00023A4070085672320F7109305800313058A
:104FF00005C0EFB05F8537150140930580031305A9
:1050000005C0EFB09F873715014093058003130556
:1050100005C0EFB0DF899307C44223A0070023A295
:10502000070023A40700736004308347C4059183FD
:10503000858B2300F40083470400232004002322EF
:1050400004002300F40093074006A303F4009967CB
:1050500023240400938747462314F4009307045144
:1050600023A0070023A2070023A40700B7070020FE
:10507000238F0768B7070020A38E076AB7070020B1
:10508000238E076AB7070020A38A076AB7070020A4
:10509000238A076AB707002083C7076B37070020FA
:1050A000814593F7F70F1306400413058443232625
:1050B000040023280400A307F76AEF30703F93052C
:1050C00004460145EFE0AF9201E51D45EFC0CF8BEF
:1050D000EFB02FEC9305000837150140EFB02FE833
:1050E000B71701403707800098CBEFB03F883715DE
:1050F0000140854513050580EFB0EFF437150140F9
:10510000854513050580EFB04FF70145EFB02FCA75
:10511000EFC03FA6EFC0FF9CEFB0CFBDEFB0EFD325
:1051200025651305855EEFB0BFFB8347C405A18BE2
:105130009DC3EFB02FC405C1256585471305C55133
:105140002300F400EFB0DFF9256513058560EFB0AB
:105150003FF9EFC0CF9D8347040093F71708B5C30D
:1051600025651305C551EFB0BFF7256513058561AA
:10517000EFB01FF7EFC0AF9B85472300F4008144D9
:105180008146B70700203706002003C7F76A0346A9
:10519000066B9377F70FE31AC70C36C0EFB0EFD367
:1051A000EFD03FCF834714008246E1DF69B5130695
:1051B000C005854513054401EFC08FE1E31A05DA08
:1051C00079BB2300040005395DBF93074002E3115A
:1051D000F7008547A307F1008347D4609306700466
:1051E000638BD70063EFF602A1C76386E70013075E
:1051F00030046391E7240347E4606310074A930691
:1052000070046380D7060347040063E3F620930627
:1052100040026392D71C618B63110750EFC02F9A35
:1052200029A81307A004638EE70013078005D1B7F0
:1052300025651305C562EFB0BFEA2685EFB09FF67E
:105240003DBF8347040093F7F70D6398074C03476E
:10525000E4609307D0036312F744EFE06FF4AA848D
:10526000E9BF256513058567EFB09FE703458443D4
:105270009307B00863FDA700256513050568EFB027
:105280003FE603458443130565071375F50FEFB03B
:105290007FE7A56713854768EFB09FE40345E443C4
:1052A000130565031375F50FEFB0DFE5A5671385EB
:1052B0004768EFB0FFE20345C44345051375F50F9A
:1052C000EFB05FE4A56713854768EFB07FE18347E0
:1052D000A44355451D8D1375F50FEFB0BFE2A567CB
:1052E00013854768EFB0DFDF0345B4431305A50519
:1052F0001375F50FEFB01FE1A56713854768EFB091
:105300003FDE834794431305E0051D8D1375F50FAC
:10531000EFB05FDF8347F44385CBA56713858768CC
:10532000EFB01FDC0345F4438D47630BF500F947ED
:105330006305F50089476319F500EFB0BFDC29A0CC
:1053400013050003EFB0FFD3A56713858768EFB09F
:105350003FD98347144441476384E706130700029B
:105360006385E706B5C7A56713858768EFB05FD784
:10537000834704441305800399E313059003EFB0BA
:105380005FD025651305C568EFB09FD50345C444BC
:10539000EFB05FD7256513050569EFB07FD403250E
:1053A0008444EFB09FF6256513054569EFB05FD3E0
:1053B000032544448145EFB0BFDFEFB05FF7B5BDD3
:1053C00013053003EFB0FFCB79BF13054003DDBFFA
:1053D00013055003C5BF8947631FF700EFB02FEFD8
:1053E00025651305C551EFB0BFCF25651305856948
:1053F000EFB01FCFD9B76312073225651305C5512A
:105400002300F400EFB0DFCD25651305456ACDB765
:105410008547E314F7E225651305C551EFB05FCC6E
:1054200025651305C56AEFB0BFCBEFB05FF0230071
:10543000040021B50346040005476360C72E130727
:1054400030026380E702938787FB93F7F70F2D47BE
:105450006367F72C25678A071307C7EBBA979C4346
:1054600082878347E4603EC06399072202454C0867
:10547000EFD0FFD709E51D45EFB01FD17DBBA56774
:105480001385076CEFB0DFC502479947630DF7003E
:105490009D47630AF7068247138567031375F50F67
:1054A000EFB05FC631A025651305456CEFB05FC353
:1054B0001305A003EFB0FFBC4808EFB05FE8EFB002
:1054C0001FE78247850793F7F70F3EC00247A147C2
:1054D000E31EF7F825651305C56CEFB07FC0130513
:1054E000C446EFB0DFE5EFB09FE425651305456DD9
:1054F000EFB01FBF03258447EFB0FFDEEFB03FE3FF
:10550000EFC00F831DBB25651305856C45B7834729
:10551000C405C18B6385074A91472300F400834784
:10552000E460639C0716B7070140938707409843E0
:105530001145619B98C3EFE0AF9C0D45EFE04F9C98
:10554000EFD03F9583471400E39907CEEFB0EF907B
:10555000EFA05FFAEFB08FC183471400E39F07CC41
:1055600023000400EFB06FCE8347E460E39707CCDD
:10557000EFF07F88D9B10347E4609307C004631E4E
:10558000F7100347F460930700056318F71083478B
:1055900004616394071013050008EFB04F9271B9CE
:1055A0008947A307F1008347E460B5EBB707002004
:1055B000130600059305E03A1385C760EFC04FA1BD
:1055C00009EDB7070020130600059385C760130592
:1055D000E03A23060460EFC0AF9725651305C56D5B
:1055E000EFB01FB0EFC08FA5EFB07FD425651305D6
:1055F000056FEFB0FFAE13056005EFB09FA8130570
:10560000C002EFB01FA83D45EFB0DFAF1305C002E9
:10561000EFB03FA713050008EFB0DFAE79BB0D4731
:10562000A307E1001307D0036399E7068D47B3068C
:10563000F40003C7C660850793F7F70FA384E660FD
:105640007DF7130600059305C4601305E03AEFC02B
:105650002F90E5B60347E46093073005631FF70218
:105660000347F460930740056319F7020347046199
:105670009307D0036313F7028347246199EF8347AD
:10568000146113074002638CE7001307A002638CC8
:10569000E702130730026386E7028D4479BE0545B1
:1056A000EFD01FA925651305C551EFB07FA3256570
:1056B0001305856FEFB0DFA2EFB07FC7EFB02FC14A
:1056C000ADBE0945F1BF1305F00FD9BF8947A30748
:1056D000F1008347E4603EC09DEF0245EFD0DFB6A6
:1056E00011E91D45EFB05FAA8247E39807B48547EB
:1056F0003EC0E5B7A5671385C770EFB07F9E024532
:10570000EFB05FA01305D003EFB0BF97EFC00F93CA
:10571000EFB0DF9ED1BF854601C6A14439BE8146A8
:105720000C081305F10036C0EFC08F93824619E1D3
:10573000894421B68347F10013871700A29703C657
:10574000C7601377F70FA307E1009307D003E316B1
:10575000F6F4B9CEBA87B306F40003C6C660B386C2
:10576000E740A29685072386C66093F7F70F65F694
:10577000A307F100EFE0CFA2AA84E31005AC4245F5
:10578000EF2000372AC0EFD05F920245EF10C074BF
:105790009377F50F139527003E9512053E95B707B1
:1057A0000020130600059385C7601305053045B535
:1057B0004C081305F100EFC0AF8A3DD98347F100D3
:1057C000A29703C6C76032C4E31906ECC2473EC0C5
:1057D000A96783A507850245EF005035E34FA0EA8E
:1057E0000245EF10606F52479377F50F9305000065
:1057F0003A853EC23AC0EF1060636345051C92478C
:1058000093063006024763F5F60822469387C7F9E8
:1058100093F7F70F8946A545114563E0F606630443
:10582000D602B70600208D4593860600630FB602A8
:105830008A078545BE966306B600D8CAEFB0DFF684
:10584000EDBA98D2E5BFA96683A5C68691078A07F7
:10585000A2973A853EC0EF003038A96683A5C68678
:10586000EF0090378247C8CFD1BFA1078A07BE9605
:10587000B7070080B98F9CCED1B705061376F60F17
:10588000E3FDF5E0E30BA6E0D91793F7F70F71B747
:105890003A853EC23AC0EF20A025EF10E063924760
:1058A000930600021375F50FE3E9F6DEA5668A0795
:1058B0009386C6EEB6979C4302478287894763F674
:1058C000A7102302A4049DBFA303A40485BFA302C1
:1058D000A404EFA0FF879DB72303A404DDBF834783
:1058E000C40511C593E74700230EF40481BFED9B67
:1058F000E5BF8347C40501C593E70704F5B793F7F0
:10590000F7FBDDB70347C4059377F70719C1936722
:1059100007080145230EF404EFA07FC905B723044F
:10592000A40429BF78C419BF38C809BF0347C405F8
:105930009377E70F19C193671700230EF404EFD094
:105940007F8FEDBD8347C40509C913F7070193E7AE
:10595000070259FBA9446FF05F8E93F7F7FD69B713
:105960000347C4059377770F19C193678700230E08
:10597000F404EFA0BFFFD9B58347C40501C593E781
:1059800007019DB793F7F7FC85B7A30EA4047DB577
:1059900038D06DB578D05DB52314A40645B578D45C
:1059A00071BD78C8EFA0FFDE51BD38CCE5BF83479D
:1059B000C40501C593E7270005BFF59B35B795449E
:1059C0006FF0BF8791446FF05F8799446FF0FF8657
:1059D0008347040093F7170291C72545EFB0CFFA2C
:1059E0006FF0EFF9EFD0DFFB6FF05F8589CE9307A3
:1059F00090026318F7F893F72600638407F893F68C
:105A0000D60F6FF00FF89307F002630CF7F663E11F
:105A1000E7049307000263F6E7F69307800263004A
:105A2000F7049307E00463EF97029307F7F993F7FE
:105A3000F70F65466365F60001171377F70F938735
:105A40001400A2942386E46093F4F70F6FF06FF3D1
:105A50009307B003E317F7FC91466FF08FF2894686
:105A60006FF02FF285466FF0CFF13307F400850712
:105A700093F7F70F130610080347C7516393C70046
:105A8000814737060020A307F66A9307F00F6306E5
:105A9000F7F0A9476305F700B547E319F7F436C0F7
:105AA000EFD02FBF83471400639707D88246A29494
:105AB0002386046093F416002D458DF00347C460DF
:105AC000631507F0A56713854750EFB06FE16FF0DE
:105AD0000FEB0000130101FFB70780009387F7FF6A
:105AE00013D67501232481001354750133F7A700E1
:105AF00023229100B3F7B7001374F40F1376F60F57
:105B0000232611009354F50193D5F501131737009F
:105B100093973700B306C4406390B418635CD00811
:105B200063160602638007029306F4FF639806007B
:105B3000B387E700130410006F00C0041306F00FD2
:105B4000631EC400930707006F00C0101306F00F18
:105B5000E30AC4FE37060004B3E7C7009305B001AB
:105B60001306100063CED50013060002B3D5D7008C
:105B7000B306D640B397D700B337F00033E6F5004D
:105B8000B307E600139757006356070C130414007D
:105B90001307F00F630EE42C3707007E93F617000F
:105BA0001307F7FF93D71700B3F7E700B3E7D70062
:105BB0006F00400A63860606B3068640631004023F
:105BC0006308070C9385F6FFE38405F61305F00FD1
:105BD0006390A6021304F00F6F00C0079305F00F47
:105BE000E30AB6FEB70500043367B70093850600E5
:105BF0001305B00193061000634EB5009306000232
:105C0000B386B6403355B7003317D7003337E000BB
:105C1000B366E500B387D700130406006FF09FF664
:105C20009306140013F6E60F631C060463120404C3
:105C300063020702E38807F0B387E7001397570072
:105C4000635A0700370700FC1307F7FFB3F7E700B5
:105C50001304100013F77700630E072013F7F70003
:105C6000930640006308D720938747006F00802089
:105C7000E30207F663960716930707006FF09FF598
:105C80001306F00F6384C61E3307F70093571700FF
:105C9000138406006FF01FFC635ED00663120606D5
:105CA000E38207EA9306F4FF63980600B307F74020
:105CB000130410006F0040031306F00FE304C4E860
:105CC0009305B0011306100063CED5001306000241
:105CD000B3D5D700B306D640B397D700B337F0009B
:105CE00033E6F500B307C74013975700E35407F6B0
:105CF000B70600049386F6FFB3F6D7006F00801056
:105D00001306F00FE300C4E437060004B3E7C7004E
:105D10006FF01FFB638E0606B3068640631604020F
:105D20006300071C1385F6FF63180500B387E7407F
:105D3000938405006FF0DFF71303F00F63906602A2
:105D40001304F00F6F00001A1305F00FE30AA6FE0C
:105D5000370500043367A700138506001303B0015D
:105D600093061000634EA30093060002B386A6407C
:105D70003353A7003317D7003337E000B366E3008F
:105D8000B387D74013040600938405006FF0DFF556
:105D90009306140093F6E60F639C0604631C04024A
:105DA0006318070063900714930400006F00800CD1
:105DB000E38A07D8B306F74013965600B387E74047
:105DC0006342061293870600E39606E893070000F5
:105DD0006FF09FFDE31007EA93840500E39C07DE64
:105DE00093040000B70700021304F00F6F0080084F
:105DF000B306F7401396560063580604B386E7408F
:105E000093840500138506002320D100EF00507D08
:105E1000832601001305B5FFB396A600634E8502E5
:105E20003305854013051500130700023307A7400B
:105E3000B3D7A600B396E600B336D000B3E7D700D9
:105E4000130400006FF01FE1E39E06FA93070000C1
:105E5000130400006FF05FF5B70700FC9387F7FFAE
:105E60003304A440B3F7F6006FF0DFDE1304F00F45
:105E70009307000013975700635E07001304140094
:105E80001307F00F6304E406370700FC1307F7FF5E
:105E9000B3F7E7001307F00F93D737006318E40058
:105EA00063860700B70740009304000013147401D1
:105EB0003707807F939797003374E40093D7970058
:105EC0003364F4001395F4018320C1003365A4000A
:105ED0000324810083244100130101016780000035
:105EE00013840600938405006FF0DFD6930700004B
:105EF0006FF05FFA130181FD93179500232E910037
:105F00009356750193D497009357F50123221102FC
:105F10002320810293F6F60F2320F1006388060800
:105F20001307F00F638AE60A9397340037070004DB
:105F3000B3E4E700938616F81303000013D6750147
:105F4000139495001376F60F1354940093D5F5012E
:105F50006304060A1307F00F630EE60C13143400F3
:105F6000370700043364E400130616F81305000035
:105F700083270100B386C640131623003366A600AC
:105F80001306F6FF9302E00033C7B70063E4C20CC8
:105F9000973200009382C242131626003306560041
:105FA00003260600330656006700060063800404DB
:105FB000138504002322B100EF0090621307B5FFA0
:105FC0009306A0F883254100B394E400B386A6406D
:105FD000130300006FF09FF69306F00F13032000E9
:105FE000E38E04F4130330006FF05FF593060000B6
:105FF000130310006FF09FF46308040413050400FA
:106000002326D100232461002322B100EF00505D3C
:106010001307B5FF1306A0F83306A64083254100F9
:10602000032381008326C1003314E400130500001C
:106030006FF01FF41306F00F13052000E30A04F2BB
:10604000130530006FF0DFF2130600001305100097
:106050006FF01FF21316540063F4841A9386F6FF50
:1060600093030000935706012320F10083250100CC
:1060700037040100130404FEB3778600138504007F
:10608000232CD100232A71002328E1002326C100FC
:106090002322F100EF00104A930505002324A100FC
:1060A00003254100EF00504683250100130405003D
:1060B00013850400EF00904C83234101832281006B
:1060C0001315050193D50301B3E5A5000326C1000F
:1060D00003270101832681019387020063FE850067
:1060E000B305B6009387F2FF63E8C50063F6850049
:1060F0009387E2FFB385C5002328F100B38785406D
:10610000832501001385070013840700232AD1008B
:106110002326E100232CC100EF00D04193050500A8
:106120002324A10003254100EF00103E8325010038
:106130009304050013050400EF00504483238100FD
:10614000131305010327C1008327010183264101A1
:106150009385030063749302032681019385F3FF03
:106160003305C300333465001303050063180400CE
:10617000637695009385E3FF3303C500139407010D
:10618000330393403364B4003333600033646400FA
:106190001385F6076350A00C93777400638A070099
:1061A0009377F400130640006384C700130444008F
:1061B0009317440063DA0700B70700F89387F7FFE7
:1061C0003374F400138506089307E00F63C2A70633
:1061D00093573400832041020324010293979700D0
:1061E0001315750193D797003365F5001317F70161
:1061F0008324C1013365E50013018102678000003B
:106200009393F40193D414006FF0DFE503270100AA
:106210001384040013050300930730006306F50898
:1062200093071000630AF50893072000E312F5F6C0
:10623000930700001305F00F6FF0DFF913870500D7
:106240006FF09FFD37044000130700001305300076
:106250006FF09FFC93071000B387A7401306B001AF
:10626000634CF6049386E609B357F4003314D40064
:1062700033348000B3E7870093F67700638A060023
:1062800093F6F700130640006384C6009387470027
:106290009396570093D7370063D206029307000006
:1062A000130510006FF01FF3B70740001305F00F40
:1062B000130700006FF01FF29307000013050000A2
:1062C0006FF05FF193567501B70780009387F7FF72
:1062D00013D6750193F6F60F9302F00F33F3A70070
:1062E0001357F501B3F7B7001376F60F93D5F50101
:1062F00013051000639A5600631603006314D6005A
:10630000638A070067800000E30E56FEE39CC6FE2A
:10631000E31AF3FE13050000E306B7FE13051000B1
:10632000E39206FE3335600067800000B707800007
:106330009387F7FF9356750133F6A7001357F501BE
:1063400093F6F60F13D575011303F00FB3F7B700EB
:106350001375F50F93D5F501639466006312060477
:106360001303F00F63146500639C0702639A06042D
:10637000631C0502631806046382070413051000FA
:10638000639E05021305F0FF67800000E3C8A6FEC8
:1063900063E2C702130500006372F6026FF01FFE8E
:1063A0001305E0FF67800000E30A06FC639EE5003A
:1063B000E35ED5FC1305F0FF638C050067800000E9
:1063C000E31605FEE39407FE1305F0FFE31807FE4E
:1063D0001305100067800000130141FE93577501FB
:1063E000232A81002328910013179500232C1100E4
:1063F00093F7F70F93840500135797001354F50193
:10640000638407149306F00F6384D71613173700BD
:10641000B70600043367D700138317F8130600008C
:1064200093D674019397940093F6F60F93D7970041
:1064300093D4F401638E06149305F00F638CB618A1
:10644000B705000493973700B3E7B700938616F8B3
:1064500093050000B306D3002320D10093821600D9
:1064600093162600B3E6B6001305A000634ED522AE
:106470001305200033439400634ED5169386F6FF30
:1064800013061000637AD618B7040100935607016B
:106490009383F4FF2322D1003377770093D607014B
:1064A000B3F777002324D100130507009385070075
:1064B000EF009005130405008325810013050700F4
:1064C000EF009004130705009385070003254100A2
:1064D000EF00900393070500832581000325410009
:1064E000EF009002935604013307F7003387E6006C
:1064F0006374F70033059500B3767700B3777400C3
:1065000093960601B386F60013570701939766002A
:106510003307A70093D6A60113176700B337F0001F
:10652000B3E7D70093164700B367F70063DA0600B6
:1065300013D7170093F71700B367F7002320510014
:10654000832201006F00C00E630E070213050700CF
:106550002320E100EF00D008032701009307B5FFD7
:106560001303A0F83317F7003303A3406FF01FEBBA
:106570001303F00F13062000E30407EA13063000AC
:106580006FF01FEA13030000130610006FF05FE9BD
:10659000638C0704138507002326E1002324610090
:1065A0002322C1002320F100EF0090038327010084
:1065B0009306B5FF03264100B397D7009306A0F8D2
:1065C000032381000327C100B386A6409305000082
:1065D0006FF05FE89306F00F93052000E38C07E669
:1065E000930530006FF01FE793060000930510003D
:1065F0006FF05FE613051000B316D50013F50653D0
:10660000631E050A13F60624631A061093F686081D
:10661000E38C06E61383040013072000638CE50473
:1066200013073000638CE50E130710006380E5103C
:106630001385F207635AA00813F77700630A07006F
:1066400013F7F700930640006304D70093874700D1
:1066500013974700635A0700370700F81307F7FF3F
:10666000B3F7E700138502081307E00F93D737004D
:106670006356A700930700001305F00F83208101E4
:1066800003244101939797001315750193D7970041
:106690003365F5001313F3018324010133656500AD
:1066A0001301C101678000001305F0006388A6068E
:1066B0001305B00013030400E38EA6F4930707004C
:1066C000930506006FF05FF5130710003307A7402E
:1066D0009306B00163CCE6049382E209B3925700BB
:1066E00033D7E700B3325000B367570013F7770092
:1066F000630A070013F7F700930640006304D7000E
:10670000938747001397570093D7370063520702C8
:1067100093070000130510006FF05FF6B707400005
:106720001305F00F130300006FF05FF593070000EF
:10673000130500006FF09FF4B7078000130101FFFD
:106740009387F7FF13D6750133F7A7002324810041
:10675000B3F7B700232291001354750123261100CB
:106760001376F60F9306F00F1374F40F9354F5019C
:106770001317370093D5F501939737006314D600AC
:106780006394070093C51500B306C4406390951841
:10679000635CD00863160602638007029306F4FF69
:1067A00063980600B387E700130410006F00C0046D
:1067B0001306F00F631EC400930707006F00C0109C
:1067C0001306F00FE30AC4FE37060004B3E7C70060
:1067D0009305B0011306100063CED5001306000226
:1067E000B3D5D700B306D640B397D700B337F00080
:1067F00033E6F500B307E600139757006356070C1E
:10680000130414001307F00F630EE42C3707007E07
:1068100093F617001307F7FF93D71700B3F7E700B6
:10682000B3E7D7006F00400A63860606B3068640CA
:10683000631004026308070C9385F6FFE38405F6F2
:106840001305F00F6390A6021304F00F6F00C0074A
:106850009305F00FE30AB6FEB70500043367B700EF
:10686000938506001305B00193061000634EB50032
:1068700093060002B386B6403355B7003317D700EE
:106880003337E000B366E500B387D7001304060092
:106890006FF09FF69306140013F6E60F631C0604D0
:1068A0006312040463020702E38807F0B387E7007A
:1068B00013975700635A0700370700FC1307F7FFC9
:1068C000B3F7E7001304100013F77700630E0720F7
:1068D00013F7F700930640006308D720938747001B
:1068E0006F008020E30207F6639607169307070000
:1068F0006FF09FF51306F00F6384C61E3307F70091
:1069000093571700138406006FF01FFC635ED006D8
:1069100063120606E38207EA9306F4FF6398060013
:10692000B307F740130410006F0040031306F00F85
:10693000E304C4E89305B0011306100063CED5004C
:1069400013060002B3D5D700B306D640B397D700DD
:10695000B337F00033E6F500B307C740139757008D
:10696000E35407F6B70600049386F6FFB3F6D700A4
:106970006F0080101306F00FE300C4E43706000434
:10698000B3E7C7006FF01FFB638E0606B3068640B1
:10699000631604026300071C1385F6FF63180500E5
:1069A000B387E740938405006FF0DFF71303F00F20
:1069B000639066021304F00F6F00001A1305F00FC6
:1069C000E30AA6FE370500043367A7001385060017
:1069D0001303B00193061000634EA3009306000258
:1069E000B386A6403353A7003317D7003337E000F0
:1069F000B366E300B387D740130406009384050011
:106A00006FF0DFF59306140093F6E60F639C06041F
:106A1000631C0402631807006390071493040000CA
:106A20006F00800CE38A07D8B306F7401396560030
:106A3000B387E7406342061293870600E39606E8B1
:106A4000930700006FF09FFDE31007EA93840500B1
:106A5000E39C07DE93040000B70700021304F00F65
:106A60006F008008B306F74013965600635806047B
:106A7000B386E74093840500138506002320D100E8
:106A8000EF000036832601001305B5FFB396A6007C
:106A9000634E850233058540130515001307000278
:106AA0003307A740B3D7A600B396E600B336D000AD
:106AB000B3E7D700130400006FF01FE1E39E06FA6E
:106AC00093070000130400006FF05FF5B70700FCA8
:106AD0009387F7FF3304A440B3F7F6006FF0DFDECF
:106AE0001304F00F9307000013975700635E07002D
:106AF000130414001307F00F6304E406370700FCC7
:106B00001307F7FFB3F7E7001307F00F93D737002A
:106B10006318E40063860700B70740009304000091
:106B2000131474013707807F939797003374E40040
:106B300093D797003364F4001395F4018320C100C8
:106B40003365A40003248100832441001301010163
:106B50006780000013840600938405006FF0DFD681
:106B6000930700006FF05FFA370680001357750136
:106B70009307F6FF1377F70F9305E007B3F7A70026
:106B80009356F50163D6E5049305D00963DAE50071
:106B9000370500801305F5FF3385A60067800000E8
:106BA00033E5C7009307500963DCE7001307A7F636
:106BB0003315E500638006023305A04067800000BE
:106BC00093076009B387E7403355F5006FF09FFEE8
:106BD0001305000067800000130141FF232411000A
:106BE0002322810023209100930705006300050EF6
:106BF0001357F5413344A7003304E4409354F5019F
:106C000013050400EF00C01D9307E009B387A740F8
:106C1000130760096340F70413078000630EE50A59
:106C2000130585FF3314A400131494001354940027
:106C30009397770183208100B3E787000324410005
:106C40001395F40133E5A700832401001301C1006B
:106C500067800000130790096354F706130750007C
:106C60009306B5013307A740B316D4003357E400A9
:106C7000B336D0003367D700370400FC1304F4FFA9
:106C80009376770033748700638A06001377F700E2
:106C9000930640006304D700130444001317540004
:106CA000635C0700B70700FC9387F7FF3374F400B9
:106CB0009307F009B387A740135434006FF0DFF651
:106CC0001307B5FF3317E4006FF01FFB93040000B8
:106CD000130400006FF05FF5930760096FF0DFF4B5
:106CE000130141FF2320910023228100232411005E
:106CF0006780020083240100032441008320810077
:106D00001301C10067800000130605001305000091
:106D100093F61500638406003305C50093D515006E
:106D200013161600E39605FE678000006340050613
:106D300063C6050613860500930505001305F0FFDD
:106D4000630C060293061000637AB6006358C00015
:106D50001316160093961600E36AB6FE130500009C
:106D600063E6C500B385C5403365D50093D61600EC
:106D700013561600E39606FE67800000938200001B
:106D8000EFF05FFB13850500678002003305A0402C
:106D90006348B000B305B0406FF0DFF9B305B04011
:106DA00093820000EFF01FF93305A04067800200D6
:106DB0009382000063CA0500634C0500EFF09FF763
:106DC0001385050067800200B305B040E35805FE57
:106DD0003305A040EFF01FF63305B0406780020096
:106DE000B7070100637AF5029337051093B71700D0
:106DF00093973700130700023307F7403355F50028
:106E0000972700009387875FB387A70003C5070014
:106E10003305A74067800000370700019307800112
:106E2000E37AE5FC930700016FF0DFFCB707800011
:106E30009387F7FF9356750133F6A7001357F501B3
:106E400093F6F60F13D575011303F00FB3F7B700E0
:106E50001375F50F93D5F50163946600631206046C
:106E60001303F00F63146500639C0702639A060422
:106E7000631C0502631806046382070413051000EF
:106E8000639E05021305F0FF67800000E3C8A6FEBD
:106E900063E2C702130500006372F6026FF01FFE83
:106EA0001305200067800000E30A06FC639EE500EE
:106EB000E35ED5FC1305F0FF638C050067800000DE
:106EC000E31605FEE39407FE1305F0FFE31807FE43
:106ED0001305100067800000B70580009357750107
:106EE0009386F5FF93F7F70F1306E007B3F6A600B6
:106EF0001357F5016352F604134617001306E6090B
:106F00001305F7FF63DCC7021305000063180702CF
:106F10001307500933E5B6006358F7009387A7F6C7
:106F20003315F5006780000013076009B307F740C9
:106F30003355F500678000001305000067800000EE
:106F4000130141FF232281002324110013040500B3
:106F50001307000063040502EFF09FE81307E00940
:106F60003307A7409307600963CAE70293078000CD
:106F70006302F50A130585FF3314A400131494006B
:106F80001354940013157701832081003365850025
:106F9000032441001301C10067800000930790099A
:106FA00063D4E7069307B50193065000B317F400C6
:106FB000B386A640B337F000B356D400B3E7D7008A
:106FC000370400FC1304F4FF93F6770033F48700D2
:106FD000638A060093F7F700930640006384D700A6
:106FE000130444009317540063DC0700B70700FC48
:106FF0009387F7FF1307F0093374F4003307A740B2
:10700000135434006FF09FF79307B5FFB317F400E4
:107010006FF01FFB130760096FF05FF69357750160
:1070200093F7F70F13060500138717F86356050645
:107030009306E00163D6E600370500806780000014
:107040001305F0FF635A07009307F0FF6302F7068A
:107050001305000067800000B70580009386F5FFE8
:10706000B3F6C60013066001B3E6B6006358E60047
:107070009385A7F6B395B6006FF01FC9B70540001A
:10708000B3D5E54093077001B385D500B387E740DA
:10709000B3D5F5006FF05FFE9306E0011305100015
:1070A000E3D2E6FA370500801305F5FF678000009C
:1070B00067800000EFF2DFC21317150013571700A7
:1070C0003706807F1301C1FF93050500636EC70279
:1070D000635005022320A100EF0010298325010041
:1070E0006308050013850500EF0090246F00C000C1
:1070F00013850500EFE01F9E93050500138505002D
:10710000130141006FF01FBFE30A07FEE34E05FCC9
:10711000135775011377F70F9307050093557541C2
:1071200063100702130700009397170093968700D8
:107130009305070013071700E3D806FEB305B04018
:10714000370780009306F7FF938515F8B3F7D7004C
:10715000B3E7E70013F715006304070093971700E0
:1071600093D515409397170013059001130700005E
:1071700093020000370600013383C20093860700A4
:1071800063C86700B302C300B38667403307C70014
:107190001305F5FF9397160013561600E31E05FC22
:1071A00063860600130717001377E7FF135717408E
:1071B000B707003F3307F70093957501B385E500E6
:1071C0006FF0DFF3EFF2DFB1370700801307F7FF4F
:1071D000B376B7003703807F930705006368D30059
:1071E0003377A700930205006378E3001385070057
:1071F000EFE05F8E6F000001B703803F639875007A
:10720000EF108066930705006F00800213D4E541FC
:10721000137424001355F5013364A40063140704A8
:1072200013072000630AE400130730006300E40240
:10723000138507006FF01FACB797000083A5477157
:10724000B797000003A587716FF09FFAB79700000A
:1072500083A54771B797000003A5C771EFF0CFCDA5
:107260006FF05FFA63940602B797000083A5477139
:1072700063D80200B797000003A507726FF01FFEE6
:10728000B797000003A547726FF09FF6639A6608F0
:10729000930720006318D706B79400006308F40230
:1072A000930730006302F4049307100083A5447130
:1072B0006308F400B797000003A587726FF05FF3CF
:1072C000B797000003A5C7726FF05FF9B79700008A
:1072D00083A50773B797000003A58772EFF0CF8FE0
:1072E00083A544716FF0DFF0B797000083A5477363
:1072F000B797000003A58772EFF00F8E83A5447146
:107300006FF0DFF5E30AF4F293073000E300F4F4E2
:10731000930710006300F40C930700006FF05FF117
:10732000E30467F43307D740135777419306C0034C
:1073300063D6E604B797000083A58773B79700006C
:1073400003A54772EFF04FBF930705001307100026
:10735000630CE40413072000630EE404E30A04EC66
:10736000379700008325C77313850700EFE08FF67A
:10737000B797000083A587716FF05FEE63D60500B5
:10738000930640FC634ED70013850700EFE09FB6DD
:107390001315150013551500EF10004D6FF0DFFAAF
:1073A000930700006FF09FFA37070080B347F7009C
:1073B0006FF01FE8379700008325C7731385070018
:1073C000EFE04FF1B79700009305050003A5877123
:1073D0006FF0DFE8B797000083A707716FF05FE5F4
:1073E000131715001356170013578701130717F8C3
:1073F000930760019305050063CCE704930605003D
:1074000063520702B707008063480500B707803F53
:107410006314060093070000938507001385050099
:1074200067800000370680009307F6FFB3D7E74078
:1074300033F5A700E30405FE6356B0003356E6407B
:10744000B386C50093C7F7FFB3F7D7006FF0DFFC33
:10745000B707807FE364F6FC6FE0CFE7EFF25F8869
:10746000370400809307F4FF3717493FB3F7A700AD
:10747000130787FD130181FF930500006370F70474
:107480003707807F63E8E700EF00806A130181001F
:107490006FF05F8693050100EF00C00C9377350015
:1074A000130710008325410003250100638CE700CA
:1074B000130720006380E70263920702EF00806FEA
:1074C0006FF0DFFC13061000EF1040253345A400D9
:1074D0006FF0DFFBEF00006E6FF05FFF1306100030
:1074E000EF10C0236FF09FFA131715001356170003
:1074F00013578701130717F89307600193050500D9
:1075000063CCE7049306050063520702930700006B
:1075100063580500B70780BF63140600B7070080F3
:1075200093850700138505006780000037068000FB
:107530009307F6FFB3D7E74033F5A700E30405FE52
:1075400063D605003356E640B386C50093C7F7FF00
:10755000B3F7D7006FF0DFFCB707807FE364F6FC7A
:107560006FE04FD7EFF2CFF7931715003717493F6A
:1075700093D71700130787FD1301C1FD138405007E
:10758000636CF7002320A4009307000023A2F500FA
:10759000930400006F00400737D716402328A1004E
:1075A000130737BE6366F712B7070080938707FF9C
:1075B000B3F4A700B797000083A507746358A00829
:1075C000EFF08F97B717C93F2320A100938707FDDE
:1075D0006382F404B797000083A54774EFF0CF955A
:1075E000930505009304050003250100EFF0CF94F7
:1075F000B797000083A54774EFF00F942322A400EF
:107600002320940093041000138504001301410209
:107610006FF04FEEB797000083A58774EFF0CF911E
:10762000B797000083A5C7742320A100EFF0CF9087
:10763000930505009304050003250100EFF0CF8FAB
:10764000B797000083A5C7746FF01FFBEFE08FC8EA
:10765000B717C93F2320A100938707FD638EF4026B
:10766000B797000083A54774EFE0CFC693050500E8
:107670009304050003250100EFF00F8CB79700007D
:1076800083A54774EFE00FC52322A40023209400B4
:107690009304F0FF6FF05FF7B797000083A587743E
:1076A000EFE04FC3B797000083A5C7742320A10064
:1076B000EFE04FC293050500930405000325010088
:1076C000EFF08F87B797000083A5C7746FF09FFB1B
:1076D00037174943130707F86368F7203797000007
:1076E00083250775232AA100138507002320F100B5
:1076F000EFE09FCE3797000083254775EFE08FBD01
:10770000EFF08FC693040500EFF00FCD3796000021
:10771000832506742324A100EFE01FCC83270100FA
:1077200093050500138507002326F100EFF0CF80B5
:1077300037960000832546742320A100032581008D
:10774000EFE09FC92322A100930505000325010056
:10775000EFE09FFE1306F0018327C1006348960205
:107760008326410137060080130606F03376D600E3
:107770009385F4FFB7960000939525009386C6FC89
:10778000B386B60083A60600631ED6009356750125
:1077900093D7774193F6F60FB386D7401306800050
:1077A0006346D6002320A4006F000009B7960000AE
:1077B00083A5867403258100232AF100EFE0DFC151
:1077C000930505002322A10003250100EFE0DFF669
:1077D000930505002326A10003250100EFE0DFF556
:1077E00083254100EFE05FF5B796000083A5C674DE
:1077F0002320A10003258100EFE01FBE83250100A7
:10780000EFE09FF32322A100930505000325C100AB
:10781000EFE09FF2832741019356750193F6F60F2F
:10782000B387D7409306900163CCF6048327C10049
:107830002320A4002320F100832604000325010057
:10784000938506002324D100EFE01FEF832541003C
:10785000EFE09FEE832701012322A400E3D607DA9D
:1078600083268100B7070080B3C6D700B3C7A7003F
:107870002320D4002322F400B30490406FF0DFD81B
:10788000B797000083A5877503258100EFE0DFB47B
:107890002322A100930505000325C100EFE0DFE9E5
:1078A0002320A100930505000325C100EFE0DFE8D8
:1078B00083254100EFE05FE8B797000083A5C77517
:1078C0002322A10003258100EFE01FB183254100A1
:1078D000EFE09FE62322A1009305050003250100A8
:1078E000EFE09FE56FF01FEC3707807F63ECE70068
:1078F00093050500EFE05FE42322A4002320A40009
:107900006FF01FC913D677411306A6F71317760138
:10791000B384E740138504002322C100EFF0CFA415
:10792000EFF08FAB93050500232CA1001385040015
:10793000EFE09FE03797000083250776EFE0DFA9AF
:107940002320A100EFF04FA2EFF00FA9930505004F
:10795000232EA1009304050003250100EFE0DFDDE5
:107960003797000083250776EFE01FA793050000F7
:107970002320A102EFE01F9503264100930630006B
:107980006310050293050000138504002320C10045
:10799000EFE05F9303260100B336A0009386160044
:1079A000B79700009387C7041307200093050400CE
:1079B00013058101EF008036832701019304050040
:1079C000E3D407C483270400B7060080B3C7D700F9
:1079D0002320F40083274400B3C7D7002322F400F8
:1079E0006FF09FE9EFF2CFAF370400809307F4FF09
:1079F0003717493FB3F7A700130787FD130181FF2E
:107A0000636AF7001306000093050000EF001051B1
:107A10006F0000013707807F63E8E700EF00401147
:107A2000130181006FF00FAD93050100EFF09FB3DC
:107A300093773500130710008325410003250100CB
:107A4000638CE70013072000638CE7006392070252
:107A5000130610006FF09FFBEF00C0156FF05FFC86
:107A600013061000EF00904B3345A4006FF05FFB4E
:107A7000EF0040146FF05FFF9357750193F7F70F16
:107A8000138617F8930760019305050063CCC704BC
:107A900063540602370500809307F0FF33F5A50015
:107AA0006316F600B707803F3365F50093050500C0
:107AB0001385050067800000B70780009387F7FFF4
:107AC000B3D7C74033F7A700E30407FE37074000EA
:107AD0003357C7403307A70013C5F7FF3375E500D9
:107AE0006FF0DFFC93070008E314F6FC6FD09FFEF5
:107AF0009357754193F7F70F938717F8130700080B
:107B0000930505006394E7006FD0DFFC3707008022
:107B100063CC07001307F0016354F7009307F001EB
:107B2000370780FF3357F7403375B7006780000091
:107B3000EFF20F9B1301C1FF2320A100EF00C00251
:107B400083250100631A050013850500EFD09FF817
:107B5000130141006FF00F9A930500001385050093
:107B6000EFE04FB96FF0DFFE1315150093571500C6
:107B7000630E0502370780FF3387E700B706007FF3
:107B8000130540006366D702370780009386F7FF2E
:107B90001307E7FF13053000637CD70037078080A9
:107BA000B387E70013B517006780000013052000B6
:107BB00067800000EFF2CF9293171500130101FFC9
:107BC00093D717002322B100370600322326F10095
:107BD000B794000063E0C714930505002324A100B7
:107BE000EFE08FFF379600008325467513040500EC
:107BF000EFE08FFE379600008325C6762320A10094
:107C000013050400EFE04FFD37960000832506774B
:107C1000EFD05FEC93050400EFE00FFC3796000017
:107C200083254677EFE05FB193050400EFE0CFFADC
:107C30003796000083258677EFD0DFE993050400AF
:107C4000EFE08FF9379600008325C677EFE0DFAECF
:107C500093050400EFE04FF837960000832506787F
:107C6000EFD05FE793050400EFE00FF79305040002
:107C7000EFE08FF603278100832541001304050000
:107C800013050700EFE04FF5930505001305040009
:107C9000EFE09FAA8327C10037A7993E1307979962
:107CA000130405006362F702930505000325010034
:107CB000EFE09FA89305050003A58476EFE0DFA71A
:107CC000130101016FF00F833707483F636EF7021E
:107CD000370700FFB385E70003A584762322B100B0
:107CE000EFE09FA5832541009304050003250100D3
:107CF000EFE09FA493050400EFE01FA493050500A7
:107D0000138504006FF09FFBB797000083A54776AB
:107D10006FF09FFC03A584766FF09FFAEFE25FFCA3
:107D2000130101E7232AE1002320D1028326410128
:107D3000379700002326F1029396260093074736D3
:107D4000B387D70083A70700130747362324A10270
:107D50002326F100832701022324B100232EC10032
:107D60009387F7FF232CF100232CE1029307C0FF38
:107D700013040000634CF6009307D6FF13D4F741B9
:107D8000137474003304F400135434409307140044
:107D9000939737002322F102032741028327C10171
:107DA000B387E7402320F100832781010327810166
:107DB000B306F4408327C100938406003386E700AE
:107DC0009307010A3387D440635AE60283260102EF
:107DD00013060114832701020327C100B387F6406D
:107DE0006344F70C1307010A93972600B387E70053
:107DF00093040000130700006F0040091305000002
:107E000063C804022328F1028327C10213972400C8
:107E10002328C1003387E700032507002322D10070
:107E2000EFE09FDB83270103032601018326410046
:107E300023A0A70093841400938747006FF09FF856
:107E4000131527002328E1000327810283A50700DB
:107E5000232AD1023305A700032505002328C102E8
:107E60002322F100EFE04FD79305050013850400AE
:107E7000EFD05FC6032701018326410303260103D8
:107E80008327410093040500130717008325810110
:107E90009387C7FFE3D6E5FA232096009386160062
:107EA000130646006FF01FF38327C1008324C1002F
:107EB0009397270093870705B3872700232AF102AA
:107EC000931724002328F102B797000083A787782F
:107ED0002320F104B795000083A6457893972400EA
:107EE0001307010593870714B7950000B387E700D0
:107EF0002328D10083A6057683A707FB1306070076
:107F000013840400232ED1026348801483250100CA
:107F1000138507002322E100EF00104583250104AB
:107F200013040500EFE04FCBEFF00FDCB797000034
:107F300083A5C778EFE04FCA930505001305040039
:107F4000EFE08FFF13040500EFE01FC22328A1001C
:107F5000EFE09FC89305050013050400EFE0CFFD97
:107F60008327010003274100130405006354F01622
:107F70009387F4FF939727009306010593870714CF
:107F8000B387D7000326010083A607EC0325010170
:107F900093058000B385C54033D6B6403305C50090
:107FA0003316B600B386C6400326010023A0D7ECE3
:107FB00093077000B387C7402328A100B3D7F640CA
:107FC0002322F100832741006358F0148327010125
:107FD0009306000013030000938717002328F10085
:107FE0001306F00F9305001063CC961C8327010045
:107FF000635CF0000327010093071000630AF71E7B
:10800000930720006308F72003274100930720000F
:108010006314F710B797000003A587769305040053
:10802000232E6102EFE04FF10323C1031304050087
:10803000B79700006302030E8325010003A587762E
:10804000EF0090329305050013050400EFE0CFEE3A
:10805000130405006F00400C832501011385070000
:108060002326C1042324E1042322F104EFE0CFB648
:10807000EFE09FAFEFE05FB68325C1032322A100AD
:108080001304F4FFEFE04FB5832741049305050087
:1080900013850700EFE04FEAEFE01FAD0326C104B0
:1080A0001307011493172400B307F7002320A60039
:1080B00083A50700032541002322C104EFD09FA11F
:1080C0000326410403278104930705001306460095
:1080D0006FF09FE383270100639207029387F4FF09
:1080E000939727009387071493060105B387D7005A
:1080F00083A707EC93D777406FF09FECB79700000A
:1081000083A547752322E100EFE04FA2032741003A
:108110006352050A232201009305000013050400A1
:10812000EFE04F9A631405229387F4FF13070000D2
:108130008326C10063D0D71063080714832701008A
:108140009384F4FF938787FF2320F1009397240003
:1081500093870705B387270083A70700E38007FEFF
:10816000B797000003A5877683250100EF00D01F95
:10817000379700000327477813040500938704000E
:108180002320E10063D407281387040063440734E5
:1081900083278103930601143384E4401386C700C8
:1081A000931727003383D70093060000930700003E
:1081B0006F00C02F930720002322F1006FF01FE112
:1081C000832707006312030263880700B387F54023
:1081D0002320F7009307100093861600130747002B
:1081E000138307006FF05FE0B307F6406FF05FFEA8
:1081F0009387F4FF939727001307010593870714CC
:10820000B387E70003A707EC1377F70723A0E7EC92
:108210006FF09FDF9387F4FF939727001307010503
:1082200093870714B387E70003A707EC1377F703D7
:108230006FF0DFFD9396270093860605B386260030
:1082400083A606009387F7FF3367D7006FF05FEED2
:108250001304140003A7C7FF9387C7FFE30A07FEB1
:10826000832701021307010A13861400B387F40061
:10827000939727003307F70033848400635CC400BE
:10828000930404006FF01FC58327410313041000FB
:108290006FF05FFC832701032328E1000327C1025D
:1082A00093142600B3879700B307F70003A50700D0
:1082B0002322C100EFE05F92032701010326410062
:1082C000930700002320A700130307009306000074
:1082D0008325810163DEF50093070114B3849700C1
:1082E00023A0D40013061600130747006FF01FF9F0
:1082F000139527002328F10083278102832503009B
:108300002324E1043385A70003250500232EC102A1
:10831000232261002322D104EFE00F8C8326410445
:108320009305050013850600EFD0CFFA83270101DE
:1083300003234100032781040326C103930605009C
:10834000938717001303C3FF6FF09FF88327410241
:108350000327C10113050400B385E740EF00D000F7
:10836000B797000083A70776232CA1009385070009
:10837000232EF100EFD09FFB634E0506B797000058
:1083800083A5477803258101EFE00F85EFE0CFFD5E
:10839000EFE09F848325C1019397240093870714FE
:1083A000130701053384E7002320A102EFE0CF8209
:1083B000930505000325810193841400EFE0CFB7F6
:1083C000EFE08FFA832701002320A4EC139424000C
:1083D00093878700032501022320F100130701057D
:1083E000930704143384E700EFE00FF82320A4EC94
:1083F0006FF01FD793972400938707141307010585
:10840000032581013384E7006FF01FFE13972700D7
:10841000232EF10093070114B386E70093070705A5
:108420003387270003250700232CD100EFE0CFFA84
:1084300093050400EFD05FFA8326810183250100B4
:1084400023A0A60013050400EFD01FF98327C10164
:10845000130405009387F7FF6FF0DFD28325030035
:10846000032506002320F102232EE100232C6100C6
:108470002320C1002322D102EFD01FF68326410220
:108480009305050013850600EFD0CFE48327010292
:1084900003260100032381010327C1019306050080
:1084A0009387170013064600130343008325C1007A
:1084B00063C4F500E354F4FA13142400930704147E
:1084C000130601053384C7002320D4F61307F7FFF2
:1084D0006FF0DFCB032741019307200063C0E70261
:1084E0006346E01213050000630A070883270101B1
:1084F0001301011913F577006FE0CFFF0327410146
:1085000093073000E314F7FE9307010F139724003D
:108510003384E70093070400138604009387C7FFA2
:108520006348C01093860400130710001304C4FFAF
:10853000634CD71413050000130410006340941A11
:10854000832741008326010F0327410F6396071AF3
:108550008327810023A0D70023A2E70023A4A7003C
:108560006FF0DFF8939724001307010FB307F700AC
:1085700083A507009384F4FFEFD0CFD5E3D404FEA6
:108580008327410063860700B707008033C5A70033
:108590008327810023A0A7006FF05FF593172400C5
:1085A0001307010FB307F70083A507001304F4FFB7
:1085B000EFD04FD2E35404FE032741009307050098
:1085C00063060700B7070080B3C7A7000327810031
:1085D000930505000325010F2320F7001304010F65
:1085E000EFE08F95930710001304440063D6F40264
:1085F0008327410063860700B707008033C5A700C3
:108600008327810023A2A7006FF05FEE138404008C
:10861000130500006FF01FFA832504002320F100EA
:10862000EFD04FCB83270100938717006FF0DFFB5C
:1086300003A707001306F6FF232EC1002320E10045
:1086400003A7470003250100232CF1009305070031
:108650002326E100EFD00FC893050500232AA100CF
:1086600003250100EFE04F8D8325C100EFD08FC6B9
:1086700083278101832641010326C10123A2A7008C
:1086800023A0D7006FF09FE9832704009386F6FFAD
:10869000232CD1002320F10083274400032501006F
:1086A000938507002326F100EFD0CFC29305050084
:1086B000232AA10003250100EFE00F888325C100D4
:1086C000EFD04FC183274101832681012322A400DB
:1086D0002320F400130710006FF05FE59397240048
:1086E0001307010FB307F70083A507009384F4FF76
:1086F000EFD04FBE6FF09FE403268100B7070080E4
:10870000B3C6D70033C7E700B3C7A7002320D600FE
:108710002322E6002324F6006FF05FDDEFE24FDC5A
:10872000130101FF931715002322B1002326C10076
:1087300093D71700370700321304050063EAE70AEE
:1087400093050500EFD05FC993040500930505006C
:1087500013050400EFD05FC8B797000083A5077921
:108760002320A10013850400EFD01FC7B797000096
:1087700083A54779EFD05FFC93850400EFD0DFC578
:10878000B797000083A58779EFD0CFB49385040015
:10879000EFD09FC4B797000083A5C779EFD0DFF96A
:1087A00093850400EFD05FC3B797000083A5077AD5
:1087B000EFD04FB20326C1002324A10063100604AA
:1087C0009305050013850400EFD01FC1B797000083
:1087D00083A5477AEFD05FF683250100EFD0DFBF96
:1087E0009305050013050400EFD0CFAE1304050078
:1087F00013050400130101016FE0CFCFB79700000C
:1088000083A5477503254100EFD01FBD8325810057
:108810002326A10003250100EFD01FBC930505000E
:108820000325C100EFD05FF193850400EFD0DFBADC
:1088300083254100EFD05FF0B797000083A5877ACA
:108840009304050003250100EFD01FB9930505002F
:1088500013850400EFD05FEE9305050013050400B7
:10886000EFD09FED6FF09FF8EFE28FC7130141FF4C
:10887000931415002322A10093D41400B70680504E
:108880009307050063E4D404B706807F93050500D1
:1088900063EC9600B797000083A5C77A6350A002E7
:1088A000B797000003A5077BEFD0CFA29307050081
:1088B000138507001301C1006FE0CFC3B797000015
:1088C00003A5477BEFD05FE76FF05FFE3707E03E21
:1088D00063FCE4023707003163F4E40237970000D9
:1088E0008325877B2320A100EFD0CF9E3797000000
:1088F00083258776EFD09FA383270100E34AA0FA60
:108900001304F0FF6F004005B707983F63F4F41AB3
:108910003707303F3794000063F4E4169385040072
:1089200013850400EFD00F9B83258476EFD0DFE022
:10893000B797000083A5C77B1304050013850400C7
:10894000EFD04F999305050013050400EFD08FDA9F
:1089500093070500130400009385070013850700A3
:108960002324F100EFD05FA79305050093040500D1
:10897000EFD09FA6B796000083A5867C2320A10098
:10898000EFD09FA5B796000083A5C67CEFD08F944B
:1089900083250100EFD05FA4B796000083A5067D74
:1089A000EFD04F9383250100EFD01FA3B7960000AF
:1089B00083A5467DEFD00F9283250100EFD0DFA184
:1089C000B796000083A5867DEFD0CF908325010068
:1089D000EFD09FA0B796000083A5C67DEFD08F8F04
:1089E00093850400EFD05F9FB796000083A5067EB5
:1089F0009304050003250100EFD01F9EB7960000E9
:108A000083A5467EEFD05FD383250100EFD0DF9CA6
:108A1000B796000083A5867EEFD01FD28325010084
:108A2000EFD09F9BB796000083A5C67EEFD0DFD026
:108A300083250100EFD05F9AB796000083A5067FDB
:108A4000EFD09FCF83250100EFD01F99930505003C
:108A500013850400EFD00F888327810093850700DA
:108A60002320F100EFD05F979306F0FF83270100EA
:108A7000930505006314D40A138507006FF09FE483
:108A80008325847613850400EFD01FCB832584765D
:108A90002320A10013850400EFD0CF8393050500A8
:108AA0000325010013041000EFD0CFC49307050085
:108AB0006FF09FEAB7071C4063F4F404379400009A
:108AC0008325047C13850400EFD01FC78325047C15
:108AD0002320A10013850400EFD01F90B79700005A
:108AE00083A5877613042000EFC0DFFE9305050001
:108AF00003250100EFD00FC0930705006FF0DFE5FD
:108B0000B797000003A5477C938504001304300049
:108B1000EFD04FBE930705006FF01FE4131724003A
:108B2000379400001304C4393304E400832504019E
:108B30002320F100EFD05FC0832701009385070059
:108B4000EFD09FBF9305050003250400EFD0DFBEE3
:108B50000327410093070500E35C07D43707008033
:108B6000B347A7006FF0DFD4EFE28F97131715001C
:108B700093561700135787019307050013840500C8
:108B8000631C070263840608B797000083A5477F2C
:108B9000EFD09F8413577541B746FFFF1377F70F48
:108BA000938606CB130777FE635CD4001355F5015B
:108BB000EF00C0096F00C0029306F00F630ED700EC
:108BC000B7C700009387073563D087021355F501B7
:108BD000EF00C0096F00C00093050500EFC09FEFD4
:108BE000930705006F008002B307E4001307E00F4E
:108BF000E34EF7FC6350F002370780801307F7FF5E
:108C00003377E50093977701B367F7001385070083
:108C10006FE04F8E130780FE63D6E7001355F50112
:108C20006FF01FF9370780801307F7FF3375E500F2
:108C3000379700008325877F938797019397770164
:108C400033E5A700EFD04FF96FF09FF9B7A7000009
:108C5000630A0500379700000325C77F83A50780B7
:108C60006FD08FF703A507806FF05FFFB7A70000F5
:108C7000630A050037A700000325478083A5878086
:108C80006FD08FF503A587806FF05FFF130305009A
:108C9000630E060083830500230073001306F6FFAE
:108CA0001303130093851500E31606FE678000008A
:108CB00013030500630A06002300B3001306F6FF42
:108CC00013031300E31A06FE678000001307000079
:108CD0006316E6001305000067800000B307E50097
:108CE00013071700B386E50083C7070083C6F6FFA6
:108CF000E380D7FE3385D74067800000D00F0000A7
:108D0000D60F00005C0F00005C0F00005C0F00003D
:108D10005C0F00005C0F00005C0F00005C0F0000A7
:108D20005C0F00005C0F00005C0F0000EA0F000009
:108D3000F20F0000F60F0000FA0F0000FE0F000017
:108D400002100000081000000E1000005C0F000070
:108D5000141000001C10000020100000241000005F
:108D6000281000002C1000005C0F000032100000E2
:108D7000122800005A28000062280000B6250000D2
:108D800052280000B6250000B6250000B6250000D8
:108D90001E280000B6250000B6250000B6250000FC
:108DA000B6250000B6250000B6250000B625000057
:108DB00026280000763D00000E3B00000E3B000020
:108DC000BC3D0000CC3D0000DC3D0000EC3D00005F
:108DD0000E3B0000F43D00000E3B0000063E00008C
:108DE0000E3B00000E3E0000163E00001E3E00003E
:108DF0000E3B00000E3B00000E3B00003C3E00001E
:108E00004C3E00005C3E0000C23A00000E3B0000F9
:108E10004C3C00000E3B00000E3B0000103C0000EC
:108E20000E3B00000E3B00000E3B00000E3B00001E
:108E30000E3B0000103C00000E3B00000E3B00000B
:108E40000E3B0000A43B0000383C0000383C000012
:108E5000383C0000383C0000383C0000383C000042
:108E60000E3B0000443C0000963B00000E3B00001F
:108E70000E3B00000E3B00000E3B00000E3B0000CE
:108E80000E3B0000DA3B0000DA3B0000DA3B00005A
:108E9000043C0000043C00000E3B00000E3B0000C0
:108EA0000E3B00000E3B00000E3B00000E3B00009E
:108EB000963B00000E3B0000963B00000E55000064
:108EC000A05500001E5700001E5700001E5700004E
:108ED0001E570000CC5600001E5700001E57000011
:108EE0001E5700005456000076550000BC58000084
:108EF000C8580000CE580000D8580000DE580000C6
:108F0000F2580000045900009A5600009A560000DA
:108F10009A5600001E5900002459000028590000EC
:108F20002C5900009A5600009A5600009A560000EC
:108F30009A5600009A5600009A56000044590000C4
:108F400060590000785900008A59000090590000CB
:108F500094590000985900009E5900009A5600004C
:108F60009A560000A2590000AA590000AE5900000C
:108F700000007A4300007A4300007A430000FA437D
:108F80000000FA430000FA4300A00C4700A00C4781
:108F900000A00C47000048C3000048C3000048C3BD
:108FA0000A000019010000000AD7233C6F12033B9E
:108FB00000007A4400000000000000000000C841EA
:108FC0000000FA43FA0000000000803F000FC93F94
:108FD000000F494000CB9640000FC9400053FB40B2
:108FE00000CB164100ED2F41000F49410031624195
:108FF00000537B41003A8A4100CB9641005CA3417B
:1090000000EDAF41007EBC41000FC94100A0D54139
:109010000031E24100C2EE410053FB4100F2034245
:10902000003A0A420083104200CB164200141D424F
:10903000005C234200A5294200ED2F420036364253
:10904000007E3C4200C74242000F4942A20000009D
:10905000F9000000830000006E0000004E000000D8
:10906000440000001500000029000000FC00000082
:109070002700000057000000D1000000F5000000AC
:1090800034000000DD000000C0000000DB00000034
:109090006200000095000000990000003C00000004
:1090A000430000009000000041000000FE000000AE
:1090B0005100000063000000AB000000DE00000073
:1090C000BB000000C500000061000000B700000008
:1090D000240000006E0000003A0000004200000082
:1090E0004D000000D2000000E0000000060000007B
:1090F000490000002E000000EA0000000900000006
:10910000D1000000920000001C000000FE000000E2
:109110001D000000EB0000001C000000B10000007A
:1091200029000000A70000003E000000E800000049
:109130008200000035000000F50000002E00000055
:10914000BB0000004400000084000000E9000000B3
:109150009C0000007000000026000000B400000029
:109160005F0000007E0000004100000039000000A8
:1091700091000000D60000003900000083000000CC
:109180005300000039000000F40000009C000000C3
:10919000840000005F0000008B000000BD000000A4
:1091A000F9000000280000003B0000001F00000044
:1091B000F800000097000000FF000000DE00000043
:1091C00005000000980000000F000000EF00000004
:1091D0002F000000110000008B0000005A0000006A
:1091E0000A0000006D0000001F0000006D0000007C
:1091F000360000007E000000CF00000027000000C5
:10920000CB00000009000000B70000004F00000084
:10921000460000003F000000660000009E000000C5
:109220005F000000EA0000002D0000007500000053
:1092300027000000BA000000C7000000EB0000009B
:10924000E5000000F10000007B0000003D00000090
:109250000700000039000000F70000008A0000004D
:109260005200000092000000EA0000006B000000C5
:10927000FB0000005F000000B10000001F000000C4
:109280008D0000005D000000080000005600000096
:10929000030000003000000046000000FC00000059
:1092A0007B0000006B000000AB000000F00000003D
:1092B000CF000000BC000000200000009A00000069
:1092C000F4000000360000001D000000A9000000AE
:1092D000E300000091000000610000005E0000005B
:1092E000E60000001B000000080000006500000010
:1092F00099000000850000005F00000014000000DD
:10930000A000000068000000400000008D00000088
:10931000FF000000D8000000800000004D000000A9
:10932000730000002700000031000000060000006C
:10933000060000001500000056000000CA000000F2
:1093400073000000A8000000C900000060000000D9
:10935000E20000007B000000C00000008C00000064
:109360006B0000000400000007000000090000007E
:109370000000C93F0000F0390000DA370000A233D6
:109380000000842E0000502B0000C2270000D022D5
:109390000000C41F0000C61B000044173863ED3EE8
:1093A000DA0F493F5E987B3FDA0FC93F6937AC312E
:1093B00068212233B40F14336821A23374CEFFFF27
:1093C000FCCEFFFF80CEFFFFFCCEFFFF88CEFFFF6D
:1093D000FCCEFFFF80CEFFFF74CEFFFF74CEFFFFF9
:1093E00088CEFFFF80CEFFFF50CEFFFF50CEFFFFA5
:1093F00050CEFFFF88CEFFFF0001020203030303EC
:109400000404040404040404050505050505050514
:1094100005050505050505050606060606060606F4
:1094200006060606060606060606060606060606DC
:1094300006060606060606060707070707070707C4
:1094400007070707070707070707070707070707AC
:10945000070707070707070707070707070707079C
:10946000070707070707070707070707070707078C
:109470000707070707070707080808080808080874
:10948000080808080808080808080808080808085C
:10949000080808080808080808080808080808084C
:1094A000080808080808080808080808080808083C
:1094B000080808080808080808080808080808082C
:1094C000080808080808080808080808080808081C
:1094D000080808080808080808080808080808080C
:1094E00008080808080808080808080808080808FC
:1094F00008080808080808080D0A00006572726F5D
:10950000723A00006F6B0D0A000000005B5052427F
:109510003A000000414C41524D3A00005B4D534728
:109520003A000000526573657420746F20636F6E9B
:1095300074696E756500000049646C650000000088
:1095400052756E00486F6C643A0000004A6F670005
:10955000486F6D6500000000416C61726D00000095
:10956000436865636B000000446F6F723A0000004F
:10957000536C6565700000007C4D506F733A0000BD
:109580007C57506F733A00007C42663A000000003E
:109590007C46533A000000007C506E3A0000000008
:1095A0007C57434F3A0000007C4F763A00000000A1
:1095B0007C413A00436865636B20446F6F72000022
:1095C000536C656570696E670000000052657374C6
:1095D0006F72696E67207370696E646C650000005D
:1095E00050676D20456E64000D0A4772626C203131
:1095F0002E3168205B27242720666F722068656CF7
:10960000705D0D0A00000000436865636B204C69C3
:109610006D69747300000000272448277C272458B4
:109620002720746F20756E6C6F636B005B484C5025
:109630003A242420242320244720244920244E2077
:1096400024783D76616C20244E783D6C696E6520EF
:10965000244A3D6C696E652024534C5020244320DD
:109660002458202448207E2021203F206374726CDF
:109670002D785D0D0A0000005B47433A470000006B
:1096800033382E0020470000204D000020540000F9
:10969000204600002053000044697361626C6564D9
:1096A00000000000456E61626C6564004361757482
:1096B000696F6E3A20556E6C6F636B6564000000D5
:1096C0005B47000032380000333000005B4739321E
:1096D0003A0000005B544C4F3A0000005B56455284
:1096E0003A312E31682E32303139303833303A0049
:1096F0005B4F50543A000000526573746F72696E8C
:10970000672064656661756C74730000244E000008
:10971000000000806042A20DDB0F4940DB0F49C012
:10972000DB0FC9BFDB0FC93FDB0F493FDB0F49BF71
:1097300000004040000040C02EBD3B332EBDBB3377
:10974000800FC93F434435370044353708A3852E81
:1097500084F9223F0000003F00A3852E32318D2482
:10976000000080430000903E0000803F4ED747AD90
:10977000F6740F317CF29334010DD037610BB63A99
:10978000ABAA2A3D0000803B0000003E00000041E3
:10979000D3C92E2F342FD7321BEF3836010D503955
:1097A0008988083CABAA2A3EABAA2ABE6821A2330C
:1097B000DA0FC93FDA0FC9BFCAF249710000004091
:1097C0000000C03F000080BFD769853C59DA4B3D9F
:1097D000356B883D6E2EBA3D2549123EABAAAA3E96
:1097E00021A215BD6BF16E3D95879D3D388EE33D01
:1097F000CDCC4C3E0000004C0000003300008080C7
:1098000000008000FFFF7FFFFFFF7F7F0AD7233C20
:109810009976967E00007E430000C84200002041F9
:109820008B42213D00006145CDCCCC3D3EC32E395D
:109830000000A03F50A92B4F0000A0410000804035
:10984000EFFF7F3FEFFF7FBF0000C0BF0000A040E1
:1098500000007F433333CB410AD7A33B6F12833AD7
:10986000BD3706B5DB0FC940BD3706350000704275
:00000001FF
