:020000040000fa
:0200000400807a
:0400000080048000f8
:020000040000fa
:0200000400807a
:1004800041ee04800500f08001ff07800500e08058
:100490000100008085000080007600004e0000a66c
:1004a000010000808500008021e801c225e801c22a
:1004b0000001000191080094010000800500008007
:1004c00000290000260000aac10800c225e801c0da
:1004d00021e801c05900009700010000f2cf2f90e1
:1004e000a24d00d4003800006e0000a601cf0980a4
:1004f000850000804a0000ae0100008005000080f9
:10050000003900004a0000a601001088820200d4d1
:10051000420200d411000080050000800039000074
:100520002a0000a68a0b00df825700d40100008059
:1005300005000080003900008a0000a6010000804c
:10054000050010809577009451770094e23b01df1d
:10055000e25700d402720000030000fa01720000aa
:10056000900300008a0200aea16100000060b98320
:100570000060c9833e00c0c54e0000a60e000ad62a
:10058000aa0100ae0e00c0c58e0000a61b760000ba
:1005900002000bd80d0ca088ea0000ae1e00c0c5fa
:1005a0000a0000a61b76000002000bd8086ca98385
:1005b00039740000c60399ed0260a9e54efdffa65f
:1005c00001720000e28e04d401720000810000bfbd
:1005d00002262226f01ff11ff21ff31ff41ff51f42
:1005e000f61ff71f0026102620263026402650260c
:1005f00060267026610900c0822f01d4702e602e03
:10060000502e402e302e202e102e002e7f1d6f1dbe
:100610005f1d4f1d3f1d2f1d1f1d0f1d222e022e62
:10062000810000bd00720000810000bf022622266a
:10063000f01ff11ff21ff31ff41ff51ff61ff71f26
:1006400000261026202630264026502660267026ba
:10065000650900c0a24501d4702e602e502e402e98
:10066000302e202e102e002e7f1d6f1d5f1d4f1d62
:100670003f1d2f1d1f1d0f1d222e022e810000bdac
:1006800000720000810000bf02262226f01ff11f29
:10069000f21ff31ff41ff51ff61ff71f0026102689
:1006a000202630264026502660267026e10900c10b
:1006b000c52400a7c2b403d4702e602e502e402e45
:1006c000302e202e102e002e7f1d6f1d5f1d4f1d02
:1006d0003f1d2f1d1f1d0f1d222e022e810000bd4c
:1006e00000720000810000bf02262226f01ff11fc9
:1006f000f21ff31ff41ff51ff61ff71f0026102629
:10070000202630264026502660267026e50900c0a7
:10071000052100a742e602d4702e602e502e402ef6
:10072000302e202e102e002e7f1d6f1d5f1d4f1da1
:100730003f1d2f1d1f1d0f1d222e022e810000bdeb
:1007400000720000810000bf02262226f01ff11f68
:10075000f21ff31ff41ff51ff61ff71f00261026c8
:10076000202630264026502660267026b50900c077
:10077000627004d4702e602e502e402e302e202e0b
:10078000102e002e7f1d6f1d5f1d4f1d3f1d2f1d45
:100790001f1d0f1d222e022e810000bd00720000c1
:1007a000810000bf02262226f01ff11ff21ff31f57
:1007b000f41ff51ff61ff71f0026102620263026ef
:1007c0004026502660267026b90900c0826d04d4e8
:1007d000702e602e502e402e302e202e102e002ee9
:1007e0007f1d6f1d5f1d4f1d3f1d2f1d1f1d0f1de9
:1007f000222e022e810000bd00720000000002f2d5
:10080000030000fa307600003a0000a8020000d889
:10081000000101722e72f81fe1ff0f86d1ff1f86c3
:100820008a10008a420000bd0a00008aa20000bcb3
:10083000e1ff0f84d1ff1f8402100080e1ff0f86cb
:100840008a0800aed1ff2f8421060000e1ff1f843b
:10085000100600000100008085e32180123d0000a9
:100860004e0000a6421000d48afeffae4800e8a366
:10087000220088e90800f2a3826bf04100390000f1
:10088000ce0000a628390000aa0c00a628390000d6
:10089000060600aa383900006a0c00a6f1410139a9
:1008a000ee0000a6120088e9083900002a0c00a614
:1008b0005600048606200488e1ff2f86aa0400aeb5
:1008c0000100008085e32380123d00004e0100a658
:1008d000013d0000ce0400a618390000ea0a00a677
:1008e000083900000a0b00a6283900002a0200a6d9
:1008f000383900004a0300a601000080056120800d
:10090000800031e1303d0000860000aa0100008037
:1009100085e33380033d00000e0400a6120088e941
:10092000083900000a0a00a6560000860600008862
:100930004af8ffae460000860100008245001282a0
:10094000061000840100008285e2118206100284f4
:10095000e1ff1f86e1ff0f848f1d0372017200000b
:100960004600008601000082450016828afeffae26
:1009700018390000ca0600a608390000ca0600a6f9
:1009800028390000ca0600a6383900004efbffa631
:100990004600048606200488eaf8ffae220038e903
:1009a000033900008a0000a602610000660100868b
:1009b000013d0000a60000aae1ff1f84d1ff2f84a3
:1009c0008a200084821500d4220500d4e1ff0f861e
:1009d000183900006a0100a608390000aafbffa62a
:1009e0002839000046000286e1d2bb82b58301822d
:1009f000ea0000a6e1ff2f840201008006100280b9
:100a00006afaffaee1ff1f84061002880afaffae01
:100a1000e1ff2f8402010080860002808af9ffae88
:100a200046000086aaf0ffae460002860610028845
:100a3000eaf8ffae56000486eaf3ffae66000086d1
:100a400006000088aaefffae660002860af8ffae35
:100a5000560104860af3ffae66010086eaeeffae99
:100a6000460002864af7ffae560000866aeeffaee9
:100a70002e72f81ff91f0000d1ff0f86010600003b
:100a80004800f9a38103f841f1ffff8075600280ff
:100a9000803d0000e20100ae0a00008a420100bd74
:100aa000a1fd9082c5e311820100008285030082ce
:100ab00082000080d1ff0f86093900004a0000a69d
:100ac00006000088d1ff0f86d1ff0f849f1d8f1d68
:100ad00003720172f1ffff80d5e20180803d0000ca
:100ae000a60100aef9e30f8ff1ffff8075c12180f1
:100af000823d0000260300ae0100008085e30380f4
:100b0000106901390efeffa6d1ff1f8486100084f4
:100b1000c1ff0f868afdffaee20a00d4f1ff7f809d
:100b200095e30180803d0000e60500aef1ffff8007
:100b300025e30180803d000016000286860400ae99
:100b40000200048006110280260004860220008034
:100b50008a000084d1ff0f8609000088d1ff0f842e
:100b6000060002848610048451c2ca8275e10182a3
:100b700006010084d1501f8215e2318202300080cc
:100b80000620008491aaaa82a5e231820230008068
:100b9000061000847124a182d5e115820611028419
:100ba00081a9cc8245e2318286300280862002848f
:100bb00002100080d1ff1f8406100084003900005d
:100bc000a60300a886000280d1ff1f86caf7ffaee9
:100bd00006100480021000800a010084d1ff0f86f5
:100be00019000088aafbffaef1ffbf80150002804c
:100bf000803d0000460100ae01000082c5e3118285
:100c00000610048006100084160002860210008080
:100c10000a010084d1ff0f8629000088eaf9ffae9f
:100c200016000286061002888a000284d1ff1f8601
:100c3000390000882af9ffae20240000333b0184ec
:100c400010610000f33a0188026100000020108466
:100c500006100080d1ff1f84061000800020118440
:100c600086000280d1ff1f8609390000caf2ffa664
:100c7000061002888afaffae1e720006f041f009e3
:100c80000004037201720000420000d45200008e82
:100c9000000601722e720000f1ff0f8600060000b0
:100ca0007f14e0f9560910c5a20100a80039000020
:100cb000a60100a8060002880100008205432282e6
:100cc00082200080d60710c5220100a8e1ff0f8610
:100cd00066010086f1ff1f8486000284f1ff1f86f3
:100ce000f1ff0f8403720172f1ff1f844afeffae11
:100cf000062000800610008082000280f1ff1f861f
:100d00000100008205e311820a10008a420100ba44
:100d100016000086f1ff1f8486000280f1ff1f8607
:100d200000390000c6fdffa8f1ff0f84060000880f
:100d3000f1ff0f864afdffae0100008205e3158238
:100d40000a10008ac2feffb416000086f1ff1f845d
:100d5000820002802afeffae1e720000f1ff0f86a5
:100d6000010601030100008085e32380400032e991
:100d7000323d0000ce0000a606000084f1ff1f8473
:100d800082000280f1ff1f86f1ff0f84037201725f
:100d900001390000a20100a82103f241023900003c
:100da0002affffa601390000060100a8833b01804d
:100db0001902108800040183f1ff1f84861000804f
:100dc0000a000084f1ff0f86eafdffae71210139b0
:100dd000ee0000a600610000120031e10100008079
:100de0008500208020690239ea0400a6117b0000fa
:100df000f60311e5f1ffff80750020800269704362
:100e0000120021e9023900001a0000a60061112039
:100e10000061000001000080050130800900208889
:100e20000900608899014088c00056e1503d0000eb
:100e3000420000a8c00065e105652361006113223e
:100e400021ff4fb8003900003a0100a616000086c5
:100e500001262482a5611082061004800a01008afe
:100e6000720000b8021002808a00008a020100baf3
:100e7000227412200100008005e3018020617125a9
:100e800012610104eaf9ffae130300002afaffae73
:100e900012740240dafeffae020000ccf81ff91f08
:100ea000fa1ffb1ffc1ffd1fd40300000100a088d8
:100eb000061044f50920c088ba2c00004801f8a3a8
:100ec00009009088b86a0000000184e1400195e3c0
:100ed0004800f6a3121066f5686b796b000080e19c
:100ee000400091e3080319030a380000c60200a875
:100ef000800142e1c00153e3243d353f060200aecc
:100f0000ab020a386a0000a819000088090010889e
:100f1000086b196b01fdcfb80a380000260000a845
:100f2000426153630d3900002e0000a6040315032f
:100f3000df1dcf1dbf1daf1d9f1d8f1d0172000046
:100f40001200abe0dafdffae800142e5c00153e7dd
:100f5000623d733f07000098260000aa0300009836
:100f6000c002a6e4dafcffae190040886af9ffaec1
:100f7000090040882af9ffaef81f0039013b000044
:100f8000c60100a8007b0000020011ef1900808854
:100f90000239033b660000a8227b0000020033ef09
:100fa0000900808802feffd4083900004a0000a62c
:100fb000007b0000020011ef8f1d01720900808884
:100fc0000239033be6feffa8227b0000020033ef5c
:100fd000190080886afeffaef81f0239033b00004b
:100fe000460000a8227b0000020033ef0900808841
:100ff0000039013b660000a8007b0000020011eff1
:101000001900808842fbffd4083900004a0000a67e
:10101000007b0000020011ef8f1d0172f81ffa1f04
:10102000fc1f0000010000800500a0802a200a3972
:10103000aa0000a601000080050080800060c8832f
:101040000e000cd6a1ffafb8cf1daf1d8f1d0172d2
:10105000f81ffa1ffc1f0000010000800500a0809f
:101060002a200a390affffa60100008005008080bf
:101070004afeffae0900508812740000210020b81b
:10108000020000cd48e1308215740000120041e5f5
:1010900048e14482080034bd0affffa6037f447f75
:0410a0000465017270
:020000040000fa
:0200000400807a
:10000400fc078000fc078000fc078000fc078000e0
:10001400fc078000fc078000fc078000fc078000d0
:10002400fc078000fc078000fc078000fc078000c0
:10003400fc078000fc078000fc078000fc078000b0
:10004400fc078000fc078000fc078000fc078000a0
:10005400fc078000fc078000fc078000fc07800090
:10006400fc078000fc078000fc078000fc07800080
:10007400fc078000fc078000fc078000fc07800070
:10008400fc078000fc078000fc078000fc07800060
:10009400fc078000fc078000fc078000fc07800050
:1000a400fc078000fc078000fc078000fc07800040
:1000b400fc078000fc078000fc078000fc07800030
:1000c400fc078000fc078000fc078000fc07800020
:1000d400fc078000fc078000fc078000fc07800010
:1000e400cc05800028068000fc078000fc07800007
:1000f400fc078000fc078000fc078000fc078000f0
:10010400fc078000fc078000fc078000fc078000df
:10011400fc078000fc078000fc078000fc078000cf
:10012400fc078000fc078000fc078000fc078000bf
:10013400fc078000fc078000fc078000fc078000af
:10014400fc078000fc078000fc078000fc0780009f
:10015400fc078000fc078000fc078000fc0780008f
:10016400fc078000fc078000fc078000fc0780007f
:10017400fc078000fc078000fc078000fc0780006f
:10018400fc07800044078000a0078000fc07800073
:10019400fc078000fc078000fc078000fc0780004f
:1001a400fc078000fc078000fc078000fc0780003f
:1001b400fc078000fc078000fc078000fc0780002f
:1001c400fc078000fc078000fc078000fc0780001f
:1001d400fc078000fc078000fc078000fc0780000f
:1001e400fc078000e4068000fc078000fc07800018
:1001f40084068000fc078000fc078000fc07800068
:10020400fc078000fc078000fc078000fc078000de
:10021400fc078000fc078000fc078000fc078000ce
:10022400fc078000fc078000fc078000fc078000be
:10023400fc078000fc078000fc078000fc078000ae
:10024400fc078000fc078000fc078000fc0780009e
:10025400fc078000fc078000fc078000fc0780008e
:10026400fc078000fc078000fc078000fc0780007e
:10027400fc078000fc078000fc078000fc0780006e
:10028400fc078000fc078000fc078000fc0780005e
:10029400fc078000fc078000fc078000fc0780004e
:1002a400fc078000fc078000fc078000fc0780003e
:1002b400fc078000fc078000fc078000fc0780002e
:1002c400fc078000fc078000fc078000fc0780001e
:1002d400fc078000fc078000fc078000fc0780000e
:1002e400fc078000fc078000fc078000fc078000fe
:1002f400fc078000fc078000fc078000fc078000ee
:10030400fc078000fc078000fc078000fc078000dd
:10031400fc078000fc078000fc078000fc078000cd
:10032400fc078000fc078000fc078000fc078000bd
:10033400fc078000fc078000fc078000fc078000ad
:10034400fc078000fc078000fc078000fc0780009d
:10035400fc078000fc078000fc078000fc0780008d
:10036400fc078000fc078000fc078000fc0780007d
:10037400fc078000fc078000fc078000fc0780006d
:10038400fc078000fc078000fc078000fc0780005d
:10039400fc078000fc078000fc078000fc0780004d
:1003a400fc078000fc078000fc078000fc0780003d
:1003b400fc078000fc078000fc078000fc0780002d
:1003c400fc078000fc078000fc078000fc0780001d
:1003d400fc078000fc078000fc078000fc0780000d
:1003e400fc078000fc078000fc078000fc078000fd
:1003f400fc078000fc078000fc078000fc078000ed
:10040400fc078000fc078000fc078000fc078000dc
:10041400fc078000fc078000fc078000fc078000cc
:10042400fc078000fc078000fc078000fc078000bc
:10043400fc078000fc078000fc078000fc078000ac
:10044400fc078000fc078000fc078000fc0780009c
:10045400fc078000fc078000fc078000fc0780008c
:10046400fc078000fc078000fc078000fc0780007c
:0c047400fc078000fc078000fc078000f3
:020000040000fa
:02000004007f7b
:04303000ff7fffff20
:020000040000fa
:02000004007f7b
:04383000ff7fffff18
:020000040000fa
:02000004007f7b
:04301000dfffffffe0
:020000040000fa
:02000004007f7b
:04381000dfffffffd8
:020000040000fa
:0200000400807a
:1010a40001da0480050000800f730000090c008839
:1010b4002337018403000080023803d40e0000c5e6
:1010c4002a0000a6017200001f000080626401d49f
:1010d4008affffae733a0184f33601808ac902aef7
:1010e4000601ffe1f81ff91ffa1ffb1ffc1ffd1f7c
:1010f400fe1f80269026a0268003000001d60480cf
:1011040005000080ff720000090c0088833601840a
:1011140011d6048005002080af720000086c218382
:10112400b17600000820e8824e02e0c54a0100a61c
:10113400030000808ffaf0fd0ffbf0fd0100a08892
:101144009a020000030000984ffbf6fdcffbf6fd6a
:101154008ffbf6fd2a2500ae070000848335018c41
:101164001f0031fd030000802f0030fd0f000080c0
:101174008ffaf0fd3b00e8fc0ffbf1fdeafdffae4a
:10118400e605b0c586c300aebb2d0000000000001c
:1011940002000bd62a1100ae0a1100aeea1000ae0e
:1011a400ca1000ae6a0d00ae6ac200ae4ac200aefa
:1011b4002ac200ae0ac200aeeac100ae8a0a00ae7c
:1011c400aac100ae8ac100ae6ac100ae4ac100ae77
:1011d4002ac100ae0ac100ae2a1300ae0a1300ae43
:1011e400ea1200aeca1500aeaa1500ae4ac000ae9f
:1011f4002ac000ae0ac000aeeabf00aecabf00ae4d
:10120400aabf00ae4a0800ae6abf00ae0a0800ae2c
:101214002abf00ae0abf00aeeabe00aecabe00ae30
:10122400aabe00ae8abe00ae6abe00ae6a0c00aeb4
:101234002abe00aeaa1700aeeabd00aecabd00ae1b
:10124400aa1300ae8abd00ae6abd00ae4abd00aeb0
:101254002abd00ae0abd00aeea1200aecabc00aea2
:10126400aabc00ae8abc00ae4a0700aeca1400aee7
:10127400aa1400ae8a1400ae6a1400ae4a1400ae7a
:101284002a1400ae8abb00ae8a1400ae4abb00ae7c
:101294002abb00ae0abb00aeeaba00aecaba00aec0
:1012a400aaba00ae8aba00ae6aba00ae4aba00aeb2
:1012b4002aba00ae0aba00aeeab900aecab900aea4
:1012c400aab900ae8ab900ae6ab900ae4ab900ae96
:1012d4002ab900aeca0700aeeab800aecab800ae7a
:1012e400aab800ae8ab800ae6ab800ae4ab800ae7a
:1012f4002ab800ae0ab800aeeab700aeaa0a00ae39
:101304008a0a00ae4a0000aeea0b00aeca0b00ae79
:1013140000380000eeb800a68bfb4ffc0e0040c561
:101324006eb600a68335018c08043c83ce01c0c58b
:101334008a0300a6ee01c0c5aa0300a6ce05c0c557
:10134400aa0200a608002082070000908ffbf4fd8b
:10135400ca0400ae8335019408045c83ce01c0c581
:10136400aa0000a6ee01c0c56a0000a6030000881a
:10137400ce05c0c56e0300a6013800004a0000a6d1
:10138400a13800008eb300a683350184080710e15c
:1013940009000088ba0200ae070000988ffbf6fd32
:1013a4002affffae0700009c8ffbf7fdcafeffaecd
:1013b400070000ac8ffbfbfd6afeffae8bfb3ffc1e
:1013c4000e0030c54eb100a60b0000908ffbf4fd5b
:1013d400833501941f005cfd070000886e02d0c5b0
:1013e4000a0100a6013800004eb300a6027f197e50
:1013f400014d0000ee0900a619001088440000ad5c
:101404004a0f00ae420110e4e60110c446af00ae3c
:10141400117e00001140008015002280124d000052
:10142400aaae00a63733ff87011600003f10f0f97b
:101434006e0300e41f0050fd190000887afdffae22
:101444001a01cce4833501985f006cfd0b00008821
:101454008afcffae00380000ae0000a6ae01cce46a
:101464008335019c4f007cfd39000088fafbffaef8
:10147400a03800000eac00a6ae05c0c5caab00a6dd
:10148400490000883afbffae7b0100800800cce4f1
:10149400833501ac2f00bcfd170000882afaffae8b
:1014a400570000800800cce4833501803f000cfd28
:1014b4001b0000886af9ffae8bfb3ffc0e0030c5b1
:1014c4006ea900a61e03c0c52a0100a6a03800000c
:1014d4002ea900a607000080833501986f0060fde7
:1014e400890000880f00009c8ffbf7fdfaf7ffae20
:1014f400833501906f0043fd890000880f0000943c
:101504008ffbf5fd3af7ffae6a03cce4833501acfb
:101514007f00bcfd270000884af6ffae00380000bb
:10152400aea600a6a90000881af6ffae1f00008828
:101534008af5ffae570000880aa600ae0038000006
:101544008ea800a6ee01c0c566a500ae19000088ed
:101554000400bbad71000080050002800b690039f6
:101564004e0200a60b030000023000c9003900003f
:10157400ee0c00a68203bbe90b390000caa300a647
:101584004e00c0c52a0b00a65e00c0c58a0b00a68b
:10159400c90010883e00c0c50e0200a643000080aa
:1015a4008335018caf0030fd8a0100ae0e00c0c54a
:1015b400ca0000a6b90010881e00c0c5ea0000a633
:1015c400833501888f002cfd6a0000ae0f00008077
:1015d400833501848f0010fdb9001088097e104df9
:1015e4008efaffa619000088040010ad906a00006e
:1015f4008bfa0ffc107f000048e0e8820e00e0c583
:101604006a1500a61e001ee49e0110c5869e00ae4b
:101614001a0000e08ffaf0fdc6012fe586011fe5f0
:1016240008030000e2d103d40e0000c5ca9d00a641
:1016340091fe8f845280008e5a00008e5200008edc
:101644000c0600000800dc82bc7f0b040a00008e3c
:101654000604008001008082c50212820610008404
:1016640062b1ffd45200008e000610027e04e0c571
:101674006ad8ffa6de04e0c50af6ffa6ee7d0000e8
:101684006600eee54601e0c5669b00aeee2d000067
:101694000000000002000ed6aa0500aeca9a00aef1
:1016a400aa9a00ae8a0600aeea0700aeaa0800ae07
:1016b4006a0900ae0a9a00aeaa0900aeca9900ae41
:1016c4004a0a00ae8a9900ae8a0a00aeea0a00ae5f
:1016d4004a0b00ae0a9900aeea9800aeca9800ae72
:1016e400ca0b00ae8a0c00ae4a0d00ae8300008027
:1016f40083350190af0040fdc9001088eaf6ffaec3
:101704000300008083350194af0050fd4affffae13
:101714008e00c0c58a0000a69e00c0c50a0100a6ae
:10172400d9001088aaf5ffae833501989b0006fd09
:10173400604200008335019c9f0070fd0affffaeec
:1017440003000080833501ac9f00b0fd8afeffae2c
:10175400b335018000048086090010880a7e104d8c
:101764004e9600a6660100860a04008a420100b66d
:10177400130000882a9400aec335018400048186d6
:101784004bfb3ffc034200004ffbf3fd19001088a4
:101794000a7e104dae9400a619000088040010ad16
:1017a400a06a00004af2ffaed3350190000484869b
:1017b4004bfb5ffc154200004ffbf5fd2900108830
:1017c4006afeffaee3350198000486864bfb7ffc7e
:1017d400274200004ffbf7fd390010888afdffae59
:1017e400833501accf01bcfd490010880afdffae72
:1017f400028000865200008e000600000336018439
:1018040000041083590010888afaffae1336018c45
:1018140000048386690010880afaffae233601901b
:1018240000048486790010882afbffae33360194c5
:1018340000048586890010880af9ffae0100f08251
:10184400750302820a04008a828e00b483350198eb
:101854000f036cfd990010880af8ffae5336019c03
:1018640000048786cbfbbffc0b420000cffbfbfdd3
:10187400a9001088caf8ffae633601800004808690
:10188400cbfb3ffc13420000cffbf3fdb9001088f3
:10189400eaf7ffae7336019000048486cbfb5ffc4d
:1018a40025420000cffbf5fdc90010880af7ffae02
:1018b400cbfb3ffc0e0030c5aa0000a68bfb4ffcff
:1018c4000e0040c54e0000a60b0000948ffbf5fdf2
:1018d40002020ae800380000ea0000a66f0000884f
:1018e40003360184002011830168898095000080fb
:1018f400103d0000228800a80bfb2ffc0e0020c521
:101904000a0a00a612000ae85b00008800380000fa
:101914004a8700a68335018c3b0003fc1e0000c5ea
:101924002a0800a60a020000021000c800380000bd
:101934006e0000a63336018cb33601900024348344
:1019440083350194082015824e0010c58a0c00a628
:10195400833501985b0086fc0e0080c5ea0c00a666
:10196400030000b80b0000b41e0080c56a0000a686
:1019740008008e820800ed82070000b48335019cc4
:101984003b0007fc1e0000c50a0c00a68bfbbffc35
:101994003e00b0c5ca0d00a6233701ac0020bb83ae
:1019a4006b080000333701800020008370080000ba
:1019b400433701880020228382080902022000c8dc
:1019c400003800000a0100a68335018c7b0003fc6b
:1019d4006e0000c5e60c00ae833601906b0024fc5b
:1019e400080002bdae0c00a6ae0010c58a0d00a60c
:1019f400ce0510c5aa1600a68bfb7ffc3e0070c561
:101a04008a2600a6cbfbbffc0e00b0c52a2600a682
:101a1400833501804b0040fc6b7f00004903208824
:101a2400090000888a2800aeb335019000200484a0
:101a34003133b382c5011282061000840004048687
:101a44000af7ffae833501942b0005fc1e0000c588
:101a54004a0200a68336019c1b0077fc0e0070c569
:101a64000ef6ffa612000ae8003800000a0300a6da
:101a7400833501ac3b000bfc1e0000c52ef5ffa610
:101a8400b3350180002000843133b382c501128252
:101a940006100084000400864af4ffae8bfb6ffc42
:101aa4002e0060c5eef3ffa61b0005fc0e0500c565
:101ab4008af3ffa60e0000c54af3ffa612000ae847
:101ac4005b00008800380000cef2ffa66a7900ae01
:101ad400b3350184c3360188002412832af2ffae91
:101ae40006000ae8003800004a0000a66a40000028
:101af400eaf2ffae730000880a7800ae0800d882cc
:101b04000b0000a0070000b88af3ffaecbfb4ffc2c
:101b1400347f0000090000884a0000ae1074303998
:101b24004af3ffa6207e234d8affffa6080022a4c5
:101b34008335019425610000d10002843133b382de
:101b4400c501128206100084d10002866afeffae2f
:101b5400833501986b0006fc1e0000c5cef1ffa67c
:101b640097000088cbfb7ffc4e0070c54af1ffa6ae
:101b74004a7400ae770000880a7400ae86021fe53e
:101b8400c2e102d40e0000c56a0000a683350194a8
:101b9400082015828af2ffae1f000088ea7200aea8
:101ba400cbfb6ffc0e0060c50a0500a606010ae81f
:101bb40000380000eaf9ffa61336019c00200784d0
:101bc4005200008e5a00008e5200008e0006000063
:101bd400080010826e0000c5c6fcffae833501ac60
:101be400cb013bfc4e0130c5ea0000a6530000883f
:101bf4002e0030c52e7000a63a020000020830c83c
:101c040003380000ae6f00a6f202aaec0e0010c565
:101c14000a0200a61a0000e4cffaf0fdc3350184dd
:101c2400cbfa0ffca2dc02d40e0000c54afbffa6cf
:101c340083350184cb0151fccbfb4ffc347f000086
:101c440049032088090000882a0200ae6b0000883e
:101c54004a6d00ae833501807b0000fccafdffaef7
:101c64008336019c800047e1a1ff04840020248482
:101c7400062000800610008071ff01862e0000c53a
:101c84008a0100a610744274303900002a0700a6a5
:101c9400107e134d6affffa683350198800016e17c
:101ca400002011844e0150c5aafdffa671ff1186c4
:101cb4008afeffae833701ac00201b84061000802f
:101cc400e3350180000400864a0500aecbfb3ffcef
:101cd4000e0030c5aafbffa6337f0000490310881d
:101ce40009000088ea0000ae400024e18336019434
:101cf400400045e10024248310744174303900000d
:101d04004a0300a6207e000083350190234d000085
:101d1400aafeffa6400024e183360198400056e164
:101d24004603bfe5080027a47b61c774a1ff0584af
:101d34000020178406100080002012840610008002
:101d4400000402862e0000c56efdffa683370180c5
:101d5400002010840610008073360184000401867c
:101d64000300008ccffaf3fd4a0000ae0300009894
:101d7400cffaf6fd833501ac1b000bfc0e0500c544
:101d84000a6500a68bfbbffc2e00b0c56a1300a633
:101d94000bfbbffc0e00b0c5ea2f00a6e601aaecbf
:101da4008bfb3ffc0e0030c54a0000a6ff8fff836b
:101db400a0680000930000880a380000ee6100a6c5
:101dc40046034fe52f720000090c4088c4760000da
:101dd4000e00b0c56a2e00a662fb9fc943000088ae
:101de40009390000ae6000a68335019408200582fd
:101df4005e0300c54a0000a60e0000c5ee5f00a603
:101e0400c1da0480050060800020068441fe0f864c
:101e1400833601849b0001fc8b0011fc080001eb5c
:101e24004ff9f0fd8335018446030fe5a20f04d476
:101e3400080020820e0000c50e5e00a6f336018065
:101e44005336018c0020338300040383033701805d
:101e54006336019000204483000404831337018017
:101e64007336019400205583000405836a5c00ae38
:101e74005e0310c5aa0500a683350194800035e1f0
:101e8400002013840e0040c56e0400a646035fe5df
:101e940008002ba4b561cb747b030000833601ac2e
:101ea40080005be10020078400202584022000805c
:101eb40002100080000403862e0000c56e0300a6f5
:101ec40083370180002010848200008073360188eb
:101ed40000040286ee0110c5ea0300a65e0310c5e5
:101ee400aa0700a6ce0110c50a0500a6833501acd9
:101ef4001b000bfc0e0500c5ae0700a6cbfb5ffc68
:101f04000e0050c5ee5800a60bfbbffc0300009862
:101f1400cffaf6fdeaf3ffae8336019c800057e169
:101f2400a1ff05840210008000040386107442742b
:101f340030390000eafcffa6307e364d8ef9ffa64c
:101f440083350194800035e18336019c800057e19c
:101f5400a1ff05848afeffaec33501841f00008003
:101f6400c2c202d40e0000c56ae1ffa6cbfb3ffc4f
:101f74000e0030c50e0100a60bfbbffc0300009051
:101f8400cffaf4fd8ffbf4fd4af0ffaec3350184b4
:101f94001b0000804afeffaecbfb6ffc267f0000d7
:101fa400090000884a0000ae107430398aedffa69b
:101fb400107e124d8effffa6080021a48335019cdc
:101fc400400037e1833601ac1b61000071000184dd
:101fd400410003868afeffae833501901b0004fc9a
:101fe4007b0000881e0000c542f8ffae6a5000aeb8
:101ff4000300009ccffaf7fd4aecffae0e0000c5cb
:10200400ee0000a60bfbbffc8bfb3ffccbfb4ffca5
:102014000e0040c50b0033f68ffbf3fdaaebffaeb9
:102024005b000088b33501940020158466010086a6
:102034008a00008a224e00b0cef80fc52a0300a6fb
:10204400cef80fc5c60100ae2e0000c58a0400a656
:102054003e0000c5aa0400a60bfbbffc1e0000c581
:102064008ee9ffa6030000808bfb6ffccbfb7ffc9b
:102074000e0070c50b0066f68ffbf6fdaae8ffaef6
:10208400eef80fc5ea0000a6eef80fc5460000aa58
:10209400fef80fc5cee7ffa60bfb2ffc4242000063
:1020a4000ffbf2fd2e0300e01e0000c5c21600aeb9
:1020b400cbfb3ffc0e0030c58adcffa6c90020889c
:1020c40053360184f3360180227dffd400390000a9
:1020d400aa1300a60bfb2ffc1a00b2e9aae5ffae77
:1020e4000bfb2ffc224200000ffbf2fdcbfb3ffc5d
:1020f4000e0030c5aadaffa6bd7f3e7f1900108806
:102104004400b0ad440031ad016b0000cbfb4ffc8b
:10211400080110e88300008801390000ea4600a69f
:1021240083350198c80225a456610000420355e195
:1021340083360190c80227a47461c7750020a58462
:102144000020078406051480c80025a456610000f9
:10215400420355e1c80026a46461c6750020858445
:1021640000200684060410801a020000020810c829
:10217400013800004a0900a6c900208853360184aa
:10218400f3360180530900002277ffd4530d003940
:10219400aa0d00a68335019c3b0007fc1e0000c568
:1021a4004a0600a623360180002010840680068893
:1021b40006a50084060000880100008285002282b2
:1021c4008620048482200084828100848b0000881d
:1021d400660102860a10008a024100b85309000011
:1021e400825bffd4020012860280028602a000866f
:1021f400028803d4069012888a04008483350188f7
:102204001b0002fc530d00003e0000c5ca0300a6db
:102214002336019000201484660104868a20008af3
:10222400620300b87a40000083350198c80225a4ef
:10223400566105750600028802a004868280048423
:10224400022002860100008205e3218286200284a6
:1022540000041586232436610375000002a010844f
:1022640006240084000403864af3ffae2336018467
:10227400002011843133b382c501028286000284b6
:10228400000411862af9ffae060000880afcffae9e
:102294000600008806100288000414862afcffae9b
:1022a4004bfb5ffc457f04698f0000880039000008
:1022b4004a3a00a61603aaec833501983b0006fcb3
:1022c4001e0000c54a0400a683350180c80027a467
:1022d40070610775c7030000002017842b24b061c8
:1022e4000b75000000200b84061402800605008094
:1022f400028003d40200108600201c8400200b847a
:10230400827f03d4233601840004018606040280fc
:1023140002100288a1703d82a5c321828a20008a0e
:1023240082edffba0100008205e321828a20008a3f
:10233400a20000b4f126318285c2218206200084e5
:102344000a10008a62ecffb6870000886a3500ae86
:1023540083350184090000886a0000ae107441745a
:10236400303900000afbffa6207e244d6affffa639
:10237400410001843133b382c50112820610008406
:1023840041000186aafeffae0bfb2ffc3242000087
:102394000ffbf2fdcae8ffae7bf3ff83a0680000e9
:1023a400eacfffae833601989b0006fc9337018485
:1023b4008b0411fc2a0011e90e0010c54e1400a66e
:1023c4000bfb2ffc0e0092e903360190002044839e
:1023d400e336018c00043483833501942b0055fccf
:1023e400833601981f0065fd0e0050c54a0000a603
:1023f400230000844ff9f1fdb335019c00200784cc
:10240400c33601840004018631fe0f863336018809
:1024140000200284b336018c002013848a00008ad1
:10242400820000b20bfb2ffc0a0212e90e0010c559
:10243400ea0100a60e0000c56a0100a60bfb2ffcf2
:102444000e0020c50a0100a80e0090c5ea1300a6dc
:1024540066010086823303d43336018c0020038462
:10246400833601909b0004fcb336019c000407866c
:102474000e0090c58e0000a6c1da0480050010800d
:102484000020018441fe0f86833501840b0321fc67
:10249400833601844f0112fd8335018cab0013fc9c
:1024a400080010bdee1100a64bf96ffc080016ebf6
:1024b4004ff9f1fd8335019c9b0007fc8336018ca9
:1024c4008b0023fc080020bdce1100a6480000ebc1
:1024d4004ff9f0fd1300009c83350198c825f6edf3
:1024e400ea1100a6833501845b0021fc8336018454
:1024f4004f0012fd8335018c3b0033fc2f0013fd8c
:102504008bfb4ffc3e0040c52a1100a68335018891
:102514007b0002fc8336018c6b0013fc080010bda9
:10252400ce1200a6833501884b0032fc8336018825
:102534003f0023fd83350190082004826e0200c50c
:10254400ea1900a66e0200c5021300aece0500c54e
:102554004a1a00a66e0600c5ca1b00a68e0200c554
:102564006a1900a6833501981b0006fc8336019c7a
:10257400080470830e0500c56a0000a68bfb3ffcaf
:102584002e0030c50a1b00a68335019c8b0027fc56
:10259400833601807f0002fd0e0020c5ea2200a6da
:1025a400829c01d4833601847b0001fc3e0000c57b
:1025b4006a2000a6030000808336018c4f0030fda2
:1025c4003f0030fd07000084000431826f0030fdbd
:1025d40001000088a336019000044082a33a0180e0
:1025e400930100847f0001fd93910184470001fc65
:1025f4000b0000988825f0ed8a0100a6233701849a
:1026040003000080a28d02d41f0000880e0000c5c4
:102614004a1f00a6e21d02d4660100860300008062
:10262400021703d40300008062ac03d423000080ab
:1026340042bc00d4030000808336019c7f0070fdff
:1026440008002b82aa1d00ae8335018c1b0033fccd
:102654001a0013e42e0010c5620000ae0bfb2ffc21
:10266400624200000ffbf2fdcbfb3ffc0bfb2ffc97
:102674000e0092e90e0030c56a0000a68bfb4ffce9
:102684002e0040c54a0100a60e0100c5cee9ffa6f2
:102694008336018c1a2013e42e0010c5e60000ae28
:1026a4000e0090c50ae9ffa6524200002a0000aebf
:1026b400724200000ffbf2fd6ae8ffae0e0090c507
:1026c4002ee8ffa60bfb2ffceafeffaec21f03d4cd
:1026d4003336019400200584833601989b0006fc60
:1026e4002aecffae41fe0f8408000182c21e03d40f
:1026f40083350190ab0004fc833601949f0050fda8
:102704002aedffaee2a903d4833501909b0004fcbb
:10271400833601948f0050fd4bf91ffc6aedffae28
:10272400133601800020008422f302d4aaedffae08
:10273400833501946b0055fc5f0015fd0e0050c5f8
:102744002a0100a673360198002006848337018489
:10275400002011840a10008a82edffb00004018673
:10276400821302d42aedffae09007088733601800b
:1027740000040783660100868afeffae6f0030fd09
:10278400650c00002337019000044583770c00009a
:102794003337019800046783810c000043370180bc
:1027a40000040183621102d4caebffaece0100c55e
:1027b4002a0300a6ee0100c5ea0200a6ae0000c589
:1027c4000eedffa6c3350184cbfa0ffc027002d4d0
:1027d400833601946b0005fccbfa6ffc080006bd40
:1027e4000eecffa6c3350180002000832337019c33
:1027f40000047083d3350188002022833337018499
:1028040000041283e3350190002044834337018c94
:1028140000043483aa0500ae4bf90ffc004200000b
:102824004ff9f0fd8bfb5ffc0e0050c50e0200a6b5
:1028340046031fe5c335018002cf02d4f33601807d
:10284400c3350198002066830004068303370180a2
:10285400d335019c0020778300040783133701805c
:10286400e33501840020118300040183aae7ffae4d
:1028740046031fe55336018002cd02d48afdffae24
:10288400f33601841b000080226a02d4aae6ffae5c
:10289400f33601841f0000806affffae53370180c6
:1028a40053360188002022830004028363370180a9
:1028b4006336018c00203383000403837337018063
:1028c400733601900020448300040483220802d458
:1028d4008ae4ffae41dd0480050050802f720000c1
:1028e400090c50882affffae1e0000c5ea0200a6ac
:1028f4000e0000c54a0200a62a0000e41e0000c51e
:10290400420400ae4bf90ffc204200004ff9f0fde9
:102914000bfb2ffc46031fe553360180c2e602d4ad
:102924000e0000c58a0100a61e0000c5cee2ffa667
:10293400733a0184f3360180a20602d44ae2ffae60
:102944004bf90ffc004200004ff9f0fd46031fe570
:102954005336018022c602d4f336018053360190e7
:102964000020448300040483033701806336019408
:1029740000205583000405831337018073360198c2
:102984000020668300040683eadfffae0bfb2ffc06
:10299400ef0122f80800688208005e8208004d8278
:1029a4002336018c00200384c335018cf33601885f
:1029b40046031fe55336018082c802d4cafcffae29
:1029c400a33a01800b0000888824f0ed2ae3ffa6d7
:1029d40023000080620502d4026901d4aae2ffae9a
:1029e40007000088aa0000ae0b0000886a0000ae51
:1029f400630000882a0000ae5300008808000282a9
:102a0400a02e902e802eef1ddf1dcf1dbf1daf1dec
:102a14009f1d8f1d0601ffe5017200009b000088c9
:102a2400cafeffae7f0000888afeffae6700008802
:102a34004afeffae8335018808042c83ce01c0c54d
:102a4400ea49ffa6ee01c0c5aa49ffa6ce05c0c546
:102a54002a49ffa65f0000880afdffae9337018074
:102a64008b0400fc4a0000e90e0000c5ea0300a63e
:102a740000c000831f0470f8010700a8260000a608
:102a8400304200001d0700c18d2100c2720010e910
:102a94005124000000c02082fa0120c9216a0000ec
:102aa400001802820000c1a401380000260000a61c
:102ab4001d0700c3e32e0190a9000498ef0042fd16
:102ac40053380180002000ff2076000089601088c0
:102ad40000100195080032a2470033e0080022fbf1
:102ae400df0042fda10b00c20172000000c00083a0
:102af4001f0470f8010700a8260000a63042000059
:102b04001d0700c18d2100c00afcffaef81f0000a4
:102b1400a10b00c001e00198010000ca0d0450cad5
:102b240001e0019c8d0004a7933701a03b0308fc3e
:102b3400a33a018408201182feff0fc50a0300a6f0
:102b44004e0010c54e0300a68b0408fc4a0000e9a1
:102b54000e0000c58a0300a600c000831f0470f89d
:102b6400010700a8260000a6304200001d0700c18e
:102b74008d2100c2720010e95124000000c020829f
:102b8400fa0120c9216a0000001802820000c1a4d1
:102b940001380000260000a61d0700c38f1d017226
:102ba400290104a9cefcffa60ef81fc5cefcffa682
:102bb400007f0000a23503d48b0408fc4a0000e91e
:102bc4000e0000c58afcffa600c000831f0470f835
:102bd400010700a8260000a6304200001d0700c11e
:102be4008d2100c06afcffaef81ff91f8500049a0e
:102bf4000e0090c56e0e00a6e32e01a0fb0018fc8b
:102c0400720011e989e30f8fd92200902069000036
:102c1400400032ebdd220094812100e91b2f018466
:102c2400002011ff000041eb91210095172f018036
:102c3400002010ff030400800164007e302410761d
:102c440051b1019405b101a71db001c30700008073
:102c54008100049c1d0700c3732f018000200083a2
:102c6400003900002a0b00a6410104981e0000c58b
:102c7400ca1200a603000080ef0080fd232f018408
:102c840000201183402018e100048183632f018c0c
:102c940000203383330023fd123d0000420100aec7
:102ca40007000090ef0084fd400482e50b0153fc13
:102cb400480194e9733a0180002010830e0090c506
:102cc4008a1000a6120401e5f32e0180332f01843b
:102cd40000201183402010e1170081fd213d0000f8
:102ce400e20100aa19420000ef0089fd126500000c
:102cf400170081fd733a0184833a019000204483d4
:102d04000b0153fc2a0005e90e0000c5833a01803b
:102d14006a0e00a6120404e500200083170010fdcb
:102d2400032f0184432f018000200083002001e150
:102d3400270080fd203d0000e20100aa2942000096
:102d4400ef0089fd02650000270080fd733a0184cd
:102d5400933a0188002022830b0103fc4a0000e916
:102d64000e0000c5933a0180ea0b00a6120402e5a6
:102d740000200083270010fda33a01801300008483
:102d84004824f0ed4a0b00a6532f0180122000e4e2
:102d9400e70080fc00380000ce0000a6090020886f
:102da400970082fdd90014d4d500049c6e0010c590
:102db4006a0a00a6ad000498c80099f1ef0089fde5
:102dc4008d0004a79f1d8f1d01720000d10004987f
:102dd400c90004ab2a0600a6d5000498480030a414
:102de400732f018c832f0188000432e10020338388
:102df400970083fd130033fc9de0019400e05282b0
:102e0400e70085fc4074000008e00282eb0138fc16
:102e1400080030bdca0300a6ef0180fd007f00005a
:102e2400490130880315000043300190000130e16e
:102e3400870083fd330003fd10220000270080fd7e
:102e4400170080fd000480830b0103fc990004f14a
:102e5400ff0080fd480034a4426144741b0024fc3c
:102e640000201383440021ab470081fd130013fdb0
:102e7400440021ab570081fd230013fd440021ab26
:102e8400670081fd2b0004fcc2cc02d4caeeffae65
:102e9400632f018c002033836afdffae62e3ffd40d
:102ea400632f0180002000831b0100fc0e0000c57d
:102eb4006e0000a61300008042de01d42af8ffaea3
:102ec40003000080e2ca02d44affffae028303d4a7
:102ed4000aedffae120401e1080094824aefffae4e
:102ee400120404e18af1ffae120402e10af4ffae17
:102ef4006b0000fc480290e9ef0089fd4af4ffae44
:102f0400d100049c6af5ffaea1000498812100cc95
:102f1400050002cd1db001c101720000f81ff91fa8
:102f2400fa1ffb1f03000080a100049c9100049c75
:102f340009008088573801a85b3801a40800b882ca
:102f440000201aff087e014d0e0100a6002019ff83
:102f5400087e014d2e0100a618743839eefeffa636
:102f6400bf1daf1d9f1d8f1d017200000800088248
:102f7400626502d4ad0004eb8afeffae08000b824a
:102f8400026602d49d0004eb6afeffaef81ff91f2f
:102f9400fa1ffb1fa2dbffd401b8048005000080e8
:102fa400df720000090c008881bb048005001080da
:102fb4009f720000090c10880900108855000494c1
:102fc40003000080d500049cc500049c0700008415
:102fd400b500049c8100049ca100049c9100049c05
:102fe40009008088573801a85b3801a40800b8821a
:102ff40000201aff087e014dee0200a6002019fff2
:10300400087e014d0e0300a618743839eefeffa6a3
:10301400e32e018099000498ff0002fd89e30f8fdd
:103024009921009020690000a5000498800031ebec
:103034009d210094d5220090106900009900049805
:10304400027f0000400030ebdd220094bf1daf1d65
:103054009f1d8f1d0172000008000882025e02d4c9
:10306400ad0004ebaafcffae08000b82a25e02d402
:103074009d0004eb8afcffae7900108819000088db
:10308400a24103d48900108819000088424103d466
:103094007900108829000088e24003d4c24a03d48e
:1030a4000a4d03ae55000490013900002a0100a620
:1030b400032e01881b0002fc004200001f0020fdbb
:1030c400732e0180002000840600008451000186d4
:1030d400450004a7017200002e72f81ff91ffa1fa1
:1030e400fb1ffc1f80269026a026b026c026d026d3
:1030f400e026f02600271027a33a01a84b000afc7b
:103104001a0080e90e0080c5ea5800a6102f002f8f
:10311400f02ee02ed02ec02eb02ea02e902e802e7b
:10312400cf1dbf1daf1d9f1d8f1d037201720000b7
:103134004b001afc4a0001e90e0000c50a0600a66d
:10314400425701d45100049400390000eafdffa65f
:10315400032e01ac1b001bfc1a0041e98100b08462
:103164004b002afc2a0032e90e0040c5ca0400a61e
:10317400030000841f00b1fd09005088f508000019
:10318400632e018400041583710000840100008211
:1031940005e381820a0410840e0030c5aa1200a639
:1031a4000b0000844f01b1fd510010840610048807
:1031b40002b0088602810884660104860a22008a15
:1031c400220e00b8632e019400044586932e018cd0
:1031d400f40c000000043483832e01940020d58471
:1031e400b32e018c00207384a32e019000205484fc
:1031f40002201c86324200004f00a2fdaa5300aefa
:10320400e25101d4eaf9ffae1a205be05e0050c53a
:10321400ea0800a6c57f0000490140884c1500005b
:10322400433001a4496100000804b58311000495ea
:10323400490150885c1559610b0140fc0f0154fd94
:103244000020608336244503461f0000130060fd00
:103254003624000000044683230040fd342400008b
:10326400270054fd330040fd080136a4370056fd05
:10327400121044f5240435040e20008e232e0190f0
:10328400000404860ab00084332e019400040586e9
:1032940001000082a5e311828a000084432e01907c
:1032a4000004048609005088132e0190000445830d
:1032b4008a0041e9080143eb0e0040c52a0400a638
:1032c400932e019400200584732e0190000404863b
:1032d40006000084510000867e0311ed1f00b1fd3d
:1032e400490110881c151961117500000d0410881e
:1032f400933701908b0444fc2a0044e90e0040c536
:10330400aaf3ffa61b0150fc0a0245e90e0040c5c2
:103314002af3ffa6b1001084160000860a10008468
:10332400c32e0190000404861d0410884af2ffaee7
:1033340003000094433001a4490300000900c0883d
:103344002af7ffae510000840a0010886601028645
:103354000a10008a220000b98a0000ae732e01947c
:103364000004858608003482aafbffae0009000031
:1033740002cffed44b002afc000d00008100b08473
:103384002a0042e9aafeffae06b0068802000080c9
:10339400820102840a101c88022008868a20008a7e
:1033a400220000b92a0100ae932e01900004e486a5
:1033b400832e01940020d584b32e018c00207384c5
:1033c400a32e0190002054844af1ffae021000861f
:1033d40000090000e2cbfed44b002afc632e018cd2
:1033e40000204384000d00008100b0844b011bfccd
:1033f400aafdffae4f01b3fda32e01940004b586d0
:103404004a0022e90e0020c56a0400a6932e018416
:10341400632e01880024128366011286c24401d4fb
:1034240002001a8606000084510004908100b084d2
:10343400510010848a00008a820800ba8600048041
:103444000620048802b00a8602810a84a32e019011
:1034540000045486660104868a22008a620300ba44
:103464000690008006800e84b32e018400047186c9
:10347400832e01880004d2860f0000844f01b1fd21
:103484004b002afc632e018c00204384932e019070
:103494000020e484eaeaffae423e01d40200128630
:1034a4000a001488660102860a10008a220000b904
:1034b4008a0000ae932e018c0004a3865100049070
:1034c400cafaffae62c4fed44affffae0b0000840a
:1034d4004f01b1fd06b0068871000084020000802f
:1034e40082010284021000860a101c888a20008a45
:1034f400220000b9aa0100ae932e01880004e286de
:103504001b002bfc324200001f00b2fd4b002afcc2
:10351400832e018c0020d384b32e01900020748468
:10352400632e0194002045844ae6ffae00090000a2
:1035340002c1fed4000d00008100b084a32e0194ca
:10354400002055844b011bfc6afdffae869004806d
:1035540002b00686028106840230048601000082dd
:1035640005e3318206310484660106860a31008a45
:10357400420900ba8a25008a820700ba06900e80a2
:1035840086830e84b32e0184000471868a23008a04
:10359400c20200b6832e01880004d286a32e018cb9
:1035a40000205384932e01900020e4848a00008a32
:1035b400820000b2070000844f01b1fd4b002afcd9
:1035c400eafaffae061000800600008802800a8432
:1035d400a32e0184000451864b002afc632e018c27
:1035e400002043844b011bfc4ae0ffaea32e019054
:1035f40000042486b32e01940004258671000084ff
:103604000200008002201284029000860a901a8828
:1036140002200a868a34008a220000b94a0100aed8
:10362400832e018c0004d3864b002afc632e019068
:1036340000204484932e01940020e5844b011bfc5c
:1036440002200e866addffae0009000022b8fed417
:10365400b32e018400202184000d00008100b08479
:10366400a32e018800205284aafdffae0b00008423
:103674004f01b1fd4b002afc832e018c0020d38422
:10368400b32e019000207484632e0194002045849d
:10369400932e018c0020e3842ae9ffae09005088b0
:1036a400a32e018400041583932e01880020d28464
:1036b400832e018c0004d3864b002afcb32e019088
:1036c40000207484632e0194002045844b011bfc6c
:1036d40002d01c8602300a86cad8ffae02001286c7
:1036e400ea2d00ae066020880100008205e3a18275
:1036f4000220228602a8228406101588020510845e
:1037040006610480020618800a36008ae20e00b6ba
:1037140086c100800a44008a821000b40800238213
:103724000e0030c52e1400a66a1400ae02a1048057
:10373400020618800a36008a820d00b686c100800f
:103744000a44008aa2feffba061014840100008213
:1037540005e36182022020860265208406000d882c
:10376400020310840a54008a02feffb686550280c2
:1037740082100280822600808a00008402d004869f
:1037840008001482025010860700008c0a0500ae5f
:10379400067400800ad00084020618800a36008a63
:1037a400e20500b686c100808a43008a622900ba15
:1037b4007100108406100c840a23008a620200b689
:1037c400066014880100008205e3818202202286bb
:1037d400028522840610118802701486020414845f
:1037e40002a010860a45008a020100ba066104801c
:1037f400020618800a36008a020700b686c10080d5
:103804000b0000840700008c2a0400ae02701086ae
:103814000700008c0b000084064400800200008036
:10382400022704800a20008402e0048602401086f5
:10383400020618800a36008a820500b686c1008016
:10384400070000880a0600ae8a54008a222500b6c2
:10385400e133ec8225c1018282010680ca0700aef1
:103864008a74008a022500b6e133ec8225c1018204
:103874008201068086c10080027010860b000084dd
:103884008a43008a220900ba0700008c7100108460
:10389400061002848a20008ae2fbffb60610148810
:1038a4000100008205e361820220208602652084f3
:1038b40006000d8802802286020322848a48008a38
:1038c400a2faffba06110480021011860afbffaea9
:1038d4000210108607000084aa0000ae0b000084ca
:1038e40007000088080032822a0000ae0700008822
:1038f4008a84008a820700b6e133ec8225c1018202
:103904008201068086c100800a44008aa20400baab
:103914001e0010c5ea0200a6710010840e0010c536
:103924002af1ffa63e0010c52efbffa606100c844c
:1039340006d114800a65008a42edffb486550080e2
:1039440002000080822604800a2000840206188077
:103954000a36008a82f7ffb686c1008002501086bc
:1039640002d004860a52008ae21b00b60700008ccb
:103974000800238202800286820702848a70008af9
:1039840062f0ffb8020618800a36008a02faffb60f
:1039940086c10080021010868a40008aa2feffb40d
:1039a400070000840e0030c52a0000a64f01b1fdb7
:1039b4000e0020c54a0000a6732e0188000422864a
:1039c400150004901b0111fc0e0010c5ee0700a6a3
:1039d4004b001afc8a0021e90e0020c5ee0800a65f
:1039e4004b030bfcea0900ae0e0030c52a0000a60a
:1039f4004f01b1fd0e0020c52afeffa6732e0184df
:103a040000042186cafdffaef6340cc5460100aea3
:103a1400480234a44c6154741d0440881900408841
:103a2400040042ab480230a40c61337ec40043adb1
:103a3400000403826a0c00aef1691880050040801e
:103a4400043d0000a60000ae480235a45c61557434
:103a54002d045088290040882afeffae480234a471
:103a64004c6154743d044088390040888afdffae9f
:103a7400bd0004a70a0c00ae4b000afc66010086d8
:103a84000a04008ac20000b44a0010e90e0010c5fe
:103a94006e0000a6450004a7a20a01d44a0c00ae99
:103aa400004200004f00a0fd0ab3ffaec100108425
:103ab400732e018c00200384c32e019000202484e3
:103ac40006200084061000842a0200ae1b0150fc6c
:103ad4000a0315e90e0010c58efeffa64b001afc62
:103ae40009003088e33a0190000443830300008016
:103af4004f03b0fd080008820a0100ae1b0130fc30
:103b04000a0323e90e0020c5aafeffa6c100008413
:103b1400826902d44f03b0fd4b001afc7e0311ed01
:103b24004f00a1fd480231a41c6100006f0010fd8c
:103b3400332e019400200584060406846230008e2e
:103b44006a00008e232e0180002010846210028ef1
:103b54006a10028e860004805220048e2306000020
:103b640000041382033800008e0000a64b000afcf8
:103b74002a0010e90e0010c52ef9ffa6132e0184a9
:103b84000020218402260480863002800a110284e7
:103b9400e1052d8235802282862004846220048ef1
:103ba4006a20048e5620088e400651062003000029
:103bb400761a06c586f2ffae480231a41c61517420
:103bc4000d04108839249c6129740000f1ff0f80d2
:103bd40005000080203d000003c022f7000492820b
:103be400b5000499c500049d1a0005e06e0000c5e7
:103bf400eaf3ffa6b100049c510004908100808682
:103c0400232e018000040086063000800610008404
:103c1400132e018400040186632e0188002002848f
:103c24000a80008a82f2ffb0b1000498d90004ab84
:103c3400caa6ffa651000490003900008aa7ffa677
:103c4400032e01ac832e01840020d184b32e01887d
:103c540000207284632e018c00204384932e0190f3
:103c64000020e4848100b084a32e019400205584b4
:103c74004b011bfcc500049a832f01b0480233a4f6
:103c84003c61437408243b83432e019000209484b8
:103c940086951280660100868a04008ae2d1ffb804
:103ca40006d01e88732e01940020258407000090fe
:103cb4008a53008a220000b20b00009002b01086e2
:103cc4000300008808003282e133ec8225c10182be
:103cd4006601188602000686aae1ffae027010860d
:103ce4000b0000842ae6ffae07000084080021824e
:103cf400cae5ffae02d00486025010860700008495
:103d0400080021824ae7ffae027010860b0000848f
:103d1400eae6ffaea33a0180ce2300e966010086fd
:103d24000e0000c52e0000a601720000732e018053
:103d3400002000848affffaef81f00000800808284
:103d44009300008022ba02d408000882a27d01d424
:103d5400f7000080a2b902d48f1d0172f81f000081
:103d6400080080820e0000c56e0000a6f38b02825c
:103d7400a27b01d48f1d0172138c0282427b01d479
:103d840008000882e27b01d4338c02820affffae72
:103d9400f81f000008008082438c0282427a01d41a
:103da40008000882e27a01d4338c0282c27901d4f9
:103db400d3070080a2a502d48f1d0172f81f000052
:103dc40008008082137e0282e27801d4087f107694
:103dd400a0390000060200ae002d00000000000023
:103de400020000d64a0100ae0a0200ae2a0200ae6a
:103df4004a0200ae6a0200ae8a0200aeaa0200ae17
:103e0400ca0200aeea0200ae0a0300ae2a0300ae04
:103e14002b7e0282827601d47701008062b302d4c1
:103e2400338c0282027601d48f1d0172737e02826a
:103e34000affffaec37e0282cafeffae0b7f028280
:103e44008afeffae2b7f02824afeffae537f0282c0
:103e54000afeffae837f0282cafdffaec37f0282e9
:103e64008afdffaee37f02824afdffae3380028209
:103e74000afdffae7b800282cafcffae238a028267
:103e84002a7301aec3870282ea7201aef81ff91fda
:103e9400fa1ffb1ffc1ffd1f80260000933701a89b
:103ea4000b038afc9300008002af02d4030000805d
:103eb400827201d4f700008082ae02d40800088226
:103ec400027201d4338c0282e27001d43b038afc77
:103ed40093000080a2ad02d407000080227101d4b7
:103ee400f700008022ad02d408000882a27001d439
:103ef400338c0282826f01d41b038afc93000080fe
:103f040042ac02d40b000080c26f01d4f7000080e1
:103f1400c2ab02d408000882426f01d4338c0282ff
:103f2400226e01d42b038afc93000080e2aa02d4ff
:103f34000f000080626e01d4f700008062aa02d4f0
:103f440008000882e26d01d4338c0282c26c01d471
:103f5400b33801a0002098ff6f0229f89300008075
:103f640042a902d413000080c26c01d4f70000807f
:103f7400c2a802d408000982426c01d4338c0282a4
:103f8400226b01d4002098ff6f0669f8930000802b
:103f9400c2a702d417000080426b01d4f70000804e
:103fa40042a702d408000982c26a01d4338c028277
:103fb400a26901d4002098ff400279a293000080f6
:103fc40042a602d41b000080c26901d4f70000801d
:103fd400c2a502d408000982426901d4338c02824a
:103fe400226801d44b039afc93000080e2a402d41b
:103ff4002b000080626801d4f700008062a402d420
:1040040008000982e26701d4338c0282c26601d4bb
:1040140073380180002080849300008062a302d45e
:104024002f000080e26601d4f7000080e2a202d4ef
:104034000f00008002800086227a01d4338c028231
:10404400226501d48338018000208084930000809d
:10405400c2a102d433000080426501d4f70000807d
:1040640042a102d40f00008002800086827801d42d
:10407400338c0282826301d48b040afc1a0090e917
:104084009300008022a002d437000080a26301d4f0
:10409400f7000080a29f02d408000982226301d4a1
:1040a400338c0282026201d4002098ff5f0659f823
:1040b40093000080a29e02d453000080226201d4a7
:1040c400f7000080229e02d408000982a26101d474
:1040d400338c0282826001d4002098ff7f0239f879
:1040e40093000080229d02d457000080a26001d476
:1040f400f7000080a29c02d408000982226001d447
:10410400338c0282025f01d4002098ff4f0649f8e5
:1041140093000080a29b02d45b000080225f01d444
:10412400f7000080229b02d408000982a25e01d419
:10413400338c0282825d01d49b049afc930000803c
:10414400429a02d45f000080c25d01d4f70000806f
:10415400c29902d408000982425d01d4338c0282e0
:10416400225c01d4c3380180002080849300008045
:10417400c29802d463000080425c01d4f70000803e
:10418400429802d40f00008002800086826f01d41e
:10419400338c0282825a01d4d33801800020808477
:1041a40093000080229702d467000080a25a01d4b1
:1041b400f7000080a29602d40f00008002800086df
:1041c400e26d01d4338c0282e25801d4e33801a4b5
:1041d4000020998293000080829502d46b000080b5
:1041e400025901d4f7000080029502d40800098224
:1041f400825801d4338c0282625701d4f33801808f
:104204000020808493000080029402d46f00008018
:10421400825701d4f7000080829302d40f000080fb
:1042240002800086c26a01d4338c0282c25501d452
:10423400933801800020808493000080629202d42d
:104244007b000080e25501d4f7000080e29102d4a3
:104254000300008002800086226901d4338c02822c
:10426400225401d4a338018000208084930000806c
:10427400c29002d47f000080425401d4f700008031
:10428400429002d40300008002800086826701d439
:10429400338c0282825201d4002088ff1f0218f856
:1042a40093000080228f02d483000080a25201d4a4
:1042b400f7000080a28e02d408000882225201d4a2
:1042c400338c0282025101d4930100b4030000a490
:1042d400130000ac6a0700ae20240a61c074000019
:1042e4000020808493000080028d02d408000c8298
:1042f400825001d4f7000080828c02d40f00008029
:1043040002800086c26301d4338c0282c24e01d47f
:104314002e0080c5e60400ae087f00000802cde14f
:104324001a0088e02e0090c5ca0000a63e0090c581
:104334006a0100a61e0090c5eafcffa620240a61bb
:10434400eafcffae20240a6180750000002080840e
:1043540001001082652102820a0410842afcffae47
:1043640020240a61420200e1002080840680108833
:1043740093000080a28802d408000c82224c01d44d
:10438400f7000080228802d4080009820280008697
:10439400625f01d4338c0282624a01d42e0080c54c
:1043a400a2fbffae802edf1dcf1dbf1daf1d9f1dc5
:1043b4008f1d0172aa00dde01a0099e02100b0b857
:1043c4000affffae030000a06afaffae3e720000cf
:1043d400638c0282824801d4433a0184c2000fe50f
:1043e400623101d4d1ff0f84e26801d4b3000080ac
:1043f400c28402d4e1ff0f84626801d4b300008058
:10440400428402d4f1ff0f84e26701d4eb00008000
:10441400c28302d4a33a01805b0000fc224701d48a
:1044240077010080228302d4338c0282c24501d4f6
:10443400037201726e72f81ff91f0000070000a4d6
:10444400aa0500ae138c0282e24401d41f0000804e
:10445400824501d40a0f00aea38b0282424401d4e8
:10446400eb000080228102d4b1ff0f84c26401d426
:10447400b3000080a28002d4c1ff0f84426401d43f
:10448400b3000080228002d4d1ff0f84c26301d420
:1044940077010080a27f02d4338c0282424201d48d
:1044a4008a0200ae5a0309e0c24201d4eb00008044
:1044b400c27e02d4b1ff0f84626201d4b3000080d3
:1044c400427e02d4c1ff0f84e26101d4b3000080b4
:1044d400c27d02d4d1ff0f84626101d477010080d0
:1044e400427d02d4338c0282e23f01d47e0090c527
:1044f400e60300ae1a0099e01a0089e442011fe5c0
:1045040008000882a29501d40e0000c5aaf9ffa6ee
:10451400938b0282823e01d46e0080c5caf9ffa645
:104524007e0080c5eefbffa6b38b0282c23d01d4a0
:10453400eb000080a27a02d4b1ff0f84425e01d462
:10454400b3000080227a02d4c1ff0f84c25d01d47b
:10455400b3000080a27902d4d1ff0f84425d01d45c
:1045640077010080227902d4338c0282c23b01d4c9
:10457400c38b0282823b01d4533701800020008424
:10458400225c01d4b3000080027802d46337018036
:1045940000200084825b01d4b3000080627702d4df
:1045a4007337018000200084e25a01d4770100802f
:1045b400c27602d4338c0282623901d4db8b02824c
:1045c400223901d48337018000200084c25901d4e8
:1045d40077010080a27502d4338c0282423801d460
:1045e400638c0282023801d4433a018402020fe54b
:1045f400e22001d481ff0f84625801d4b30000800b
:10460400427402d491ff0f84e25701d4b3000080b6
:10461400c27302d4a1ff0f84625701d4eb0000805f
:10462400427302d4a33a01805b0000fca23601d499
:1046340077010080a27202d4338c0282423501d405
:104644009f1d8f1d03720172f81f0000a38a02824e
:10465400a23401d4833601a008200882bef80fc515
:10466400620000aebb8a0282e23301d46e2308e00a
:10467400823401d4cb8a0282623301d46b0018fce9
:104684006a0301e0e23301d4cb8a0282c23201d44c
:104694004b0018fc1a0101e0423301d4cb8a028298
:1046a400223201d4570000808b360184082001e4b3
:1046b400823201d4cb8a0282623101d43b0018fcdd
:1046c400ae0101e0e23101d4cb8a0282c23001d4ce
:1046d4007b01008087360184082001e4223101d463
:1046e4007b0008fc0e0000c56e0100a6e38a02826e
:1046f400a22f01d49b0008fc0e0100c58a0200a66b
:104704000e0200c50a0600a60e0000c54e0200a651
:10471400d7000080ea0100aee38a0282422e01d46f
:104724007b0008fc3e0000c5ca0000a6ee0100c5df
:104734004a0000a62e0000c58efdffa6222e01d43d
:104744004afdffaec3000080026a02d4eafcffae59
:10475400cf000080a26902d4e38a0282422c01d4f1
:104764008b0018fce30000800e0010c52e0000a68c
:10477400e7000080a26802d4f38a0282422b01d4ab
:104784004b0108fce22b01d4038b0282c22a01d420
:10479400c336018000200084e26001d4138b0282be
:1047a400222a01d403000080b3360184002001844e
:1047b400623e01d477010080826602d4338c028287
:1047c400222901d48f1d0172d30000802afcffae80
:1047d400f81ff91f0800908281030000a38c028255
:1047e400222801d408000982c22801d4f7000080dd
:1047f400c26402d408030000622601d4338c02820e
:10480400222701d49f1d8f1d01720000f81ff91f7c
:104814009003000008008182fb000080626302d4e0
:1048240009030000022501d4eb000080e26202d4f7
:104834000e0080c58e0000a6f38b0282422501d4af
:104844009f1d8f1d01720000138c0282c22401d4ab
:1048540008000882622501d4338c0282eafeffae8e
:10486400f81f8003238b0282e22301d40803000093
:10487400a22201d477010080826002d4338c0282a8
:10488400222301d4738b0282e22201d45b010080d3
:10489400c25f02d4b3000080825f02d43f00008074
:1048a400022301d4b3000080025f02d403feff831d
:1048b400822201d477010080825e02d4338c02828a
:1048c400222101d48f1d0172f81f8003838c028280
:1048d400a22001d408030000621f01d477010080e4
:1048e400425d02d4338c0282e21f01d48f1d017217
:1048f4009e72f81ff91ffa1ffb1f0000733a018014
:104904000020008390090000833a01840020118371
:10491400a1090000933a019000204483b4090000e7
:10492400c2011fe582020fe5220701d4f3000080d3
:10493400c25a02d4a33a01a0082008828e0000c5fe
:104944008a0b00a68e0000c5420100ae0e0200c50f
:10495400ea0200a60e0200c5020200ae0e0400c563
:104964004a0c00a60ef80fc56e0200a65b850282f3
:104974000a0200ae1e0000c50a0b00a60e0000c508
:104984004a0900a62e0000c5ca0a00a64e0000c5aa
:104994002e0100a6fb840282ca0000ae0e0100c5ef
:1049a400ae0000a62b0058fc0e0050c5660800a8f7
:1049b400eb840282821901d4933701a44b0349fc8e
:1049c4001a0034e90e0030c56a0b00a6cb0058fc6f
:1049d4000e0050c50a0b00a673850282421801d44a
:1049e40061ff0f84023901d4b3000080e25402d481
:1049f40071ff0f84823801d4b3000080625402d462
:104a040081ff0f84023801d44b0309fc2a0000e91a
:104a14000e0000c54e0e00a6d3850282421601d4b4
:104a24008297ffd4824c01d4b3000080e25202d4b6
:104a340003000080e33a018400200184022a01d4a7
:104a4400829401d40800a08262ca00d40800908233
:104a540062a602d40800b082880209eb08000bebbe
:104a64000e0000c5ee0c00a6cb0008fc0e0000c52d
:104a74006a1200a61a0000e4cf0080fdbb0008fc07
:104a84000e0000c5ca1400a61a0000e4bf0080fd91
:104a9400fb000080a24f02d4338c0282421201d464
:104aa400bf1daf1d9f1d8f1d03720172a38402825f
:104ab4000af8ffaec3840282caf7ffaed38402822f
:104ac400221101d42b0018fc1a0001e90e0000c5c4
:104ad4004e0200a6c70000802a0200ae138502829f
:104ae4008af6ffae2b8502824af6ffae4385028228
:104af400a20f01d42b0008fc8a0010e90e0010c597
:104b04002e0100a64a0010e90e0010c50a0100a6f5
:104b14000a0200e90e0000c5cefdffa6c300008016
:104b2400424b02d48af4ffaecf0000808affffae6e
:104b3400cb0000804affffae533701800020008481
:104b440023370184002011840210008031ff0f8676
:104b5400833701900020248409001088030000801a
:104b64006a0000ae0220008051ff0f8641740000ed
:104b74000e0030c50e0100a682024fe5400024e17c
:104b840042035fe5400045e10020028400201484d4
:104b940006100080000402861a0000e03e0000c5f2
:104ba4006a0100a68336018821610000b1000284f5
:104bb400e10012840210008042035fe5400025e119
:104bc400110002862e0000c50efdffa6aafcffae52
:104bd4000e0030c50ef0ffa693850282eaefffae09
:104be400b3850282020801d4c2b900d4a20801d458
:104bf400b3000080a24402d4024902d4220801d4a2
:104c0400aaf0ffaef3850282e20601d40e00b0c51d
:104c14002e0300a60e00a0c52a0100a61a000ae968
:104c24000e0000c5ee0200a62a000ae90e0000c527
:104c3400ee0200a64a00aae90e00a0c5ee0200a6f4
:104c44000e0090c50af1ffa61a0009e90e0000c57e
:104c5400ae0200a62a0009e90e0000c5ae0200a6b5
:104c64004a0099e90e0090c5eaefffa64f010080c3
:104c7400c24002d48aefffae43010080624002d4f6
:104c84008afcffae63010080024002d4cafcffae7e
:104c940067010080a23f02d4cafcffae6b01008012
:104ca400423f02d4cafcffae4b010080e23e02d474
:104cb4000afdffae23010080823e02d40afdffae4e
:104cc400ce2328e977000080270000840e0020c549
:104cd4004b0000f6cf0080fdbb0048fc0e0040c531
:104ce4004e0000a607000080bf0080fd13860282ec
:104cf400a2ff00d431ff0f84622001d4b3000080ee
:104d0400423c02d441ff0f84e21f01d4b30000806f
:104d1400c23b02d451ff0f84621f01d4eaeaffae02
:104d2400ce2328e94f000080270000840e0020c510
:104d34004b0000f6bf0080fd2b86028242fd00d4aa
:104d44007b0008fce2fd00d4b3000080e23902d409
:104d54008b0008fc62fd00d4b3000080623902d4e9
:104d64009b0008fce2fc00d402d401d40800908229
:104d7400626f02d4080080820e0090c58e0100a6e6
:104d84000e0000c54ae8ffa643860282c2fa00d498
:104d94000e0088e90e0080c5aae7ffa61b0100806b
:104da400423702d44ae7ffae4f010080aa0000aeaa
:104db4004386028282f900d40f0100801e0090c550
:104dc4002affffa6223602d42afeffae827300d445
:104dd400003900004a0000a60b00008022e500d440
:104de40001720000f81ff91ffa1f00002501049a40
:104df400a33a01a00e0090c56e0400a63501049ae2
:104e04000e0090c50a1a00a60a0109e90e0000c5a1
:104e1400ee0500a61a0009e90e0000c5ee0500a67d
:104e24008e0209ed0e0000c5ea0900a608200882da
:104e34003a0010e90e0010c5ee0800a68a0210e937
:104e44000e0010c58a0000a62b0028fc0e0012edef
:104e54000e0010c5aa0400a60e0029e98a0019e96b
:104e64000e0000c5ae0500a60700008c2f0083fdd0
:104e74000e0020c52e0600a60e0010c56a0600a668
:104e84000d0580882a0600ae070000a808048a835e
:104e940008000982c277ffd41a0099e408009abd79
:104ea400420000aec2e500d48afaffae08000a82ce
:104eb4004278ffd44300008082e000d4310104989a
:104ec4000a0100e90e0000c58affffa6aafeffae94
:104ed400070000801f0080fdaa1400ae82d0ffd41a
:104ee4000700008022df00d4aaf9ffaea20dffd490
:104ef4000b0000804f0080fd082008820e0200c5d0
:104f0400aefaffa60e0090c50a0200a82b0008fc0a
:104f1400704200002f0080fd8a0100ae0e0020c503
:104f24000a0100a60a0220e90e0020c5ae0000a670
:104f34002b0028fc624200002a0000ae0701008812
:104f44002f0082fd0e0010c58e0600a60a0209e994
:104f54000e0000c5ae0600a60e0090c5ea0800a823
:104f6400a3ffff8322db00d42a0009e90e0000c559
:104f7400ca0200a68e0209e90e0000c52e0200a690
:104f8400082008820e0400c5aa0800a60e0000c569
:104f94000e2100a6030000804f0080fd026500d4ae
:104fa400003900008a0000a62b0018fc0e0001e95d
:104fb4000e0000c52a0900a6030000802f0080fd12
:104fc400080480830b00008002d800d44a0099e9c9
:104fd4000e0090c58a0b00a62b0008fc0e2118edcc
:104fe4000e0010c5aa0900a63b0028fc0e0020c52f
:104ff4004e0900a60e0000c5a60700a80300008005
:105004004f0080fd025d00d402fcfed42206fed4d3
:10501400229700d42b0008fc4a0800ae0e0200edd3
:105024000e0000c52ef9ffa6aaf2ffae1b000080f9
:10503400426cffd42b0008fc0e0000c5ca0000a877
:10504400082018820e0410c5ca0000a60ef81fc559
:105054002a0000a60d248088504200002f0080fd05
:10506400aaf7ffae8a0010e90e0010c52affffa6ba
:105074003e0200ed10420000cafeffae07000080b1
:105084000824f8ed4a0000a60d4480888af6ffae95
:105094002b0008fc5a0000cb2f0080fd4affffae16
:1050a4002b0008fc0a0210e90e0010c5aef8ffa69a
:1050b4000a0120e90e0020c54a0000a608048183e5
:1050c4008af6ffae4a0010e90e0010c5aaf7ffa643
:1050d400304200002f0080fd4af7ffae2f0080fd14
:1050e4008d04808882fffed482cbfed4aaf6ffae64
:1050f400829300d44b0008fc2a0010e90e0010c56e
:105104006a0000a62b0018fc014200002f0081fd5c
:105114009e0300ed4f0080fd2a0100ae0e0000c585
:10512400caf6ffa80a0210e90e0010c54a0200a63a
:10513400fe0300e9004200002f0080fd0d2480885a
:105144001300008022cc00d41501049a0e0090c5ef
:105154008e0100a60501049a0e0090c58e0700a6d4
:1051640008201882ce0311ed0e0010c52e1000a6e3
:10517400af1d9f1d8f1d01722f0081fd08048183c7
:10518400eafdffae82d500d47b0038fc1a0019e991
:10519400930100800e0010c5cb0000f62a0019e927
:1051a4000e0010c52a0000a6aa0000e04a0019e972
:1051b4000e0010c52a0000a6aa0000e48a0019e91e
:1051c4000e0010c52a0000a61a0000e00a0119e921
:1051d4000e0010c52a0000a61a0000e423ffff8772
:1051e400080001bd4bc000f62b000084ae0000c5d2
:1051f4000b2001f68b0028fc0a0249e99301008484
:105204000e0040c58b0011f60e0059e9cb0000904a
:105214000e0050c54b0014f6670000900e0090c5b8
:105224000ba111f6080030bd4e0000a6080012bd07
:105234000af9ffa67f0080fd8f0081fd0300008036
:10524400bf0080fdc25700d4c28800d42af8ffae44
:1052540062d100d49b0028fc1a0019e99301008054
:105264000e0010c58b0000f62a0019e90e0010c5c7
:105274002a0000a6aa0000e04a0019e90e0010c5a1
:105284002a0000a6aa0000e48a0019e90e0010c54d
:105294002a0000a61a0000e00a0119e90e0010c550
:1052a4002a0000a61a0000e423ffff87080001bdbe
:1052b4004bc000f62b000084ae0000c50b2001f6a5
:1052c40008201882080020bd0a0100a69f0080fd66
:1052d4000e0010c52a0300a64b0008fc3042000053
:1052e4004f0080fd03000080bf0080fd0e0029ed0b
:1052f4000a0209e90e0000c54a0000a60e0110c505
:10530400aa0200a60e0020c5caf2ffa60e0010c510
:105314004e0400a6833601a88b009afc0e0009e90e
:105324000e0000c52a0400a6fa0399ed08000982bc
:10533400224402d48f00a9fd2af1ffaeb3360180c6
:1053440000200084833601809b0000fca2ad01d4c0
:10535400082018826afcffaeab0008fc0e0000c5f2
:10536400ce0000a60b000080af0080fd0e0020c51b
:105374004e0100a602ebfed4aaefffae1a0010e91c
:105384000e0010c54a0000a620420000af0080fdb8
:105394000e0020c5eefbffa6cafeffae8a0311e98c
:1053a4000e0010c5caedffa64afbffae694200001d
:1053b400cafbffae0a0110e90e0010c52ae0ffa6e1
:1053c4002b0028fc1a0012e90e0010c5aadfffa664
:1053d4000e0100c5eeddffa6ab0008fc0e0000c503
:1053e4008addffa630420000af0080fdaadeffaeda
:1053f400f81ff91ffa1ffb1f80260000024200d489
:10540400800300392a0200a61b0110fc0a0391e95b
:10541400623a02d4080099ebc1008884933701a84a
:105424008b042afc2a0002e90e0000c5ce0100a666
:10543400a33a01a02b0008fc0e0000c58a1500a6a3
:105444001b0018fc0e0010c56a0900ae83360180eb
:105454009b0090fc8b0000fc480290ebb33601806b
:1054640000208084aafdffae8300008002bc00d42b
:10547400eafdffaeaf0080fd6601008622a401d4e0
:1054840003000080823902d42b0018fcde0301edf6
:10549400204200002f0080fd2a0600ae2f0000806d
:1054a400c248ffd46601008603000080a2a201d492
:1054b40003000080023802d482b2fed41b0028fc10
:1054c4000e0020c54e1100a6c2c8ffd41b0008fc64
:1054d4000e0000c56affffaec27c00d40e0000c5fa
:1054e4008e0600a62b0018fcfe0101ed2f0080fda6
:1054f4002a0600ae028000860a0309e922a001d42c
:10550400070000800100008285000282a2e601d427
:105514002b0008fc2a0010e98b002bfc0e0020c590
:105524000a0800a60e0010c5ae0100a6ca0600ae09
:10553400ab0008fc0e0000c54a0c00a62a0010e9c6
:105544000e0010c56a0800a6833601809b0000fc8b
:105554000e0000c54e0700a603000080af0080fdca
:1055640002c4ffd42b0008fc0e0000c50a0c00a6e0
:105574001b0028fc0e0020c5ae0b00a61a0010e983
:105584000e0010c5cafeffa6082018820e0021ede9
:105594000e0020c5cafcffa64a0000e90e0000c5a3
:1055a4008af6ffa60ef81fc58af7ffa60e0410c5db
:1055b4002af9ffa62b0008fc8a0010e90e0010c58a
:1055c400eafcffa62a0010e9833601ac9b002bfc01
:1055d4000e0020c50afaffa60e0010c50efcffa699
:1055e4008b042afc2a0012e90e0010c52af8ffa633
:1055f4004b0018fc314200004f0081fd8b001bfc66
:105604000e0010c52a0100a60e0009ed422d02d499
:10561400070000801600008642de01d42b0008fc3f
:105624002a0010e90e0010c5aef9ffa640420000a2
:105634002f0080fd0b00008042a200d40af9ffaec7
:105644006601008603000080c29501d40700008033
:105654004af8ffaeca0010e90e0010c50af8ffa60a
:10566400833601849b0011fc0e0010c5ce0000a6f9
:105674008a0000e90e0000c5eaf6ffa60b000080d0
:1056840002a000d48af6ffae2b0000806239ffd45a
:105694008b041afc2a0001e90e0000c5aa0000a62a
:1056a4004b0008fc304200004f0080fdab0008fcba
:1056b400eafdffae028000860a0309e9229201d4c2
:1056c4004affffae4b0028fc8a0002e90e0000c529
:1056d4006af4ffa6028000860a0309e9229101d434
:1056e4004b0018fc7e0301ed4f0080fd8af3ffaef2
:1056f400802ebf1daf1d9f1d8f1d017222b7ffd4c9
:10570400a33a01802b0000fc0e0000c52e0000a669
:1057140001720000c2e6ffd4aaffffaef81ff91f12
:10572400fa1f0000933701808b0400fc8a0000e913
:105734000e0000c50e0100a6a33a01a81a200aed26
:105744000e0000c58a0100a60b0000806233ffd45e
:105754001d04a0882a0600aec22b01d4a33a01a8d6
:105764000e0000c5aafeffa61d04a0881f0000802d
:105774004232ffd42afeffae0804a083a26700d4fd
:105784000e0000c56e0000a603390180426700d4f4
:105794004a0400ae350104c342b2ffd42b000afc14
:1057a4000e0000c50affffa622e2ffd4cafeffae28
:1057b40082b1ffd42b000afc0e0000c56e0200a6c5
:1057c4001b001afc0e0010c50e0b00a60339018045
:1057d400997f0000481e01831a0088e90e0080c5e5
:1057e4008e0100a6082010820e0010c5ca0100a672
:1057f4004e0210c50a0200a61a229ae90e0090c5ac
:10580400ea0100a6270000800a0100ae02dfffd4ef
:105814006afdffae2f000080022affd4030000a41b
:1058240008008982ea0500ae030000806229ffd4e3
:10583400030000a46a0500aee26400d46affffae70
:10584400e2c4fdd4a228ffd4030000a0aa0400ae41
:105854000e0200c5620400aefe0200c52a0400a6c2
:105864008e0200c5aa0100a6be0300c5aa0100a6b7
:10587400ee0490c5a60100ae297f00001a0099e04d
:105884001e0210e49e0110c5260000ae0a0200e4c8
:1058940003390184881c10834a0200ae0b0000a067
:1058a4000a0200ae130000a0ca0100ae070000a067
:1058b4008a0100ae421c00d4003900004a0000a650
:1058c4000b000080e28d00d4c2a8ffd42b000afc98
:1058d4000e0000c56e0200a61b000afc0e0000c5e7
:1058e4004e0200a662df01d4feff0fc52afeffa60a
:1058f400ae0000c5caf5ffa6de0000c58af5ffa606
:105904000e0080c54afaffa69e0200c5aefeffa6a1
:105914002a0008e90e0000c54afeffa6de0388ed52
:105924000afeffae42d6ffd46afdffaeaf1d9f1d37
:105934008f1d0172f81f0000221800d400390000e6
:105944004a0000a60b000080c28900d4a33a01a03b
:1059540082a4ffd42b0008fc0e0000c54e0100a653
:105964001b0008fc0e0000c5ce0000a6821600d461
:1059740000390000cefeffa6230000800824f8edc5
:105984006afeffa68f1d017222d3ffd48afeffaeea
:10599400f81ff91ffa1ffb1ffc1f0000e501049903
:1059a4003f0000800e0050c52a0000a61a0005e43e
:1059b400c5010498080010bd4a0e00a6307f0000ff
:1059c400032101a04903208823150000800048e139
:1059d4006100148471000484020000808100248426
:1059e400062000848a00008a220000b80200028691
:1059f4004903208832153861510013863f0000a8fe
:105a04000e0000c52a0000a61a00a0e4f9010498bb
:105a140008001abd8a0000a6c07f00004903008860
:105a2400c015c861fa0200ae0800a2bd6e0000a64f
:105a340082b3fed4c901049ae50104993a7f0000b7
:105a440049030088301538611a002ae00e0120c588
:105a5400aa0400a6030000980a0600ae3f0000a8ae
:105a6400ea0100aee2b1fed4c5010498ca0100ae59
:105a7400086100005100008608001abdcafdffa697
:105a8400f9010498cb039a7f4903008809150000a3
:105a94000000b8e10e00a0c50afeffa61a00aae4a1
:105aa40008002abdeafdffa6490300880915000085
:105ab400000028e161000284510012848a00008af7
:105ac400a2fdffb071001284821002808100328432
:105ad40051002c84823004840a20008a82fcffba9c
:105ae400510022868afcffae030000882afbffae29
:105af4004903108801150861610000840a10008ab6
:105b0400420000b20800a282070000981a0022e0b6
:105b14000e0120c5ca0200a634030000080025bdfa
:105b2400aa0200a6027f0000490310881015000095
:105b3400400048e151000384510014840a10008a93
:105b440062fdffb671002384022104808100338446
:105b5400023100848a00008aa2fcffba5100048644
:105b6400020002860800a282070000980afcffae29
:105b7400030000880afdffae0e0060c52a0000a6df
:105b8400c901049ecf1dbf1daf1d9f1d8f1d017236
:105b94001a0000e00e0100c52a0000a601720000f0
:105ba40003000080aaffffae41820480050000804c
:105bb4006f720000090c008803000080f101049c4e
:105bc400e101049c07000084d501049cc101049cec
:105bd4000172000003000080f101049ce101049cb7
:105be40007000084d501049cc101049c01720000db
:105bf400f1010498e90104abea0000a61a0010e0e0
:105c04000e0110c5aa0000a6c9010498080002bd2f
:105c14008a0000a6f501049c0172000003000084c0
:105c24002affffaec501049c4affffaee1010498c0
:105c340049031088011500000321018401610172e8
:105c4400f1010498e90104abaa0000a6007f00005a
:105c540049031088011500000321018401610172c8
:105c6400020000cdf90104d40e0100c52a0100a6ea
:105c7400e90104ab2a0100a6007f00004903108853
:105c840001150000532101840161000000200084fb
:105c94000172000003000080aafeffae66010086c8
:105ca40001720000f1010498d5010498080001bdb7
:105cb4001fc010f801720000b10000841b0110fc29
:105cc4001a0021e90e0020c5aa0100a6c33a0180ea
:105cd400002000ff100400000a10028ea1703d8213
:105ce40025e02182862002840610008416000286a4
:105cf4000a10008a220000b402100086017200001b
:105d04004a0011e90e0010c50e0100a6bf3a018435
:105d1400002011ff110400000a10028ea1703d82c0
:105d240025e021828620028406100084a1001084cc
:105d34008a00008aa2fdffb6021000866afdffae4b
:105d4400f81f0000f5010498e9010499bf3a0180a5
:105d5400002080ffc33a0180002070ff91696782b0
:105d640095e21382ca0300ae4a0000e90e0000c5a2
:105d7400ce0000a6280400000a20048ea1703d82f3
:105d840025e031820631048406200084490300881a
:105d940030152361a10022840a01008a220000b682
:105da40002200086160004860a20008a220000b41d
:105db40002200086910024848a00008a620300b6cf
:105dc400861002840a11008a420300b86100148616
:105dd4001a0011e00e0110c50a0300a60200028693
:105de400080061bdea0200a6317f00004903008873
:105df4000315000003210188000042e1b10004847e
:105e04001b0104fc1a0050e90e0050c5cafaffa693
:105e1400270400000a20048ea1703d8225e031820f
:105e24000631048406200084cafbffae0600028407
:105e34008afcffae61002486aafcffae0300008446
:105e4400cafcffaef3200180000410868f1d01728e
:105e54004600ffe1f81ff91ffa1ffb1ffc1ffd1f7f
:105e6400fe1f80269026400931090000e501049aae
:105e74004903808889150000032101b48d61cf7224
:105e8400090c8088420380c58b0001fc1f0180fd42
:105e940011000184c10008862a0000e90e0000c533
:105ea4000a0800a6733a018000200083d00800008d
:105eb400833a018400201183e1080000933a0188a9
:105ec40000202283f208a8030900e088030000ac44
:105ed400933701888003c2e1430d0000800303e18e
:105ee4000020108400200c8486000084a26cfdd461
:105ef40046022fe5800312e1970010fdc6003fe53e
:105f0400800313e1002021e502030000020072e196
:105f1400160000a6727ba71f4903108819150000fc
:105f240040006de1330026fd273d0000832027f764
:105f3400370062fd000400000a00008e00201c846b
:105f44000a10008446023fe5800303e13100008625
:105f5400660102860a10008a820300b81a00bbe0b8
:105f64004e7400003e00b0c52efbffa64903a08876
:105f7400a915000080020de1330010fd030000802c
:105f8400013900004e0300a6902e802eef1ddf1d68
:105f9400cf1dbf1daf1d9f1d8f1d00004600ffe5d7
:105fa400017200009320018c00203383d308000089
:105fb400a320018000200083e0080000b3200184b6
:105fc40000201183f1080000daf7ffae08000b820d
:105fd4005109660962e300d4510d017548e01d8240
:105fe400480000eb660d00000f0160fd6afbffae88
:105ff40086010fe5829901d48002bde181000b8600
:1060040086011fe5f3370180a29d01d471000b8640
:1060140086011fe5c3370180229d01d4a1000b86b0
:106024001b010bfc1a0010e90e0010c56a0900a63a
:10603400b1000b86f5010498e90114ab6a0000a6cf
:106044002a0000e90e0000c50a0a00a649030088d8
:1060540009150d6109002088570002fd970002fd13
:10606400490310881915000040000de11b0120fcb4
:106074002a0042e9070000800e0040c54ef8ffa642
:106084001d610000b1000184880000e90e0000c514
:106094000a1000a6c33a0180002000ff100400008b
:1060a4000a10028ea1703d8225e02182862002849e
:1060b40006100084160002860a10008a220000b42a
:1060c40002100086f32001800020108491002884af
:1060d4008a00008a421000b6861002848a20008a50
:1060e400221000b461001886f320018400040186a4
:1060f400c3200180a20c000000040283d32001808d
:10610400b30c000000040383e3200180c10c0000f1
:106114000004018393200180020d00000004028327
:10612400a3200180130d000000040383b320018029
:10613400210d000000040183d9010498e901049ca5
:106144001a0002e00e0100c52a0d00a6d101049c2c
:10615400e2c1ffd4070000806af1ffae310d0000f8
:1061640000200184c202bbe100040b868a0010e90e
:106174000e0010c5eaf5ffa6ad61000081001a8487
:106184008600008400040b864af5ffae09000088ef
:106194006601108693200188000012e13100118409
:1061a40046023fe5000013e1310001840610048833
:1061b4000201108406100080000401864074c03976
:1061c400aefeffa6f1feff8275e301820a04008a97
:1061d400a20000ba4903008809150d61090010885e
:1061e400970001fdcaf3ffaef1feff8275e305825d
:1061f4000a04008aa20000b64903008809150d614b
:106204009169678095e223808af2ffae46020fe52a
:10621400a28801d446021fe5f3370180028d01d420
:1062240002001286160000860680008001000082ab
:1062340005e31182061000840a00108866010286b4
:106244000a10008a220000b9ca0100ae7338018c1a
:1062540000200384860400840680008416000286dd
:10626400868002800a100084660102860a10008a71
:10627400c20000b84903008809150d619100008629
:10628400eaeeffae6256fdd40afeffae02100086af
:106294000affffae4a0022e90e0020c50e0100a647
:1062a400bf3a0180002000ff100400000a10028e93
:1062b400a1703d8225e0218286200284061000849c
:1062c400490300889015000040023de1a1001384b9
:1062d4008a00008ae2eeffb602100086aaeeffae44
:1062e40006000284aaefffae61002886caefffae63
:1062f40008000482aaf2ffae93200180733a01845d
:106304000020118300040183833a01840020118357
:10631400170001fd933a018400201183270001fd39
:1063240001720000e1010498f5010498080001bd20
:10633400620000aa1a0011e4480000e4017200009f
:10634400fa0011e08affffaee5010498f101049818
:10635400080010bd220000aa0a0111e0480000e470
:1063640001720000e269fed4f1010498c101049ca9
:10637400eab0ffae790010880900008862ab01d44e
:106384007900108809000088c2ac01d47900108813
:10639400090000880aae01ae15200090080011f92a
:1063a4007a0001e90e0000c57a0100a62a0001e97d
:1063b4000e0000c52a0000a60b0000801a0021e987
:1063c4000e0020c52a0000a6004200004a0011e980
:1063d4000e0010c51a0000a620420172f81f00002a
:1063e40011200090080000f97a0010e90e0010c591
:1063f4002a0200a62a0080e91a0010e94a0000e9ee
:106404000e0080c5ce0000a60e0010c5ae0100a689
:106414000e0000c50a0100a6350104c2ca0000ae80
:106424000e0010c50e0200a60e0000c52a0000a62c
:10643400350104c23d0104c28f1d0172c21701d48b
:10644400ca0000ae070000840e0000c56affffa664
:106454002a0081e9021701d4350104c20e0080c567
:10646400aafeffa66afeffae0f0000840b0000a088
:10647400aafeffae020000ccf81ff91f9003000033
:10648400030000a0ea0000ae080490831f0000840b
:1064940009030000a21bffd41a0088e02e0080c567
:1064a4006a0100a61903000008000882c29300d400
:1064b4000e0000c58afeffa6082009b9cafeffa681
:1064c40009030000c260fdd4080010820afeffae7a
:1064d4009f1d8f1d017200003e72f81ff91ffa1fe5
:1064e40080030000070000840ffff1fd1b0010fc77
:1064f4003e0410c54a0a00a63e0410c5ce0000a8fa
:10650400ae0410c52a0800a68e0510c58a0900a687
:106514007e0410c52a0100ae0e0010c5ce0000a6f0
:1065240002cbfed4030000a408000982af1d9f1d06
:106534008f1d0372017200004e0210c50a0800a6e6
:10654400a33a01a808200a82230000a41e0000c563
:10655400a6feffae9e0410c5ea1500a69e0410c553
:106564004e0c00a82e0510c56a1800a63e0510c5dd
:10657400ca1100a6ee0410c58a1b00a6030000a4dd
:1065840042012fe502011fe508030000a25601d4d1
:106594000e0000c5ca1e00a60bff0ffc1a0010e077
:1065a4000ffff1fd007f000008e00882de0300c554
:1065b400ce0300a60e0090c5ea1d00a6317f017f20
:1065c40008e0288203650000081c82831a0011e099
:1065d4000e0020c53effffa60ffff1fd08030000db
:1065e400e257fdd4080090820e0000c5cef9ffa644
:1065f400b1ff0f845200008e5a00008e5200008eac
:1066040000061803227c00d4eaf8ffaea33a018402
:10661400fe2111ed230000a40e0010c54ef8ffa6c4
:106624002b0010fcde0310c54a0000a60f0000a4d6
:10663400aaf7ffae4255fdd4080090824af7ffae98
:106644002b0088fc0e0080c50effffa63e0410c57b
:106654000a0300a63e0410c58e0100a87e0410c5de
:106664004a0200a68e0510c5cef5ffa6a33a01a4e2
:10667400070000800824f9ed4ef5ffa60f00008006
:10668400c2b9fed408049883caf4ffae4e0210c502
:106694008ef4ffa6a33a01808a2190e90e0090c5ea
:1066a4004e1900a622bffed4eaf3ffaec2fcfed40c
:1066b4008af3ffaea33a0180082090822e0090c591
:1066c400ca0000a60e0090c50e1800a62d0400886e
:1066d4001300008022b7fed46af2ffaec20201d4d6
:1066e40017000080a2b6fed4caf1ffae3e0210c568
:1066f400ea0200a68e0410c50ef4ffa693370180ab
:106704008b0400fc0a0100e9170000a40e0000c578
:10671400aaf0ffa64d04a0882b0018fc0e0010c59b
:106724004ef8ffa60300008082f400d41b009afcfc
:106734000e0090c56eefffa60804a983621efed466
:106744002b0028fc0e0020c5ceeeffa68a0100ae69
:106754002b0008fc0e0000c58ef6ffa6a2e6fed4b0
:106764000aeeffae080480831f00008408030000c3
:10677400c204ffd41a0099e02e0090c52aedffa6aa
:106784001803000008000982e27c00d40e0000c552
:106794008afeffa6082008b9cafeffa60803000067
:1067a400e249fdd4080010820afeffae2b0008fc6b
:1067b400ce0400c5aef3ffa63b0008fc0e0500c5e1
:1067c4004ef3ffa64b0008fc0e0000c5eef2ffa638
:1067d40000c000831f0470f8010700a8260000a66b
:1067e400304200001d0700c13d0104c3720010e9de
:1067f4005124000000c03082fa0130c9316a00001f
:10680400001803820000c3a403380000260000a679
:106814001d0700c36ae8ffae0b0000800ffff0fd08
:106824002b0008fc0e0000c5ca0100a6de0300c54b
:10683400ceefffa60f000084017f000008e028824d
:1068440008610000dfff02fd1a0011e00e0020c500
:106854002effffa60ffff1fd08030000026b00d41a
:106864000ae6ffae08030000827800d408030000a3
:1068740062fffed46ae5ffae2b0008fc3e0500c5ae
:106884004eedffa63b0008fc4e0500c5eeecffa64e
:106894004b0008fcde0300c58eecffa66b0008fc71
:1068a4000e0000c52eecffa65b0008fc4e0200c5de
:1068b400ca0000a6ae0200c54a0100a63e0200c5f9
:1068c4004eebffa60b0000802a0000ae07000080fc
:1068d400626a00d42700008002a7fed4c2f200d46a
:1068e4000ae2ffaeff0300802affffae0b00008424
:1068f4000ffff1fd2b0018fc0e0010c50e0300a6bf
:106904001803000003000080e27000d40e0000c5ec
:10691400aa0100a6180300000300008082f5fed43b
:106924001803000007000080e26f00d40800908282
:106934000e0000c5ea0000a618030000070000804e
:1069440062f4fed4eadeffae1f00008062a0fed433
:106954006afeffae1f00008002a0fed44adeffae36
:106964000e0000c50edeffa6070000a48ae0ffaefd
:106974000b0000a48addffae82012fe502011fe5b2
:1069840008030000e23601d40e0000c50affffa68a
:106994000bff2ffc027f000008e008820e0000c5f8
:1069a4004ee4ffa6b1ff0f840100f082750312824a
:1069b4000a10008aa2e3ffb45200008e0006000011
:1069c400a1ff0f84627400d46ae3ffae230000a425
:1069d400aadaffaee27affd4a33a0180030000846e
:1069e400cf0001fd01720000117f2124016100002c
:1069f40000200083000400000a00008e9337018009
:106a040010610000002011840a100084017200004b
:106a14000900208893370194800040e1800031e12f
:106a240000203383030400000a00008e800035e157
:106a3400002013840a100084000404864274c239be
:106a4400aefeffa60172000009001088400020e19c
:106a540000200284660102860a10008a020100b442
:106a64009337018821610000910012840a10008a82
:106a7400620000b84174c1398efeffa6020000cc4a
:106a8400120000cc00c010835f0471f8010700a855
:106a9400260000a6314200001d0700c13d0104eba1
:106aa400720001e95024000000c02082fa0120c9cc
:106ab400206a0000001802824000c0a400380000d0
:106ac400260000a61d0700c30172000000c0108349
:106ad4005f0471f8010700a8260000a631420000f7
:106ae4001d0700c1080000f93d0104e9720001e935
:106af4005024000000c02082fa0120c9206a00004e
:106b0400001802824000c0a400380000260000a63d
:106b14001d0700c30172000000c010835f0471f8f8
:106b2400010700a8260000a6314200001d0700c18d
:106b34002101049c720001e95024000000c020825d
:106b4400fa0120c9206a0000001802824000c0a493
:106b540000380000260000a61d0700c301720000d3
:106b640000c000831f0470f8010700a8260000a6d7
:106b7400304200001d0700c12d0104a7720010e976
:106b84005124000000c02082fa0120c9216a0000bb
:106b9400001802820000c1a401380000260000a6eb
:106ba4001d0700c30172000000c010835f0471f868
:106bb400010700a8260000a6314200001d0700c1fd
:106bc4001d0104eb720001e95024000000c0208282
:106bd400fa0120c9206a0000001802824000c0a403
:106be40000380000260000a61d0700c30172000043
:106bf40000c010835f0471f8010700a8260000a6f6
:106c0400314200001d0700c10d0104eb720001e9cf
:106c14005024000000c02082fa0120c9206a00002c
:106c2400001802824000c0a400380000260000a61c
:106c34001d0700c30172000000c000831f0470f828
:106c4400010700a8260000a6304200001d0700c16d
:106c54001d0104a7720010e95124000000c0208225
:106c6400fa0120c9216a0000001802820000c1a4b0
:106c740001380000260000a61d0700c301720000b1
:106c840000c000831f0470f8010700a8260000a6b6
:106c9400304200001d0700c10d0104a7720010e975
:106ca4005124000000c02082fa0120c9216a00009a
:106cb400001802820000c1a401380000260000a6ca
:106cc4001d0700c301720000f81f80030820008222
:106cd4000e0000c56a0000a6823d01d408a0088207
:106ce4006affffae8f1d0172f81f800308600882df
:106cf4000e0000c54a0000a6823c01d46affffae24
:106d04008f1d0172f81ff91f030000a03e0600c585
:106d1400e20000ae807f00003733ff8308160000d6
:106d24003f10f0f9a60010f6816400000a0388e021
:106d34009e0000c5b60000ae0a0300e0623a01d42a
:106d44000e0080c50e0200a69f1d8f1d0172207dbe
:106d54002b0000845f720000030021e80a0393e023
:106d6400007f00003733ff87011600003f10f0f961
:106d74000a0300e0a23801d40e0090c50afeffa663
:106d840008000982aafdffae08000882e23701d498
:106d9400aafdffae0e72f81ff91ffa1faf03917f11
:106da400320029e1c21f20c9f26100000e0010c5a3
:106db4004a0100a61a0081e412002ae5120018e133
:106dc4001a1420e9080000aba1ff1fb89a611874d7
:106dd4000a8309e0a23501d4a1ff8fb8fa03af1ddd
:106de4009f1d8f1d037201723e72f81ff91f000070
:106df4000300008800390000ae0000a6c300008034
:106e0400423401d40a0300ae0800268203030000c2
:106e14001a0062e0227f0000d1cccc80c56046809d
:106e240000104497480133a2a900108813150000ec
:106e3400000011e5881ce1839039000046feffae96
:106e44000e0060c50a0100a6167f000040009ee106
:106e540012000ee510611265400281e50a8309e023
:106e6400423101d4a1ff8fb89f1d8f1d037201729f
:106e74003e72f81ff91f800300390000ca0000a801
:106e84000300008400390000ae0400a6c3000080a3
:106e9400c22f01d40a0700aeb7000080622f01d4cc
:106ea400087b000003000088003900006e0000a683
:106eb400cafeffae08002882030300001a0082e025
:106ec400227f0000d1cccc80c5604680001044975e
:106ed400480133a2a900108813150000000011e531
:106ee400881ce1839039000046feffae0e0080c589
:106ef4002a0400a6187f000040009ee112000ee55f
:106f040010611265400281e50a8309e0e22b01d495
:106f1400a1ff8fb80a0300ae0800138284030000a7
:106f24001a0031e0117f0000d1cccc80c5604680ce
:106f340000124497480134a2a900208824150000b7
:106f4400000222e5481ce2839839000046feffaea9
:106f54000e0030c50a0100a6837f000000029ee1f6
:106f640012000ee580618165400288e50a8309e02c
:106f7400c22801d4a1ff8fb89f1d8f1d0372017217
:106f84005e72f81ff91ffa1ffb1f000008009082b1
:106f9400660102860a10008ac20200b81e0090c56b
:106fa400420300ae2a0009e4002a00001a0000e0af
:106fb40001008082c50212820610008481ff0fb88e
:106fc4001a0009e90e0000c54a0000a60600028660
:106fd400061000840100008205e311820210008083
:106fe4005200008e02060239ca0500a6030000a062
:106ff4002a0100aeb700008041000e86622401d44d
:1070040041000e84060000888afcffae0800098255
:107014008afdffae230300001a0018e0887f0000f9
:10702400d1cccc80c560468080104497480133a2ff
:10703400a900008803150000800000e50a0300e0b1
:10704400081ee083080081829239000026feffae0c
:10705400080091bd820100ae480201e41a0021e05b
:10706400080029bde60200ae0e0090c5aa0200a6e3
:107074001a0081e0117f0000c3000088481ce283ed
:107084000800188241ff0fb8080098bdea0100a665
:107094000e0080c50e0100a6bf1daf1d9f1d8f1dd4
:1070a40003720172030000840e0090c54efdffa61a
:1070b4000d07e088070000a0b87fbe610800a88221
:1070c400ca0100ae070000802afdffae1a0089e065
:1070d400097f0000c3000084081ce1838afdffae21
:1070e400bb000080221d01d408800b82e21c01d465
:1070f4001a0088e42100a0b8eafcffae080098bd9d
:107104002effffa6cafeffae5e72f81ff91ffa1f1c
:1071140080260000933701808b0480fc1a0088e9e4
:107124000e0080c58a0a00a6b128148225e1818256
:1071340006801084660100860a04008a820100b871
:1071440001008082c502228206240084010000829c
:1071540005e3118202200284021000865200008e90
:10716400030603390a0500a603000080aa0000ae46
:10717400b7000080a21801d4068010880afeffae72
:10718400340300001a0010e0007f0000d1cccc8052
:10719400c5604680c0104497480134a2a9002088e5
:1071a40024150000c00022e50a0322e0081ce28343
:1071b400080001829339000026feffae3e0010c590
:1071c400660200ae13000088880021e41a0001e082
:1071d4000700008c5e0000c5cb2022f61a0001e0f7
:1071e400117f0000c300008c481ce3830800108258
:1071f40041ff2fb84e0000c54a0100a6107f11764a
:1072040048e09e824a0200ae03000084aafdffae5d
:107214004e0010c56a0000a60e0010c56a0200a642
:10722400cafeffaec30000a44f00e9fd17000080b2
:10723400ea0000aebb000080821201d4080009827b
:10724400421201d4087f107608e09e82080008826a
:107254001a0080e44e0000c5cafeffa60800098299
:10726400421101d40e0080c5cefeffa6802eaf1db4
:107274009f1d8f1d03720172660102860a10008a27
:10728400a20100b801008082c502128206100084a7
:10729400060004860100008205e3118202200284b4
:1072a400021000865200008e020602392e0100a64a
:1072b40008000882ea0200aeb700008041000e8692
:1072c400420e01d441000e8406000088aafdffaee0
:1072d400230300001a0008e0887f0000d1cccc8092
:1072e400c560468080104497480133a2a9001088e5
:1072f40013150000800011e50a0311e0081ee18364
:10730400080080829239000026feffae2e0000c5e0
:10731400260200ae0f000084480010e41a0020e0aa
:107324000700008c4e0020c5cb2011f61a0080e027
:10733400007f0000c3000088081ce2830800088264
:1073440041ff1fb83e0080c50a0100a6087f1076e1
:1073540008e0ae820a0200ae3e0000c56a0000a644
:107364000e0000c52af8ffa60affffaec30000a85e
:107374003f00eafd130000a0ea0000aebb0000805d
:10738400420801d408000a82020801d4097f107659
:1073940008e0ae82080089821a0098e43e0080c5a5
:1073a400cafeffa608000a82020701d40e0090c597
:1073b400cefeffa6aaf5ffae5e72f81ff91ffa1ff4
:1073c400fb1f8026933701808b0480fc1a0088e918
:1073d4000e0080c52a0800a6b128148225e1818206
:1073e40006801084660100860a04008a420100b8ff
:1073f400060002860100008205e301820214008473
:107404005200008e020600000300008402390000ce
:10741400ce0000a6aa0200aeb7000080620301d429
:10742400068010884afeffae230300001a0081e0a4
:10743400117f0000d1cccc80c56046808010449779
:10744400480133a2a900008803150000800000e56c
:107454000a0300e0481ce083080018829239000007
:1074640026feffae0e0080c50e0100a60d07e088c3
:10747400c30000ac1f00ebfd0b0000a01a0098e451
:1074840019769e610800a8826a0100ae1e0080c5bc
:10749400eafeffa6087f107608e0be82eafeffae91
:1074a40008000b8222ff00d41a0088e40e0080c575
:1074b400ca0000a60840b98221ffafb8bb00008013
:1074c40042fe00d408000b8202fe00d4802ebf1db1
:1074d400af1d9f1d8f1d037201720000660102869d
:1074e4000a10008a020100b80100008205e311823b
:1074f400021000805200008e010601394e0100a6e0
:10750400c30000800afeffaeb700008041000e8673
:10751400c2fb00d441000e84060000884afeffae80
:1075240008008482120300001a0048e0887f0000eb
:10753400d1cccc80c560268040102297c80032a2ee
:10754400a900008802150000400000e50a0300e0dd
:10755400081ee0839139000026feffae0e0040c5f0
:10756400eafcffa6047f000000009ee112001ee575
:1075740001610000000088e5400288e50880098276
:1075840042f800d4a1ff8fb80afaffaef81ff91f22
:107594000800808291030000c21cffd4087f000011
:1075a4001921108801150000092120881903000001
:1075b400023000c1c2bf00d49f1d8f1d01720000a4
:1075c4000921208810030000e9c201880abf00ae27
:1075d400f81ff91f0800808291030000a21affd44b
:1075e400087f0000d900108801150000c900208818
:1075f40019030000022000c1a2bd00d49f1d8f1ded
:10760400017200002b0000840900008802b600d437
:10761400c921208893370184190000888abc00aef0
:107624003e72f81ff91ffa1f0800a0821a0000e931
:107634000e0000c58e0100a62a000ae90e0000c54e
:10764400ee0200a64a000ae90e0000c54e0400a698
:107654008a00aae90e00a0c58e0500a6af1d9f1dd5
:107664008f1d03720172000041de0480050000805a
:1076740041190a80850010806f730000006c01833b
:107684002b0000840900008822b200d4c92120887c
:107694009337018419000088a2b800d4cafcffae55
:1076a40082010fe52f720000090c0088c0760000eb
:1076b4000900918889008088c213ffd4c9002088fa
:1076c40082011fe50903000022b700d4d974000029
:1076d40021ff8fb86afbffae030000840980018894
:1076e40062af00d4030000841980018802af00d483
:1076f4000300008419a10188a2ae00d40300008411
:1077040029a1018842ae00d42afaffae0300008406
:10771400e9c20188c2ad00d403000084f9c2018823
:1077240062ad00d4aaf9ffaef81ff91f9103807f60
:107734001921008880150000023080c109212088a9
:107744001803090382c400d4070000840039000030
:107754006a0000a6080001829f1d8f1d01720000af
:1077640008049083620effd40921208819030803ba
:10777400e2b100d403000084cafeffaef81f800308
:1077840009212088e9c2118862c200d4070000845c
:10779400003900004a0000a6080001828f1d017212
:1077a400080480830921208818030000e9c20188a5
:1077b400e2af00d403000084eafeffaef81ff91f15
:1077c4009103807fd900008880150000022080c1c9
:1077d400c900208818030903e2bf00d4070000840d
:1077e400003900005a0000a6080001829f1d8f1d69
:1077f4000172bf720d0c9088c9760000a209ffd4f3
:10780400c90020881903080322ad00d403000084b2
:10781400aafeffae09000088a2a400d403000084dd
:10782400ae0000c54a0000a60800018201720000f3
:10783400c92120881900108893370180c2bc00d464
:1078440009001088013d000022c010f15f0011f80a
:10785400aafeffae13000084660102860a10008aa5
:10786400e21200b83e0600c5020600ae4e0200e475
:107874002e0000c5620300ae9e0000c5220100aeca
:1078840007000084aa0000e42e0000c5e20000ae58
:107894001a0011e09e0000c5420000ae4e0010c563
:1078a4000effffa60f000084aa1000ae1e0010c534
:1078b4000a0200a60e0010c54a0100a62e0010c53b
:1078c4002a0200a63e0010c5ae0e00a6007f0000ee
:1078d4009337018420240161420200e106000088fc
:1078e400ca0d00ae007f202493370184016100009b
:1078f4004a0d00ae007f000093370184202401610b
:10790400c0740000aa0c00ae007f0000933701840d
:10791400202401618075000001000082750212823a
:1079240006100084061000848a0b00ae5200028efa
:107934005a10028e5210028e120600000800328283
:10794400007f0000060200c5c6faffae002d00004d
:1079540000000000020000d60a0400aeaa0400ae33
:10796400ea0400ae4a0500ae8a0500ae8a0600aeff
:107974006a0700ae6af9ffae4af9ffae2af9ffae14
:107984004a0800ae8a0800aeea0900ae0a0a00ae50
:107994008af8ffae6af8ffae4af8ffae2af8ffaee7
:1079a4000af8ffaeeaf7ffae6a0a00aeea0b00aed1
:1079b4000a0d00aeea0d00ae2a0e00ae4a0e00ae6d
:1079c4006a0e00aeca0e00aecaf6ffaeaaf6ffae4d
:1079d400aa0e00ae0a0f00ae2a0f00ae1b000084f0
:1079e4002e0020c5c20600ae933701800f0302fdae
:1079f4006a0500ae933701803f0302fd0a0500ae1d
:107a0400933701801f0302fd82a8fdd48a0400aecf
:107a1400933701802f0302fd6affffae9337018481
:107a24008b0401fc0e0020c56a0000a62042000061
:107a34008f0410fd4a0300aebe0300ed8affffaec3
:107a4400933701848b0401fc0e0020c54a0000a674
:107a540060420000cafeffaefa0300ed8afeffaeec
:107a6400933701808b0410fc0e0020c5aa0000a6e9
:107a7400714200008f0401fd03000080a22301d4a1
:107a8400ea0000aefe0311e94affffae933701801e
:107a94004f0302fd4a0000ae7338018000040086e3
:107aa4002b00008409000088229100d4c921208879
:107ab4009337018419000088a29700d4030000843e
:107ac4000800018201720000833801806afeffae63
:107ad400933701808b0410fc0e0020c58a0000a699
:107ae400014200008f0401fd4277ffd48afdffaefe
:107af400ee0311ed6affffae933701888b0402fc9d
:107b04000e0030c5ca0000a60a0130e92b0000842b
:107b14000e0030c54afdffa6504200002a0000ae08
:107b2400fe0100ed8f0420fdaafbffae9337018018
:107b34008b0410fc0e0020c58a0000a63142000010
:107b44008f0401fd220a00d4aafaffae7e0311edd0
:107b54006affffae933701848b0401fc0e0020c53d
:107b64004a0000a6404200002af6ffaefe0000ede7
:107b7400eaf5ffae933701809f0402fd0af9ffaed8
:107b8400c3380180aaf8ffaed33801806af8ffae8b
:107b9400227f000093370180a70202fc0af8ffae9f
:107ba400f3380180aaf7ffae933801800004008601
:107bb400825f00d44af7ffaea33801806affffaeac
:107bc400933701848b0401fc0e0020c54a0000a6f3
:107bd40010420000caf2ffaede0300ed8af2ffaeef
:107be40009000088428600d4ae0000c5aa0000a6a1
:107bf4001f000080220bfed4ff03008002d1ffd4bb
:107c04004a14feaec92120881900108893370180d8
:107c1400229e00d400390000aafeffa601720000d3
:107c240008002082070000800e0020c58a0000a6fc
:107c3400130000840b0000801e0020c50b0001f619
:107c44000172000008002082070000800e0020c599
:107c54008a0000a6130000840b0000801e0020c5cb
:107c64000b0001f60172000008002082070000806a
:107c74000e0020c58a0000a6130000840b000080bb
:107c84001e0020c50b0001f6017200007900108867
:107c940039000088a2e200d47900108839000088f5
:107ca40002e400d4933701808b0400fc8a0000e9cd
:107cb400790010880e0000c5390000882a0000a64b
:107cc400aae400ae2ae800ae7900108839000088e2
:107cd400cae700aef81ff91ffa1f0000d52300926f
:107ce400933701808b0400fc0e0000e90e0000c5f0
:107cf400ca0000a67a0099e9030000a80e0090c506
:107d0400ea0100a6090080888a0000ae080099f9fb
:107d14000affffae187438392a0100a60800088249
:107d240022faffd4080009e90e0000c52affffa6c5
:107d340019000088040080ad8802a0ebaafeffae03
:107d440008000a82af1d9f1d8f1d0172a33a018096
:107d5400070000844824f0ed4a0000a6290104a984
:107d64002a0000a601720000624e00d407000080c1
:107d7400226dffd46affffae0203ffe1f81ff91f73
:107d8400fa1ffb1ffc1ffd1ffe1f8026902600000c
:107d9400cffcf0fda33a01ac1b004bfc4ffdf4fdfe
:107da4000e0040c5ea0000a6902e802eef1ddf1db8
:107db400cf1dbf1daf1d9f1d8f1d00000203ffe5da
:107dc4000172000046000fe52f720000090c0088c4
:107dd400c07600001b0000844ffcf1fdcbfc4ffc7f
:107de400a47f000009008088660110864a0000ae66
:107df400187438392a0200a60800088202f1ffd458
:107e040082031fe5081e1083087e0a4d0affffa6a1
:107e1400080221a4933701800161000091000084cd
:107e240001000082c5e31582061000840a80008ade
:107e3400e2fdffb802001086aafdffaed338018030
:107e440000209084070000a4130000900ffdf4fdaf
:107e5400aa1000ae06014fe5246100000e0090c593
:107e64006a0200a60004828682032fe588e020824d
:107e7400080282eb107430390a0200a6207e2a4dd3
:107e84008affffa61a0011e0080022a4733a0190a9
:107e94004261000009044088407e434daafdffa6cc
:107ea40006014fe5246100000e0090c5aafdffa65f
:107eb40006800088000402866afdffae117f01047b
:107ec4000a00008e0a001088660102860a10008ae1
:107ed400220000b96a0100ae6f00b8fd86841284e6
:107ee400f1fe9f8646001fe506010fe502fbfed466
:107ef400130000804f00b0fde28efdd4e25afdd4a1
:107f0400ea0400ae6272fcd46afeffae080022f9f5
:107f14006a0500ae1c743c392a0100a608000c82d4
:107f240022eaffd4480300e90e0000c52affffa699
:107f3400190000880400c0ad8803e0ebaafeffae80
:107f440082032fe5090000884a0000ae107430391e
:107f54004a0100a608601282480048e90e0040c5a4
:107f64004affffa65e7f407e454d0000eafeffa665
:107f7400080011f9480088e98afeffae6f00b8fdd9
:107f8400a28afdd4310104984a0300e90e0000c519
:107f94004e0200a67a0008e90e0000c5ea0300a616
:107fa4000e0090c5cafeffa6d92300909337018026
:107fb4008b0400fc0e0000e90e0000c56afaffa65f
:107fc4007a00d2e9030000b80e00d0c58afbffa6f0
:107fd4004bfdeffc0900c0880afaffae3101049a98
:107fe4000a0108e90e0000c50e0500a60a0208e908
:107ff4000e0000c50e0500a60e0090c52a0500a6b9
:108004004a0088e90e0080c5ee0800a6290104a9eb
:108014000e0900a6130000808255ffd4627bfdd4b4
:10802400e338018000200082029200d41a0090d12b
:108034000e0090c54a0800a6f33801800020808411
:1080440001000082a500028206041084c338018462
:10805400002091840bfd1ffd1a0011e50ffdf1fdb9
:108064002e0000a66a0700ae733a018406010fe5ec
:10807400e24cffd4b7380180002030ff4bfd1ffcd9
:1080840008008182090000888aefffae1b0000808f
:108094002254ffd4aafaffae1f000080c253ffd4bb
:1080a400aafaffaed9230090933701808b0400fc19
:1080b4000e0000e90e0000c5ca0000a67a0022e9fd
:1080c4000e0020c52afaffa64bfdcffc09008088cc
:1080d4008a0000ae080022f90affffae187438398e
:1080e4006a0100a60800088262090000c2dbffd40e
:1080f400620d0000880000e90e0000c5eafeffa63c
:1081040019000088040080ad0803c0eb6afeffaece
:10811400cbfc4ffc08018ce9230000800e0080c5d5
:108124004e0000a62af7ffae27000080424fffd47e
:10813400caf6ffae023000d402aefed44ae3ffae6c
:10814400f338019000208484d33801800020908487
:108154000af8ffae090080880a0100ae0610028802
:1081640086000084e258fcd4733a018491610000d3
:108174000004908318743839ea0100a6087e0a4d79
:108184008affffa6f338019000201484080229a472
:10819400933701800961000000200084b73801840e
:1081a400002021ff187e124d8afdffa69100208435
:1081b400822002804afdffae030000804f00b0fd24
:1081c4002adfffaef81f0000e243ffd40e0000c513
:1081d4002a0200a6a33a01a0070000803f0080fd08
:1081e400082008828e0000c5ee0000a6a244ffd439
:1081f40042a8fed41b0008fc0e0000c5ce0000a659
:10820400082008b94effffa6622900d40b000080a5
:108214002248ffd422a7fed48f1d0172f81ff91f34
:10822400fa1ffb1fb003a103a33a01a00820288270
:10823400933701a48b0439fc0a0213e90e0010c51c
:108244008a0000a60e0220c58a0000a6a2fbffd465
:10825400082028822e0020c5aa0200a6e2a4fed48b
:108264001b0008fc0e0000c52e0200a6a2d1fed4fd
:108274000e0000c54a0000a6825afed4eafeffaef4
:108284001a030b0342defed40e0000c50e0100a645
:108294008b0409fc2a0000e90e0000c58a0000a630
:1082a4008b001afc0a0101e90e0000c56e0000a64d
:1082b400bf1daf1d9f1d8f1d0172000011000a8498
:1082c40043000080024000d42affffae8f75f81fe0
:1082d400f91ffa1ffb1ffc1ffd1ffe1f802690269f
:1082e400a026b026c026d026e026f026c00891039a
:1082f4008203000002001c860800a6820800b782e0
:10830400447f2424000102e100090000000103e18c
:10831400e00800000020c084000d00000020a084bc
:1083240002a61480557f2524400102e1f00835613e
:10833400d3080000002083840020b08402b4168097
:1083440006c0188806801088c00c40610020348460
:1083540086a10680506100000020258406b10480b7
:10836400062402840634008406000088023602844f
:1083740002260084c224fcd402001a860e00b0c572
:108384008a0800a6d17b638205a105828a06008a39
:10839400420000b83600008686061a80010000827a
:1083a40005e391828696128486e4128402901288f0
:1083b400833801800020108406100088260004867b
:1083c40002270084061000840a001c8866010286c5
:1083d4000a10008a220000b9aa0600ae8ae40084ca
:1083e4007200008e7a00008e5200008e0006200279
:1083f400003800000a0600a68b0019fc007e000469
:108404000a00008e8a0001e90e0000c5aa0000a639
:108414000020198486000284000419867e0311ed6d
:108424008f0091fd8a0612846a7f26248001c8e1a8
:10843400c00c60610020e68400201c8406171c80a8
:108444000a071c840690008826001a8602901a8463
:10845400b1aaaa8225e2f18286f41e840100008278
:10846400850002828206008086071e840100008245
:1084740005e3018286061a8412380000c20100aea8
:108484001900b088030000b4a33a01a81200e2e482
:108494008a0600aed17b638205a101828a06008a26
:1084a400c2f7ffb43600008682061a806af7ffae70
:1084b4000245fcd42af9ffae1903c00ce2eaffd44a
:1084c400f02ee02ed02ec02eb02ea02e902e802e78
:1084d400ef1ddf1dcf1dbf1daf1d9f1d8f1d8f778e
:1084e40001721b040a10028e869002840610008c0e
:1084f4000210028ce00c0000002020840620048876
:10850400d00c000000208084061418840201188412
:10851400060410840680108802111084030000b43d
:1085240002a60280000d00000004108602b402803e
:10853400f00c00000004108600201c8482e00280fd
:1085440000041c861903080382e6ffd41b000afcfe
:108554000e0000c54efbffa61b7400002100e0b80e
:10856400aafaffaebe00d0c5b6fbffae8686028473
:1085740082c70284868710840680108882c610848d
:10858400028018861a00dde0021010868afcffae15
:108594001e720000a33a01800b0000844824f0ed11
:1085a400aa0000a6f1ff0f86429cfed403000080bf
:1085b400f1ff0f84626100d40372017242b8ffd4e8
:1085c4001300008082bdffd40f00008042bdffd4a1
:1085d4004289fed4a33a01801b0000fc0e0000c5b2
:1085e4002a0000a6017200004257fcd442e8fed4df
:1085f400c2b4ffd46affffaef81ff91ffa1ffb1fb6
:10860400fc1fb003c10300000800a282a33a01a02a
:10861400030000a40b0000800824f8edea0500a67e
:108624008298fed41b0018fc0e0010c54e0500a64f
:108634005f0089fd3f003af8c2c500d402c700d4e8
:108644000e0000c5ee0300a61c030b0362deffd47c
:10865400070000804101049c0b0000802221ffd40c
:10866400c284fed41b0008fc0e0000c54e0300a605
:10867400082008b94effffa6410104981e0000c55a
:108684004a0300a6070000805f0080fd030000a8e5
:108694004901049e08000a82c2c200d4e282fed4c8
:1086a4004247fdd402a8fed462e2fed4e2e8fdd43f
:1086b4005b0098fc08009abd22c090f15f0219f893
:1086c400ca0000ae130000806222ffd46281fed48f
:1086d40003000080e2c000d40b0000a4080009825b
:1086e400cf1dbf1daf1d9f1d8f1d01720a01aae979
:1086f4000e00a0c5aa0100a6433a0180733a018482
:108704000020118300040183533a0180833a0184d9
:108714000020118300040183633a0180933a0184a9
:1087240000201183000401830afbffae17000080c0
:10873400221fffd4aafaffae310104980a0100e90e
:108744000e0000c52a0000a601720000430000804c
:108754008219ffd4220600d4a2a000d4a33a018037
:10876400082010824b0000fc6a0000e9ca0221e9db
:10877400080002eb0e0000c56afeffa64e0010c5fd
:108784008e0000a6290104a98e0000a61b0000800b
:108794002a0000ae0f000080e21bffd4621bfdd450
:1087a4002afdffae0901108819000088428800d410
:1087b400a29700d48900108829000088c28700d4b9
:1087c4009337018001010084110110840610028096
:1087d4000100e082750302820a1000840026000072
:1087e400810104bd71b301c00172000075b3019829
:1087f4001a0011e9030000800e0010c5ca0000a68b
:10880400c92200ccbd0003cd0b000080070000840a
:10881400023900004b0000f60172000071b301c080
:1088240001720000107f000095b401940e0000c591
:108834004e0000a671b301c00172000071b301c201
:10884400017200001e720000a338018000203084f1
:1088540093380184002021848a21008a820200b690
:10886400c73a0180002000ff100400000a10028ea5
:10887400a1703d8225e04182864002848600008406
:108884000a01008a420100ba8a01008a020200b881
:10889400660102860a10008a220100b209001088cb
:1088a400e33a018000040183030000806a0000ae03
:1088b400e33a018000042086ff0300800372017202
:1088c400e33a018400043186070000806affffaeaa
:1088d400e33a01800004008606300080810104bf71
:1088e400102e0000061000847200008e7a00008ea4
:1088f40016000286021000805200008e000600005e
:10890400cafdffae1e720000a33a01841b0021fcc5
:108914000e0020c50e0100a60e0000c5ee0000a644
:1089240009003088e33a01900004438371b301c025
:1089340003000080bf0010fd037201720e0100c528
:108944004a0300a600c020839f0472f8010700a810
:10895400260000a6324200001d0700c1cd2200c23d
:10896400720032e95324000000c05082fa0150c959
:10897400536a0000001805828000c5a40538000071
:10898400260000a61d0700c3933701888b0422fc30
:108994002a0022e90e0020c5aa0200a60e0200c584
:1089a4006e0200a6660100862a0200ae00c00083a3
:1089b4001f0470f8010700a8260000a6304200003a
:1089c4001d0700c1cd2200c0720020e9522400001e
:1089d40000c05082fa0150c9526a00000018058292
:1089e4000000c4a404380000260000a61d0700c32c
:1089f400a338018000203084933801880020228429
:108a04008a21008a820200b6c73a0180002000ff52
:108a1400100400000a10028ea1703d8225e04182fc
:108a240086400284860000840a20008a420100b63f
:108a34000a30008a820200b4660102860a10008aa3
:108a4400820100b209005088e33a018000040583e2
:108a540085b401a7aaf6ffaee33a018c000423868d
:108a6400f10f00800500408091b4019571b301c2fb
:108a7400eaf5ffaee33a01880004328613100000e1
:108a84009db401942affffaee33a019000040486ea
:108a940006300080810104bf102e000006100084ff
:108aa4007200008e7a00008e16000286021000808a
:108ab4005200008e0006207f99b401940e0000c578
:108ac4004af3ffa62afdffae1e72f81ff91f802687
:108ad4000800908202001086a33a01a00b000080d7
:108ae4000824f8ed8a0100a64272fed41b0018fc8b
:108af4000e0010c50e0100a60e0090c52e0100a6a2
:108b040009002088e33a018c0004328371b301c068
:108b140003000080bf0080fd802e9f1d8f1d037207
:108b2400017200000e0190c54a0300a600c0008334
:108b34001f0470f8010700a8260000a630420000b8
:108b44001d0700c1cd2200c2720010e951240000ab
:108b540000c02082fa0120c9216a000000180282a4
:108b64000000c1a401380000260000a61d0700c3b0
:108b7400933701808b0400fc2a0000e90e0000c535
:108b8400aa0200a60e0290c56e0200a66601108617
:108b94002a0200ae00c000831f0470f8010700a879
:108ba400260000a6304200001d0700c1cd2200c0ef
:108bb400720010e95124000000c02082fa0120c98b
:108bc400216a0000001802820000c1a401380000dc
:108bd400260000a61d0700c3a338018800203284a4
:108be4009338018c002023848a21008a820200b6f3
:108bf400c73a0180002000ff100400000a10028e12
:108c0400a1703d8225e00182860002848680008472
:108c14000a20008a420100b60a30008a820200b4a7
:108c2400660102860a10008a820100b209002088c7
:108c3400e33a018c0004328385b401a76af6ffaedf
:108c4400e33a018000042086f10f008005001080c3
:108c540095b4019471b301c2aaf5ffaee33a018061
:108c6400000430861110000095b401942affffae71
:108c7400e33a01880004028606300080810104bfc3
:108c8400102e0000061000847200008e7a00008e00
:108c940016000286021000805200008e0006107f2b
:108ca40095b401940e0000c50af3ffa62afdffae99
:108cb400ff030084f63f00c5660000ae01801f80fc
:108cc4008500108048e010820800018201720000d3
:108cd400f63f00c5220000ae017200008f00019033
:108ce4009300018809003488000162e511801f8027
:108cf4008500508048f5468361ff3fb808e0328222
:108d0400080031bd8afeffa6081c218301000398d8
:108d1400310000ca0d0030ca0100039c01801f808d
:108d24008500008051000394190003c31d0003c390
:108d340007c0008c002003ff3f04e0f80e0000c5cc
:108d44008effffa6150003c1190003c101801f8017
:108d54008500108001000398210000ca0d0030ca6c
:108d64000100039c550003940180e08075e30780b3
:108d74000261016191010394190003c31d0003c33f
:108d8400002003ff3f04e0f80e0000c58effffa69d
:108d9400150003c1190003c1021010c10100208095
:108da40085000080103d00004efdffa6017200000a
:108db400f81ff91ffa1f0000f63f00c5861000ae29
:108dc400f63f20c5461000ae800080e1120038e175
:108dd400064030c5c60f00ae02390000aa0200a644
:108de400120051e50300008c42030000080033b375
:108df400c8a035e1a1ff4fb88f00019493000198fa
:108e0400a503000009009488767b000011801f8070
:108e1400850040804a61000008f5a78341ff9fb8a0
:108e240002390000ea0600a606611176030000a4d8
:108e34008a0000ae0300008ceafdffae210020b8da
:108e4400ca0000ae08a041820865f0ed6affffa6e3
:108e5400ffff04fd070000a40affffae0e0090c54b
:108e64000a0500a601000398310000ca0d0030caab
:108e74000100039c01801f80850000805100039441
:108e8400190003c31d0003c307c00084002001ffb1
:108e94003f04e0f80e0000c58effffa6150003c1d5
:108ea400190003c101801f80850020800100039800
:108eb400210000ca0d0030ca0100039c590003942c
:108ec4000180e08075e307800661026191010394eb
:108ed400190003c31d0003c3002001ff3f04e0f891
:108ee4000e0000c58effffa6150003c1190003c1c3
:108ef400021020c10100208085000080203d000078
:108f04004efdffa68f2001841565000011801f808f
:108f1400850000800561000008f4578361ff1fb8d5
:108f240008e20682080003bd2a0500a6081e638322
:108f340001000398310000ca0d0030ca0100039cef
:108f440001801f808500008051000394190003c331
:108f54001d0003c307c00084002001ff3f04e0f8a4
:108f64000e0000c58effffa6150003c1190003c142
:108f740001801f808500208001000398210000ca21
:108f84000d0030ca0100039c590003940180e08065
:108f940075e307800661026191010394190003c31c
:108fa4001d0003c3002001ff3f04e0f80e0000c5cc
:108fb4008effffa6150003c1190003c1021020c1d2
:108fc4000100208085000080203d00004efdffa6aa
:108fd400af1d9f1d8f1d017202390000ca0200a639
:108fe400120050e503000090620300006a0100ae25
:108ff400400070e511801f808500308035610000dd
:10900400c8e037820800738208145783080044b309
:10901400080143e1210060b80a0100ae120031e109
:1090240030653561f63f30c522feffaeff03009c7c
:10903400080037828afeffae030000901261000030
:10904400ff030080f63f10c5660000ae01801f805c
:109054008500008008e00182080004bd1fc010f8ec
:1090640001720000f81ff91ffa1ffb1f002051ffb7
:109074005061000008203582de0230c52a0100a6b6
:10908400be0230c56a0100a6120045e1030000a437
:109094000300009c08006782080087820900a088fa
:1090a4002a0200ae220045e11b0035fc070000a4a3
:1090b400eafeffae220045e11b0035fc6afeffae6e
:1090c4000e0070c5ee0000a61a0088e0aa0000aeeb
:1090d400eeff3fc54e0200a60e0070c50e0200a6ac
:1090e4000700009c086034820a0333e49e0030c504
:1090f400e6feffae1a0066e08e0060c506feffae17
:109104000e0070c52a0000a61a0088e4880225a46f
:109114005a615561337f00004001a3e12afeffae8e
:109124000e0060c56a0500a61210aaf52a043b04c5
:109134000e20008e660102860a10008ac20300b067
:10914400feff8fc5260200a8fbffff8fc80038e48e
:10915400df0073f81a0033e02a0058e00700009893
:109164000e0050c58b8133f6a1703d8225e011823b
:109174000610008481ff3fb8fbffff8fc80038e46e
:10918400ee0333edc80088e12a0088e00e0080c5b4
:10919400ca0000a80e0080c5ee0000a806000286e2
:1091a40006100084a1ff8fb86a0000aed1cccc8237
:1091b400c5e11182061000840e0090c52a0000a6a5
:1091c4000600008800040286406500001a0414e5c5
:1091d4000700009808000682bf1daf1d9f1d8f1d4c
:1091e40001720000f81ff91ffa1f00000800a08296
:1091f40001000082a5011282061000846200008e24
:109204006a00008e5200008e08060838aa0200a6e2
:10921400a33a01a41b0009fc0e0000c58a0100ae9c
:1092240002defdd42b0019fc2a0001e90e0000c562
:109234008e0100a60100808245020282028100d4d0
:10924400210080b8ea0000ae1b0019fc0e0010c516
:109254008e0000a60e00a0c52efeffa6e224fed4ba
:109264008afeffaeaf1d9f1d8f1d0172f81f0038cf
:109274008a0000a68002000016000086027f00d447
:10928400a1ff8fb88f1d0172f81f80030039000001
:109294006a0000ae16000086e27c00d41876083915
:1092a4006a0200a69839000042ffffae360680c568
:1092b400e20000ae763e80c5260100ae0100808249
:1092c400c5020282827b00d4460288e57afeffaea4
:1092d40006000086027b00d4a8760000fafdffaeeb
:1092e40016000086c27b00d4823e80c57afdffaea4
:1092f4008f1d017280260000861002840200028401
:109304000a101088660100868a00008a220000b9cb
:109314004a0000ae02800086802e01720210008690
:1093240082d1fbd46affffae1e72802600203084f7
:10933400660100868a01008a220000b0823100841e
:1093440011002084660102860a11008a220000b0fe
:109354000221008421001084660108868a40008a64
:10936400220000b0821000840a001088660108867a
:109374000a40008a220000b95a0100ae1600008695
:109384000a80008486010684000430860601048471
:109394001100208686000284210010860280008647
:1093a400802e03720172e00942cdfbd4e00d00006f
:1093b400002030841100208421001084eafdffaed7
:1093c400090020889169678295e203824a0000ae11
:1093d4004274c239aa0100a6800031e1002023842e
:1093e400660102860a11008a22ffffb0800030e184
:1093f400002013848a200284021002888a00008ad2
:1094040062feffb4021000862afeffae0172000065
:10941400170000808192039c319b0398110000cabd
:109424000d0060ca319b039c057001a70d7001c338
:10943400111b008005000080917001940170019857
:10944400010000ca0d0030ca0170019c017001c303
:10945400057001c3b50900c0b90900c0f50b00c20d
:10946400f90b00c041100098310000ca0d0460ca15
:109474004110009c51100098310000ca0d0020ca10
:109484005110009c1d7001c301720000190214d414
:109494009e0610c5ca0000a609020498080012bd61
:1094a400ae0000a6f90b00c2090214ab8affffae9e
:1094b400030000840affffaef90b00c019020498f0
:1094c400d331018c881c30831502049cf90b00c233
:1094d4000172000025020498390214ab4a0100a667
:1094e400017f00007733018808e002821a0011e04e
:1094f4001ef81fc54a0000a62502049c0172000044
:10950400030000848affffaeff03008001720000a5
:10951400310204982102049c017200003102049873
:1095240025020498080001bd620000aa1a0011e493
:10953400480000e40172000003feff8b480012e1c2
:109544006affffae3502049821020498080010bd9a
:10955400220000aafe0311e4480000e401720000a6
:109564001502049801020498080010bd220000aa04
:109574009e0211e0480000e401720000617001984d
:109584001a0000e90e0000c54a0200a6d570019039
:10959400017f0000160200c54a0400a6160200c599
:1095a400c20000aef60300c50a0100a6e60700c526
:1095b400ce0300a60b000080aa0000ae860100c501
:1095c4004e0300a6828bffd44a0000ae0700008041
:1095d40082a5fed4617001981f0450f80e0000c5e6
:1095e400ca0d00a6f10b00982f0020f80e0000c54c
:1095f4004a0d00a601020498190204abca0c00a685
:10960400107f0000d331018848e012821571019463
:109614001a0000e09e0600c5aa0b00a60102049ce5
:1096240001720000230000802afdffae0e0010c569
:109634004a0100a8390204d41ef80fc54a0a00a63c
:10964400290204ab6afcffa6390204987733018c23
:10965400881c31833102049ccafbffae420800c55a
:10966400c60100c566fbffae002d0000000000002f
:10967400020000d68a0300aeaa0300aeaafaffae27
:109684008afaffae6afaffae4afaffae2afaffaed2
:109694000afaffaeeaf9ffaecaf9ffaeaaf9ffaec5
:1096a4008af9ffae0a0300ae4a0300ae6a0300aeb5
:1096b4008a0300aeaa0300aeca0300aeea0300aefa
:1096c4000a0400ae6af8ffae0a0400ae4a0400ae13
:1096d4006a0400ae8a0400aeaa0400aeca0400ae56
:1096e4008af7ffaeca0400ae830000800af7ffae1b
:1096f400a33a01800a2200e90e0000c5aaf6ffa6db
:10970400030100804af6ffae07000080c2a4fed425
:109714000af6ffae0b0000808affffae1300008044
:109724004affffae230000800affffae4300008023
:10973400cafeffae830000808afeffae03010080f4
:109744004afeffae03feff830afeffae0700008061
:10975400e2a4fed4eaf3ffae0b0000808affffae62
:10976400130000804affffae230000800affffae13
:1097740043000080cafeffae830000808afeffae75
:10978400030100804afeffae030000808af5ffaead
:10979400030000802af4ffaef90b00c00172000040
:1097a400091003c307c40084002001ff2f0460f8dc
:1097b4000e0000c58affffa621180398210000cae5
:1097c4000d0030ca2118039c211803c38960008846
:1097d400411803cc050810cd19000088411803ccaa
:1097e40005181bcd49000088411803cc350005cd70
:1097f40029000088411803cc050002cd391803c3a1
:109804000fc60084002001ff2f0460f80e0000c57d
:109814008effffa6311803c3002001ff0f0440f898
:109824000e0000c58effffa611180398110000ca90
:109834000d0030ca1118039c2d1803c30bc60088f1
:10984400002002ff3f04e0f80e0000c58effffa6d3
:109854001d1803c3002001ff3f04e0f80e0000c5fb
:109864008affffa6a1110398210000ca0d0030ca87
:10987400a111039ca11103c391110398510000cac3
:109884000d0030ca9111039cad1103c36bc4008455
:10989400002001ff3f04e0f80e0000c58effffa684
:1098a4006fc40084002001ff3f04e0f80e0000c5ef
:1098b4008affffa601720000080023a42384028a01
:1098c4002361000000202283117902392a0000a6b6
:1098d400402422e9202400006384028a02610000fb
:1098e40000200083402400e901720000080023a442
:1098f4002384028a236100000020228302390000ad
:109904004a0000a631790000c02422e92024000086
:109914006384028a0261000000200083402400eb7b
:109924000172000020240000e383028a2061000009
:1099340000200283402400eb017200002024000078
:10994400e383028a20610000002002831179000071
:10995400402400e901720000080022a4e382028e80
:10996400326100000020338341790000002533e98f
:10997400a383028e3261000000203383402433eb42
:109984006383028e3261000000203383402433eb72
:109994002383028621610000002012830180088055
:1099a40005002080802411eb003900006a0000a625
:1099b400303900006a0000a601720000250c00c2c4
:1099c40001720000210c00c3017200002024000079
:1099d400a383028e306100000020238311790000ec
:1099e400402422e96383028a20610000002002836c
:1099f400402400e9017200000900008811e001948c
:109a040051e00194a5e001a685e001ae05e001c0a6
:109a14000de001c101e00198010000ca0d0450ca23
:109a240001e0019c610900c0a10b00c0010f009876
:109a3400410000ca0d0020ca010f009c1de001c3b3
:109a4400017200000900008811b0019405b001986a
:109a5400110000ca0d0031ca05b0019c01b001c15a
:109a640005b001c105b001982b0471f805b0019c43
:109a740015b001980b0021f815b0019c11b10194a7
:109a840065b101a645b101ae650900c0a50b00c2d0
:109a9400010f0098510000ca0d0460ca010f009c18
:109aa4001db001c1017200000900008811b30194c6
:109ab40005b30198910000ca0d0031ca05b3019c99
:109ac40001b301c105b301c103ffff870db311eb5e
:109ad40015b301980b0021f815b3019c11b401943e
:109ae400f10f00800500108055b4019491b40194e5
:109af40071b301c041990398210000ca0d0060cae6
:109b04004199039c1db301c301720000090110882f
:109b14002900008802edffd400c000831f0470f800
:109b2400010700a8260000a6304200001d0700c15e
:109b3400c12200c1720010e95124000000c020823b
:109b4400fa0120c9216a0000001802820000c1a4a1
:109b540001380000260000a61d0700c301720000a2
:109b6400d1220090000020a40e0000e90172000040
:109b740000c000831f0470f8010700a8260000a697
:109b8400304200001d0700c1c12200c1720010e96b
:109b94005124000000c02082fa0120c9216a00007b
:109ba400001802820000c1a401380000260000a6ab
:109bb4001d0700c301720000a33a01841b0021fcad
:109bc4000e0020c5ce0200a60e0000e90e0000c55e
:109bd4008a0200a600c000831f0470f8010700a8d1
:109be400260000a6304200001d0700c1c12200c3a8
:109bf400720020e95224000000c03082fa0130c90a
:109c0400326a0000001803820000c2a40238000077
:109c1400260000a61d0700c303000080bf0010fd3e
:109c24000172000000c000831f0470f8010700a83f
:109c3400260000a6304200001d0700c1c12200c159
:109c44006afdffaef81ff91f08009082a33a01a035
:109c54000b0000800824f8ed4a0300a6a2e6fdd418
:109c64001b0018fc0e0010c5ce0200a60e0099e9d8
:109c74000e0090c5aa0200a600c000831f0470f85d
:109c8400010700a8260000a6304200001d0700c1fd
:109c9400c12200c3720010e95124000000c02082d8
:109ca400fa0120c9216a0000001802820000c1a440
:109cb40001380000260000a61d0700c30300008031
:109cc400bf0080fd9f1d8f1d0172000000c0008336
:109cd4001f0470f8010700a8260000a63042000007
:0c9ce4001d0700c1c12200c14afdffaef7
:020000040000fa
:0200000400807a
:109cf000904e00002c00000000000000104000000a
:109d00000600000000000000604d0000840000001c
:109d100000000000184000000400000000000000e7
:109d2000404e00005000000000000000804b00008a
:109d3000f4000000000000000040000010000000df
:109d400000000000e44d00005c0000000000000086
:109d5000244800005c030000000000001c400000dc
:109d60000400000000000000164000000200000097
:109d700000000000744c0000ea0000000000000039
:109d8000204000000400000000000000244000000b
:109d9000000800000000000000f88100000800003a
:109da00000000000bc4e0000200000000400000085
:109db0006937ac3168212233b40f14336821a233e0
:109dc0003863ed3eda0f493f5e987b3fda0fc93fbb
:109dd000dc4e000004000000040000000100000050
:109de000e04e000004000000000000000000000041
:020000040000fa
:0200000400807a
:109df000f81f0000e2b0ffd442effed4e293fcd49f
:109e0000a22bfed4c1e90480050000802f7200005f
:109e1000090c00881d0700c3a33a01a093370180f5
:109e20008b0400fc0a0100e903000084080001bd66
:109e300022c000f11f0010f8080480830820088267
:109e400081ea0480050010804f720000090c108820
:109e500008048083930100807f0080fd939101803e
:109e6000470080fc01e90480050000802f7200009b
:109e7000090c0088030000804101049c3101049c0e
:109e80002101049c1101049c0101049c22b4ffd413
:109e90008290fbd48248ffd4a2e3ffd482effed4a9
:109ea000e20000d422e8fdd42287fcd46222fed452
:109eb0002291fbd442fefcd422c3fdd4eafbffaec8
:109ec000890010880900008822d1ffd489001088f9
:109ed0000900008882d2ffd46d0104a79337018066
:109ee0008b0400fc0e0000c54a0000a8230000807f
:109ef0006101049c017200006d0104a79337018485
:109f00008b0411fc0e0010c54a0000a82300008439
:109f10006501049c0e0000c52a0000a66d0104c462
:109f200001720000112000908a0000e9690104f12b
:109f300001720000112000908a0000e96501049878
:109f4000080001bdca0100a64d0104a7433a0180e3
:109f5000733a01840020118300040183533a018085
:109f6000833a01840020118300040183633a018055
:109f7000933a01840020118300040183390104c352
:049f8000017200006a
:020000040000fa
:0200000400807a
:109f84005b4d53473a00526573657420746f2063c8
:109f94006f6e74696e756500272448277c272458e2
:109fa4002720746f20756e6c6f636b00436175744a
:109fb400696f6e3a20556e6c6f636b656400456e15
:109fc40061626c65640044697361626c656400007d
:109fd400436865636b20446f6f7200004368656378
:109fe4006b204c696d6974730000000050676d202c
:109ff400456e6400526573746f72696e67206465a0
:10a004006661756c74730000526573746f72696e67
:10a0140067207370696e646c6500536c6565706964
:04a024006e67000063
:020000040000fa
:0200000400807a
:10a02800f81ff91ffa1f900331000184000400860d
:10a038008b0000fc204200008f0090fd420381e16c
:10a04800933701808b0400fc0a0200e90e0000c56a
:10a058004e0100a619030803e20dffd4a33a01a09c
:10a068000820a8820e00a0c54a0100a6030000a887
:10a0780008000a82af1d9f1d8f1d01720803000092
:10a08800024efed43f0000a80e0000c52afeffa61f
:10a09800eafeffae22ddfdd4003900006afeffa60d
:10a0a8000d0680886281fcd4624dfcd40afeffaea6
:020000040000fa
:0200000400807a
:10a0b8001002000024020000380200004c020000d8
:10a0c800503600007436000098360000bc36000098
:10a0d800583600007c360000a0360000c436000068
:10a0e80054360000783600009c360000c036000068
:10a0f800483600006c36000090360000b436000088
:10a108004036000064360000000000000000000037
:10a11800080200001c020000300200004402000097
:020000040000fa
:0200000400807a
:10a1280049646c650000000052756e00486f6c64ed
:10a138003a004a6f6700486f6d650000416c6172b4
:10a148006d00436865636b00446f6f723a00536c2f
:10a15800656570007c4d506f733a00007c57506ff6
:10a16800733a00007c42663a000000007c46533a8d
:10a17800000000007c506e3a000000007c57434ffe
:0ca188003a007c4f763a00007c413a001f
:020000040000fa
:0200000400807a
:10a1940000007a4300007a4300007a430000fa4347
:10a1a4000000fa430000fa4300a00c4700a00c474b
:10a1b40000a00c47000048c3000048c3000048c387
:10a1c4000a000019010000000ad7233c6f12033b68
:10a1d40000007a4400000000000000000000c841b4
:0ca1e4000000fa43fa0000000000803f79
:020000040000fa
:0200000400807a
:10a1f0005b484c503a24242024232024472024491f
:10a2000020244e2024783d76616c20244e783d6ccd
:10a21000696e6520244a3d6c696e652024534c505c
:10a22000202443202458202448207e2021203f2021
:0ca230006374726c2d785d0d0a00000054
:020000040000fa
:0200000400807a
:10a23c005600048e200631060124f480050020808f
:10a24c00090030880120bc80e54310800010019784
:10a25c004268fbd40a2dfbae5600048e2006310654
:10a26c0089e22188090030880120bc80e5431080f8
:0ca27c00001001972267fbd4ea2bfbae18
:020000040000fa
:0200000400807a
:10a288000d0a4772626c20312e3168205b27242723
:10a2980020666f722068656c705d0d0a0000000012
:020000040000fa
:0200000400807a
:10a2a8005b47433a470033382e0020470000000040
:10a2b800204d0000205400002046000020530000dc
:020000040000fa
:0200000400807a
:10a2c8005b5645523a312e31682e323031393038aa
:0ca2d80033303a005b4f50543a00000055
:020000040000fa
:0200000400807a
:10a2e4005b47000032380000333000005b473932ee
:08a2f4003a005b544c4f3a00a4
:020000040000fa
:0200000400807a
:10a2fc006f6b0d0a000000006572726f723a0000fd
:04a30c000d0a000036
:020000040000fa
:0200000400807a
:08a31000414c41524d3a00009e
:020000040000fa
:0200000400807a
:08a318005b5052423a000000c4
:020000040000fa
:0200000400807a
:08a320005b6563686f3a2000e1
:020000040000fa
:0200000400807a
:04a32800244e0000bf
:00000001FF
